FC3,FCz,FC4,C5,C3,C1,Cz,C2,C4,C6,CP3,CPz,CP4
57411.924,28676.3459,54455.1462,42988.7474,37153.4228,39894.4169,5737.2898,50255.7904,43605.4766,55838.6296,1191.7055,-306.9341,26649.2665
57430.2971,28682.4703,54454.2074,42999.1633,37173.5841,39895.3557,5740.9108,50275.2364,43619.0218,55845.6033,1205.0718,-298.3958,26651.457
57426.4526,28684.1244,54448.6642,42997.4198,37169.7843,39892.0923,5737.3792,50263.7029,43610.0811,55840.6413,1202.8366,-302.6873,26649.043
57408.3477,28678.3129,54448.3066,42981.2372,37147.522,39884.0457,5737.7815,50240.4571,43592.3785,55838.6743,1186.0281,-315.6513,26646.5396
57404.7714,28678.4023,54448.843,42984.3664,37142.7387,39892.897,5742.3413,50240.5912,43594.1219,55845.8269,1183.9271,-313.1926,26650.697
57426.542,28688.6841,54449.1559,43000.102,37169.6502,39904.6987,5745.9623,50266.5639,43612.2268,55852.5324,1209.1845,-296.25,26658.4307
57442.0542,28688.6841,54447.1443,43007.4334,37193.343,39906.621,5747.7057,50278.8126,43625.325,55858.0309,1226.1271,-286.4599,26662.5434
57433.0688,28679.207,54443.3892,43001.9796,37188.6492,39903.4917,5744.6659,50277.1586,43617.2783,55852.0406,1216.8735,-295.9818,26659.7271
57414.0698,28666.9582,54438.74,42986.3781,37158.832,39892.9864,5739.1226,50253.2423,43605.2084,55844.9775,1194.1642,-312.2985,26652.7086
57412.1922,28664.9466,54446.1161,42980.3431,37142.247,39895.5792,5737.8262,50235.8973,43600.6933,55843.1894,1184.9105,-316.3666,26650.3394
57431.1465,28676.9271,54450.5417,42987.7192,37155.8815,39899.1108,5743.8612,50262.0488,43614.462,55853.8735,1197.2934,-301.2568,26655.0779
57441.7859,28679.8328,54446.6525,42996.4364,37175.2828,39902.0165,5746.9457,50282.8807,43631.3152,55856.9133,1204.6695,-290.7068,26656.732
57429.3137,28674.8707,54445.8032,42996.8387,37171.0807,39898.9767,5744.1294,50276.7116,43622.0616,55853.2029,1196.757,-301.6144,26649.2665
57404.682,28666.243,54444.5962,42980.7007,37146.8067,39890.036,5738.2286,50255.1645,43604.0908,55841.9377,1176.3722,-318.8699,26639.834
57397.753,28665.6618,54439.4106,42972.4753,37130.8029,39881.4976,5731.5677,50244.391,43593.2279,55835.411,1163.9893,-327.4977,26635.6319
57414.1145,28670.0875,54435.9237,42982.0865,37158.0273,39884.1351,5730.6737,50272.0624,43598.9499,55841.5353,1178.7862,-319.9875,26639.2082
57434.0969,28677.5529,54440.9305,42996.9728,37178.725,39898.8426,5734.2947,50304.1148,43619.3794,55852.4877,1199.6627,-305.2354,26648.3724
57432.7558,28678.5811,54439.3659,42998.5821,37173.4947,39896.3392,5736.0381,50300.6279,43620.3182,55846.6315,1194.2983,-304.5648,26646.3161
57410.4935,28670.5345,54436.7731,42991.8319,37147.6561,39890.8406,5733.6241,50275.7281,43617.2336,55841.4459,1180.8872,-314.8019,26645.869
57391.8074,28666.6006,54440.2599,42984.9923,37134.6474,39896.3839,5734.6523,50271.1236,43616.6078,55842.1165,1179.4567,-317.7077,26650.7417
57410.3594,28673.9767,54445.1773,42993.933,37160.7095,39902.1506,5738.0497,50293.7883,43633.1481,55850.3419,1196.6676,-304.9672,26658.8777
57429.716,28671.8756,54442.7186,43003.723,37182.4801,39909.8843,5738.9438,50309.1216,43639.0489,55853.3818,1208.7375,-291.7349,26663.214
57428.5984,28668.7911,54437.5777,43004.5724,37177.2498,39909.2138,5738.8097,50313.279,43640.0324,55858.5674,1206.0106,-297.7699,26660.9341
57403.1174,28666.4218,54437.3989,42982.8912,37144.5268,39898.5296,5732.9535,50288.4686,43627.0684,55846.2292,1181.5578,-318.8252,26650.2947
57393.2827,28664.5442,54434.6273,42978.9126,37132.6804,39894.3275,5728.9302,50267.6368,43615.5796,55834.7404,1169.7561,-329.1965,26641.1752
57415.0085,28675.2284,54438.4271,42994.6035,37160.8883,39900.7201,5734.0264,50291.5978,43629.84,55843.9493,1192.1525,-312.2091,26646.0925
57427.7937,28678.8046,54438.9188,42999.4315,37178.0992,39903.9388,5731.9254,50313.4578,43638.1996,55845.5586,1200.7803,-307.7388,26644.0362
57427.7043,28677.4635,54440.394,42997.9116,37168.9349,39907.9621,5731.836,50310.3733,43631.807,55844.6199,1190.7667,-316.8583,26640.8175
57416.1708,28671.8309,54446.5631,42990.8484,37148.416,39899.0214,5729.6902,50284.2218,43616.2502,55835.9027,1170.6054,-330.4929,26634.9167
57413.6227,28671.8756,54454.9674,42984.7687,37139.2518,39895.5792,5734.1605,50279.9749,43612.7633,55832.3264,1162.2906,-328.4812,26633.0391
57433.9181,28678.1341,54457.2473,42995.8999,37160.7095,39909.3926,5741.0896,50302.5502,43636.0985,55843.5023,1183.1671,-309.9293,26638.2694
57449.162,28681.2186,54458.2307,43008.9086,37181.6307,39921.0155,5744.7106,50337.8212,43653.667,55854.4993,1201.9873,-292.8525,26648.8642
57440.1766,28682.4703,54459.0354,43010.6968,37179.6191,39919.2274,5748.3763,50336.7484,43657.3327,55861.1155,1206.3235,-289.0527,26658.0731
57418.853,28675.8095,54454.3862,43003.9018,37156.9991,39909.9737,5746.454,50307.7358,43646.1568,55855.2593,1196.444,-302.6426,26660.3976
57411.0746,28671.5627,54451.3464,42997.3304,37146.2703,39909.7502,5744.8,50294.9059,43644.6816,55846.7656,1194.0747,-306.4871,26662.5881
57427.3914,28671.6074,54446.9655,43005.7794,37166.6551,39914.9805,5742.1178,50310.3286,43657.1538,55852.0406,1212.582,-288.5163,26666.9244
57440.0872,28674.1108,54443.5233,43010.7415,37184.5365,39910.9572,5735.2781,50337.6871,43663.3229,55854.9017,1224.2496,-287.4881,26662.8563
57436.1086,28673.2614,54441.7799,43005.8241,37180.7367,39903.4023,5732.283,50334.7367,43650.9848,55851.9512,1212.0456,-297.2335,26656.1955
57413.891,28667.6735,54438.74,42995.1847,37154.2275,39898.3508,5729.5114,50311.4015,43628.5436,55835.0086,1191.5714,-313.5502,26647.7019
57401.9104,28670.4004,54444.1044,42989.5967,37142.9175,39900.0496,5728.9749,50306.3053,43629.1695,55834.7851,1181.9601,-319.317,26645.2432
57417.6461,28671.1156,54444.5068,42991.4743,37160.8883,39903.8941,5730.0031,50316.7659,43641.6864,55846.5421,1190.3197,-308.9905,26644.0809
57439.9084,28675.6307,54447.0996,42999.0739,37185.7882,39907.828,5734.9205,50345.8232,43647.5426,55854.5887,1202.3449,-304.8331,26647.076
57434.2757,28679.6987,54442.9421,42989.3285,37180.5578,39901.9271,5730.8078,50344.795,43638.9148,55853.7394,1192.0631,-314.7125,26640.7728
57411.7005,28667.6288,54439.3659,42975.0681,37143.7669,39886.9067,5724.4599,50315.3801,43625.5932,55841.2671,1166.5821,-331.4316,26632.4133
57404.2797,28662.4879,54444.7303,42974.0399,37129.9982,39891.0642,5724.147,50304.0254,43621.7487,55836.9309,1158.1331,-334.9185,26631.251
57424.0386,28671.9203,54445.1773,42983.7853,37151.8582,39896.965,5728.3044,50327.8971,43631.6729,55843.0105,1174.9417,-320.5687,26633.0391
57447.1056,28677.7318,54441.2881,42995.7211,37172.9136,39902.8212,5727.9021,50344.8397,43649.9119,55850.3419,1184.687,-311.9856,26638.4035
57439.2378,28675.2731,54438.8294,42992.2789,37167.7727,39902.0612,5727.008,50338.0448,43641.15,55842.4294,1177.0874,-319.317,26640.5493
57413.7568,28670.6239,54438.6506,42980.969,37142.4258,39896.0263,5727.2315,50320.0293,43623.8497,55836.7074,1163.5423,-332.1022,26637.8671
57399.1835,28661.9067,54440.7517,42971.5812,37128.4336,39892.7629,5722.8059,50309.971,43618.2618,55837.512,1155.6745,-338.1371,26635.3637
57409.8229,28665.4383,54439.4106,42984.5899,37145.1974,39898.3508,5721.1965,50330.2217,43633.9527,55840.9095,1167.9232,-326.0225,26639.1635
57428.4196,28666.6453,54433.018,42986.1099,37162.7212,39903.9388,5719.1849,50341.934,43646.425,55841.8483,1176.3275,-324.9049,26635.9448
57424.0386,28658.4646,54430.7381,42983.1147,37157.9379,39896.2945,5713.5969,50334.0662,43637.8866,55835.0533,1171.6783,-331.1634,26629.0158
57403.2068,28646.5734,54430.8722,42977.348,37136.2567,39891.8241,5715.8321,50320.6551,43623.7156,55831.3429,1159.7872,-339.4336,26626.7359
57395.8755,28645.3664,54431.0957,42974.5317,37123.248,39889.1419,5716.5027,50313.5026,43621.5699,55830.3595,1156.4344,-344.038,26626.7359
57412.5946,28653.9942,54432.7945,42985.6181,37144.6162,39896.1157,5717.8885,50337.3742,43634.9809,55834.4275,1172.5277,-329.5094,26630.044
57427.3914,28659.8057,54435.9237,42995.8552,37163.347,39902.0165,5719.0061,50357.4014,43653.667,55842.6529,1194.343,-312.1197,26634.1567
57423.0999,28664.6783,54440.7517,42997.7328,37169.0243,39911.6725,5725.801,50359.5024,43650.5824,55848.062,1198.5451,-310.5104,26637.2412
57410.0465,28660.3421,54441.7351,42993.2177,37154.8086,39909.7949,5729.4667,50346.1361,43637.8866,55843.0552,1187.1904,-320.9263,26637.5095
57397.7977,28651.0885,54437.9801,42991.0272,37144.7504,39906.4422,5727.5891,50331.6075,43636.9032,55837.7802,1179.3673,-325.4861,26638.4482
57411.164,28656.6317,54439.187,42999.5209,37159.5919,39912.9689,5727.0974,50344.6162,43649.8672,55844.9328,1190.8561,-316.456,26644.5726
57428.7325,28665.7959,54438.293,43005.3324,37180.5578,39912.1642,5725.9798,50364.4198,43652.3706,55848.6432,1203.9542,-308.8564,26646.0478
57429.716,28664.6783,54441.1987,43002.9184,37176.7133,39913.2371,5728.3044,50372.7347,43651.0742,55850.5207,1201.6296,-307.7835,26644.5726
57412.5499,28654.4412,54439.187,42991.3849,37150.5618,39904.0729,5723.5211,50346.7172,43641.4182,55842.34,1182.4518,-320.1663,26639.0294
57399.2729,28649.345,54438.6953,42985.4393,37136.0779,39901.793,5721.7777,50328.4335,43637.3055,55844.3516,1172.9747,-329.9117,26635.0061
57415.992,28655.7823,54438.74,42992.8601,37149.623,39903.0447,5720.7495,50342.9621,43643.0722,55844.3069,1179.4567,-323.7426,26632.8156
57438.8802,28664.9913,54438.0248,43001.2196,37172.1983,39905.861,5719.8554,50374.7463,43655.3657,55842.0718,1191.9737,-316.9924,26633.8438
57434.0522,28659.761,54436.0578,42996.8387,37166.3421,39904.5199,5718.559,50371.1253,43651.2977,55840.4624,1189.068,-326.8272,26631.5192
57402.4469,28644.83,54432.1239,42982.8465,37140.5035,39897.7697,5714.8486,50346.449,43634.6233,55833.1311,1167.1633,-343.6357,26624.1878
57393.3274,28644.5171,54429.5758,42976.7668,37124.8573,39889.8572,5713.9546,50330.3558,43623.805,55828.3031,1155.2721,-349.4024,26620.1645
57409.8676,28646.9311,54430.1122,42983.4276,37138.8942,39894.3275,5713.8205,50347.7901,43625.8167,55831.1194,1164.6152,-339.1206,26624.6796
57422.9211,28648.2722,54427.5194,42987.6745,37156.7756,39896.2498,5710.1101,50362.9893,43635.9197,55834.3828,1179.412,-326.6931,26629.9546
57412.4157,28642.0137,54426.1336,42975.8728,37146.8961,39884.3586,5703.6728,50353.3781,43634.5786,55828.7054,1172.7512,-329.7776,26626.0207
57395.5625,28638.9291,54427.5641,42970.5977,37126.0643,39877.6978,5702.287,50329.1041,43621.704,55822.8046,1160.1448,-344.5297,26623.2491
57392.6121,28644.2488,54431.5875,42978.8679,37123.248,39878.8154,5710.6912,50315.246,43623.805,55832.0135,1161.2177,-345.2003,26629.3734
57415.1874,28648.0486,54436.5048,42997.8222,37150.2936,39890.5277,5718.2014,50339.4753,43643.0275,55842.3847,1184.3294,-322.8486,26637.2859
57427.0338,28651.8037,54434.8955,43004.3936,37171.9748,39895.758,5718.2908,50358.1613,43650.9848,55849.4925,1197.964,-309.661,26639.9235
57420.4177,28656.0059,54428.6817,43003.9018,37163.4811,39892.9417,5714.7592,50366.0738,43643.9663,55845.3351,1190.1855,-311.5833,26634.6484
57395.0708,28650.3732,54425.4184,42994.6929,37141.4423,39886.1021,5712.1217,50350.4723,43635.0256,55833.9357,1172.17,-325.9331,26628.7923
57383.6714,28650.5967,54426.4466,42989.4179,37132.0099,39890.7512,5713.284,50347.2537,43635.3832,55831.6559,1166.9844,-332.4598,26628.2558
57399.6753,28657.034,54428.6817,42997.1516,37155.9262,39903.0447,5715.698,50364.9116,43643.9663,55840.8648,1179.8143,-320.3452,26631.6533
57417.959,28655.0671,54430.4252,43001.7561,37175.6405,39905.2799,5716.7709,50390.4819,43657.7797,55845.8269,1189.9173,-314.1314,26635.1849
57425.2009,28654.5753,54431.0063,43001.3537,37177.6521,39904.3411,5717.7544,50385.0281,43651.7447,55841.7588,1187.5033,-317.35,26634.0226
57407.4984,28653.9495,54433.6885,42989.9096,37156.4627,39892.1818,5714.6251,50357.4908,43631.7623,55838.272,1171.3654,-329.107,26630.7592
57400.2117,28642.7736,54432.258,42982.4889,37142.0681,39889.0972,5712.7923,50334.7814,43625.9061,55834.5169,1159.3401,-336.9302,26625.7972
57410.9405,28639.1973,54428.6817,42986.5569,37154.7639,39898.0379,5707.6514,50354.6298,43636.2326,55833.2205,1169.5772,-325.039,26627.3171
57425.8268,28654.7989,54431.0957,42997.6434,37167.5491,39904.6987,5709.3501,50377.0709,43654.0693,55841.4012,1181.2449,-314.1314,26630.6251
57419.3895,28659.3586,54435.4767,42998.1798,37160.0389,39906.1739,5709.5736,50372.4664,43655.5892,55841.133,1181.6919,-318.11,26630.2228
57406.8278,28655.5588,54438.0248,42986.1546,37131.2052,39900.7201,5705.8185,50352.1711,43630.8682,55831.03,1160.0107,-336.0361,26624.0984
57396.7695,28653.1448,54432.7945,42975.2916,37110.9545,39894.9981,5700.9906,50338.0448,43622.5981,55819.1836,1147.1808,-350.073,26616.0518
57410.7617,28660.4315,54426.4019,42982.3101,37134.6921,39896.7862,5702.1528,50361.8717,43636.5008,55824.7715,1160.726,-336.4384,26619.6281
57428.4643,28671.8309,54429.8887,42998.3139,37164.9116,39908.4091,5704.7904,50391.9125,43650.4483,55830.2253,1185.1788,-321.731,26627.7641
57426.4526,28668.3887,54430.0675,42997.9116,37155.7027,39909.2138,5702.6446,50381.4518,43643.9216,55825.6209,1181.379,-330.4482,26626.6465
57401.8657,28659.3139,54426.0889,42987.6745,37132.0993,39908.4985,5697.0567,50357.1779,43625.9508,55820.6141,1164.034,-343.0545,26621.9079
57395.786,28662.9349,54430.5593,42986.244,37119.0012,39909.7949,5697.1908,50342.0234,43618.6641,55822.0446,1158.0437,-346.3179,26623.8302
57421.6694,28671.4286,54432.1239,42995.9893,37136.659,39915.3382,5700.0518,50365.7609,43624.6097,55822.4022,1174.7628,-330.2693,26626.87
57437.1815,28677.7318,54432.3921,42999.3421,37159.0555,39918.2886,5703.4045,50383.8658,43629.2142,55827.2302,1190.6326,-323.9661,26625.216
57430.8783,28679.7881,54432.4815,42995.9893,37158.3849,39922.4907,5710.2442,50376.6686,43622.151,55824.995,1189.515,-325.2625,26625.663
57414.6509,28666.3771,54432.8839,42985.037,37142.1129,39916.1875,5709.0372,50349.4889,43601.4533,55819.6306,1177.1768,-336.4384,26623.4279
57397.4848,28654.8883,54431.811,42972.52,37132.6357,39906.9786,5702.5105,50331.2051,43590.3668,55810.0194,1164.6599,-343.4122,26620.4327
57408.2136,28662.8008,54433.1074,42980.5219,37162.6765,39907.6939,5707.562,50351.9475,43599.6205,55822.1787,1181.9601,-327.2742,26626.6018
57418.3166,28671.7415,54434.672,42985.7075,37182.2566,39902.7318,5715.1169,50365.5374,43615.222,55831.3876,1192.2419,-317.4394,26631.5639
57407.7666,28672.3226,54429.4417,42983.1594,37174.9252,39896.6074,5716.5921,50346.1361,43601.2745,55829.6442,1187.861,-325.1284,26629.9993
57389.304,28669.1487,54433.465,42968.1391,37155.211,39891.9582,5720.1684,50318.867,43580.845,55823.3857,1173.377,-335.8126,26627.9429
57372.272,28662.2643,54437.7118,42954.1022,37133.6639,39880.8271,5718.872,50297.1858,43564.9753,55819.8988,1165.1516,-341.6687,26627.0936
57383.4926,28669.1934,54437.8459,42962.2829,37151.2324,39877.7872,5724.147,50303.1313,43572.5302,55825.4868,1179.7249,-325.0837,26633.6203
57399.7647,28681.621,54437.6224,42972.6988,37172.3771,39878.5472,5730.6737,50318.8223,43585.4048,55829.4654,1194.9688,-313.3267,26640.4152
57392.7909,28682.1127,54436.3707,42971.9388,37162.1847,39872.1099,5729.3326,50315.4248,43584.1531,55831.9688,1196.3099,-317.2606,26641.801
57369.3663,28677.24,54435.2978,42963.177,37135.0497,39860.3529,5729.4667,50289.7203,43556.7498,55825.0844,1176.6404,-333.3092,26635.6766
57346.3887,28672.9485,54431.9898,42950.8388,37116.4531,39856.5531,5726.7398,50252.3482,43541.3271,55819.6306,1161.5753,-343.591,26629.4628
57354.1671,28679.6987,54425.329,42957.1867,37136.2567,39857.0895,5728.9749,50248.0119,43547.8091,55822.2681,1177.8474,-329.8223,26632.3239
57370.3498,28687.0748,54422.8256,42961.8359,37154.7639,39859.5035,5732.5512,50259.4113,43550.8043,55822.4916,1191.7502,-319.4958,26634.7826
57366.7735,28686.6724,54422.6468,42958.1702,37149.7571,39857.4471,5730.2266,50248.1014,43535.4263,55812.4334,1179.412,-329.867,26629.1052
57345.584,28682.1574,54423.1832,42952.5822,37126.1984,39851.9039,5729.3773,50217.5689,43521.5682,55799.3352,1166.6268,-343.2781,26625.9313
57335.3469,28688.7288,54423.8538,42949.9894,37115.6037,39849.5346,5733.1324,50203.4426,43513.4768,55795.8037,1169.1749,-348.419,26626.0207
57352.4237,28694.8979,54424.3008,42964.4287,37144.5268,39857.626,5734.2499,50217.9265,43515.3991,55804.4314,1183.033,-337.3325,26630.6251
57369.5898,28695.032,54426.983,42972.6094,37165.0457,39856.5084,5732.9088,50228.6553,43520.4059,55801.3022,1194.4324,-326.5142,26632.9497
57365.1642,28696.686,54429.2182,42978.9126,37155.4345,39859.8164,5736.0381,50219.357,43519.0201,55801.2575,1195.3712,-328.2577,26630.7592
57352.5578,28690.1593,54428.5923,42970.5977,37124.5444,39861.0234,5733.1324,50191.462,43511.2864,55796.4295,1180.9766,-341.6687,26625.976
57343.0359,28679.5646,54427.6088,42958.3043,37097.8117,39853.2897,5727.4103,50173.9383,43501.2728,55789.0087,1165.241,-349.0895,26622.9808
57358.9951,28687.0301,54433.465,42974.5317,37123.248,39864.9126,5732.283,50200.4027,43511.4652,55796.1613,1181.7813,-328.3024,26629.1052
57378.2176,28698.5636,54435.2531,42991.9213,37150.4724,39871.6629,5738.005,50212.428,43524.9209,55802.6433,1199.618,-316.7689,26633.6203
57378.5305,28699.86,54437.6671,42991.8319,37145.2421,39873.451,5741.5366,50203.4426,43522.6858,55802.2857,1201.6296,-317.2606,26636.2578
57359.7103,28688.8629,54437.8906,42980.4772,37112.1168,39861.8281,5738.765,50178.9004,43502.8821,55792.4062,1183.4353,-330.2693,26629.6864
57350.4567,28680.4587,54436.0131,42973.6823,37096.2471,39859.5482,5736.3957,50157.8003,43492.3321,55789.9922,1173.6453,-331.6551,26628.6582
57369.8133,28689.2653,54437.8906,42982.0865,37117.9283,39864.4656,5740.3743,50167.6351,43502.8821,55796.2954,1188.5762,-316.3218,26634.7378
57391.9415,28702.3187,54440.3493,42999.7891,37145.6444,39870.8582,5746.3199,50188.2881,43522.1046,55806.4431,1207.7093,-301.7932,26639.9682
57391.1369,28696.999,54442.361,42995.2294,37140.0118,39870.8582,5742.9671,50172.4631,43518.9754,55802.7327,1203.9095,-305.1013,26638.94
57372.4955,28683.9902,54441.7351,42980.7901,37116.5425,39864.6891,5739.1673,50147.742,43504.3573,55798.2624,1190.3644,-315.4278,26638.3588
57361.2303,28676.7483,54437.7118,42968.452,37096.2471,39856.106,5736.6639,50132.1852,43494.6567,55791.6462,1179.412,-327.3189,26634.9167
57379.8269,28683.3197,54437.1307,42981.5501,37122.3092,39860.934,5737.7368,50149.6196,43507.3078,55795.4907,1192.8678,-316.8583,26637.0624
57398.5577,28684.7502,54434.8508,42987.6298,37139.6095,39860.6211,5735.0099,50158.7838,43517.6343,55798.7988,1199.8862,-305.3695,26636.0343
57399.5411,28676.033,54436.2813,42984.0982,37136.1226,39856.866,5734.3841,50161.466,43514.1027,55803.3586,1192.7336,-311.5833,26635.6319
57376.2953,28667.8523,54439.3659,42971.3577,37114.3967,39847.97,5731.2995,50142.2435,43502.7033,55799.2905,1173.4217,-324.9496,26633.2626
57359.2633,28662.8008,54435.0296,42956.8738,37098.1693,39840.8175,5727.9021,50116.8072,43494.7014,55797.2342,1164.7046,-334.3821,26630.1781
57381.615,28669.5957,54435.7002,42966.6638,37116.9895,39843.9467,5727.9915,50122.2163,43500.7811,55794.5967,1181.1107,-323.7873,26634.7378
57408.303,28686.8066,54441.1987,42976.141,37138.6707,39852.5298,5730.0478,50152.9723,43520.093,55806.8007,1197.2934,-311.0021,26640.147
57419.6577,28688.5053,54442.6739,42984.0982,37141.3529,39858.833,5734.3394,50154.4476,43526.3515,55809.8406,1196.8017,-314.4443,26639.4764
57397.4401,28682.0233,54436.5495,42974.7105,37120.1187,39857.0001,5733.0877,50130.3971,43519.1095,55797.6812,1183.6588,-326.7378,26635.3637
57385.4595,28676.8824,54432.705,42966.485,37098.9293,39857.5366,5731.7019,50123.781,43510.3923,55796.8318,1175.5228,-331.2975,26635.5872
57392.478,28681.1292,54436.1919,42974.8446,37125.5726,39865.0914,5733.5794,50151.6759,43523.6245,55805.9067,1193.4042,-315.0702,26638.7612
57410.0465,28690.0699,54441.2881,42981.3266,37149.0866,39873.7639,5735.8593,50177.7828,43541.4612,55817.8425,1208.7822,-304.6095,26642.9633
57408.1689,28686.8066,54437.8012,42976.141,37138.8942,39872.5569,5734.7864,50170.1385,43544.0093,55813.7745,1204.2671,-309.214,26639.6105
57388.8123,28676.8377,54433.1968,42964.2498,37116.0954,39866.2537,5735.7252,50145.1939,43532.7888,55805.9961,1185.8046,-322.9827,26633.4414
57382.4197,28672.1885,54432.7945,42957.3655,37095.9789,39862.3645,5735.4122,50136.4321,43525.5021,55803.3139,1176.7298,-329.2859,26629.9993
57396.3672,28672.6356,54431.9451,42965.8145,37115.4249,39860.934,5735.7699,50150.5584,43525.1445,55809.7959,1184.7764,-319.6746,26634.3802
57411.7899,28676.5695,54433.1074,42978.4209,37142.0681,39860.3529,5739.4356,50171.9713,43540.4778,55821.2847,1198.3216,-306.0848,26640.0576
57410.3147,28678.9834,54433.7779,42979.6278,37140.5482,39861.3811,5735.9934,50170.362,43537.3932,55817.7084,1195.9076,-308.8564,26639.0741
57396.546,28675.3625,54431.3639,42965.4568,37116.3636,39861.7834,5732.9535,50146.3115,43523.8034,55812.8804,1175.8804,-324.9496,26634.112
57383.8502,28665.483,54428.6817,42954.2363,37098.0799,39867.1925,5729.109,50129.503,43514.4156,55804.1185,1163.4529,-334.2032,26630.9828
57405.7102,28679.3411,54438.2036,42972.52,37128.4783,39882.794,5738.9438,50167.0986,43540.8801,55814.3556,1190.275,-316.5007,26641.7563
57418.6742,28694.2273,54440.4835,42984.724,37151.2324,39888.5161,5741.3131,50196.7371,43567.121,55826.6938,1208.6481,-302.5085,26647.4783
57411.4323,28694.9873,54437.8459,42989.3732,37155.4345,39886.6385,5740.419,50200.8498,43556.571,55824.5033,1202.926,-308.6776,26643.6338
57387.1583,28687.1195,54439.0082,42981.6842,37138.8048,39883.2411,5741.3131,50189.2716,43547.1386,55817.3507,1191.2584,-317.5288,26640.7281
57374.9542,28681.1292,54435.6108,42977.3927,37122.7115,39883.2411,5738.4074,50172.016,43542.8917,55810.6899,1184.1506,-325.3073,26637.5989
57393.685,28689.8017,54435.9684,42987.0933,37134.6474,39889.3207,5735.7699,50188.7798,43546.8256,55810.0641,1192.0631,-318.1994,26635.4978
57413.3098,28703.0339,54436.8178,43000.1915,37159.1449,39898.0379,5738.0497,50212.2492,43558.7168,55814.5344,1209.2739,-307.1576,26636.6601
57428.6431,28705.3138,54435.9237,43005.0194,37166.8339,39898.2614,5742.386,50211.7574,43558.0015,55810.9134,1205.6977,-305.8612,26641.4434
57413.0416,28702.8551,54433.7779,42995.3188,37155.658,39902.4636,5743.4142,50198.1229,43545.6634,55806.3537,1193.0913,-312.2985,26640.0576
57409.6441,28703.0339,54434.8955,42990.4908,37145.3315,39909.4373,5746.7669,50194.9489,43542.847,55805.3255,1190.722,-315.3384,26640.8175
57432.6664,28710.0524,54438.9188,42995.1847,37157.5356,39913.6841,5747.5716,50214.1267,43561.4884,55812.6569,1203.9095,-305.8165,26645.6902
57452.023,28713.5392,54441.8246,43000.2809,37177.071,39924.8153,5746.901,50238.9371,43578.878,55821.8211,1221.0757,-293.2549,26649.937
57449.2961,28706.8337,54444.328,43001.0855,37174.2994,39921.1943,5747.9292,50239.8312,43583.0802,55823.8775,1218.2593,-296.8758,26651.144
57420.6412,28689.9805,54441.3328,42978.3314,37144.3033,39904.9222,5738.8544,50213.9926,43569.7585,55816.5461,1194.6112,-314.2208,26644.7961
57406.5596,28683.275,54442.8974,42972.7882,37123.2033,39897.9932,5738.7203,50189.4504,43562.0695,55813.3274,1181.9154,-319.0488,26643.6785
57422.6528,28689.0417,54441.6904,42986.691,37145.5997,39902.2847,5741.9837,50195.7983,43572.709,55819.1836,1198.2769,-308.4093,26647.7913
57439.8637,28691.0981,54436.1919,42984.0982,37167.7279,39895.758,5738.6309,50220.2511,43584.6448,55823.8328,1208.0669,-304.7436,26648.4618
57436.198,28686.6277,54438.293,42985.1264,37167.3703,39889.6784,5739.8826,50223.9168,43591.3056,55829.8677,1207.6199,-304.0284,26650.3841
57416.8414,28679.1623,54441.6457,42974.7999,37143.0069,39881.6764,5738.8097,50209.3881,43576.6429,55821.0611,1189.4256,-319.0041,26646.7631
57402.1786,28676.5695,54439.947,42964.6969,37128.7018,39875.8203,5738.318,50186.9023,43568.8198,55817.5296,1176.3275,-324.0108,26643.1868
57420.5518,28682.7832,54440.8858,42975.381,37152.037,39886.6385,5740.419,50205.633,43580.8003,55824.0563,1193.136,-309.5269,26648.4618
57431.9065,28684.7055,54440.707,42986.8698,37176.7581,39893.9252,5741.1343,50230.3541,43592.6914,55830.9853,1208.6928,-299.6922,26652.6192
57424.9327,28682.7385,54439.0529,42981.3266,37167.8621,39895.1322,5743.8612,50228.7894,43591.4844,55828.5266,1204.0436,-304.0731,26654.5862
57409.1971,28679.9669,54441.4222,42966.2615,37146.315,39888.6502,5747.7951,50203.6214,43574.6759,55827.8114,1186.4305,-316.7242,26648.3277
57394.3108,28673.2167,54441.9587,42961.3441,37131.7416,39885.9233,5748.1527,50186.9023,43570.6526,55829.0184,1177.5345,-320.7028,26642.6504
57414.2933,28679.6987,54444.1044,42966.6638,37151.0983,39884.9845,5747.1246,50215.1549,43590.4115,55837.6461,1191.2584,-309.7504,26643.0974
57434.0522,28683.9455,54445.8479,42977.9738,37167.9515,39888.1584,5747.4822,50248.0567,43604.7614,55845.0669,1206.1,-297.0994,26647.6572
57433.0688,28685.0184,54446.7866,42981.863,37172.8688,39898.3955,5750.9691,50253.2423,43608.6506,55847.2127,1212.5373,-296.0265,26651.7252
57415.992,28680.2799,54444.5068,42965.3674,37151.8582,39895.2663,5752.5784,50227.3589,43589.2045,55841.8483,1193.5383,-311.3151,26647.9254
57401.6869,28675.4966,54443.6127,42962.9982,37142.3364,39893.9699,5750.1197,50203.0402,43576.3299,55834.6063,1183.8377,-318.0206,26647.1207
57408.6159,28672.8144,54441.6457,42967.9155,37157.7144,39890.4383,5749.0468,50225.3026,43583.5272,55837.6908,1190.4985,-309.6163,26649.3559
57418.0037,28675.7648,54442.7186,42977.8397,37185.1623,39890.4383,5747.9739,50246.1791,43594.7031,55846.2292,1198.2322,-297.3676,26650.7864
57412.1475,28678.3129,54440.1705,42979.4937,37180.8261,39892.1371,5746.5434,50238.4901,43593.4961,55840.5966,1201.0038,-297.5464,26646.4055
57395.9649,28680.8163,54441.601,42970.0166,37159.0108,39895.6686,5749.1809,50214.1267,43585.8518,55830.7618,1192.5995,-305.2801,26646.9866
57379.2458,28676.3906,54443.4339,42961.4335,37137.6872,39890.3936,5747.0798,50195.1277,43582.9908,55837.4226,1185.0446,-313.7738,26647.2101
57399.0941,28679.0729,54445.9373,42970.6424,37155.8815,39893.2099,5745.2023,50222.8886,43591.1715,55841.3118,1191.0349,-305.5483,26647.9254
57421.4906,28689.4888,54448.5301,42984.5899,37190.3479,39905.4587,5747.8398,50257.2656,43601.3639,55846.8103,1206.1447,-291.1985,26650.3394
57413.2651,28690.204,54447.3231,42984.8582,37192.9854,39906.621,5749.315,50250.6495,43599.1287,55843.2341,1207.2176,-294.6854,26650.8311
57394.4002,28687.0748,54445.7138,42972.7882,37166.968,39898.6638,5744.5765,50230.667,43584.6001,55832.8182,1186.7881,-308.8564,26648.1042
57381.1233,28682.8279,54441.9587,42961.5676,37150.8747,39893.5229,5740.5531,50207.153,43573.5583,55824.1457,1176.5063,-318.3335,26642.9633
57395.1602,28688.8182,54442.1822,42974.2187,37172.0195,39905.2799,5742.2072,50231.6505,43588.6234,55826.4256,1191.4372,-305.5036,26647.0313
57422.6081,28690.5169,54443.6574,42987.7192,37186.4587,39911.6725,5749.1362,50254.3598,43600.1569,55835.2321,1206.9046,-291.7796,26649.8029
57420.5518,28687.1642,54440.7517,42989.8649,37181.9437,39909.2138,5748.7786,50254.494,43597.2512,55837.7355,1204.2224,-291.9585,26649.2218
57400.0776,28688.1477,54439.947,42984.4558,37159.5919,39901.2119,5749.2256,50227.2248,43582.812,55831.79,1188.6209,-304.5201,26644.4385
57383.8502,28681.7998,54441.6457,42972.1624,37145.108,39890.9748,5746.9457,50206.0354,43579.1463,55827.9902,1175.8804,-314.6678,26642.2033
57401.1505,28682.1574,54442.4057,42980.969,37162.14,39901.9718,5746.1411,50224.9897,43592.2891,55831.79,1190.9455,-305.593,26645.1091
57423.7257,28692.4392,54440.0811,42991.519,37179.1273,39909.7502,5748.4657,50256.5056,43608.6953,55835.2321,1208.5587,-291.1985,26647.523
57415.2768,28688.0583,54434.8061,42985.037,37168.8455,39898.1273,5744.5318,50258.5173,43606.0578,55829.1525,1198.5004,-299.9604,26645.869
57392.9697,28675.8542,54433.3309,42968.452,37140.2353,39883.9563,5735.7252,50224.4532,43587.6846,55823.1622,1171.276,-319.2276,26637.733
57389.4829,28669.8639,54436.7284,42964.3393,37123.7397,39883.554,5735.904,50211.668,43586.4776,55826.0679,1162.0224,-322.0439,26637.5989
57405.2185,28671.0262,54437.8906,42970.553,37150.2489,39886.9514,5741.4025,50233.8856,43596.3124,55832.5052,1179.9932,-312.8797,26643.9915
57432.6664,28676.9271,54438.1589,42981.863,37176.4004,39893.5676,5745.694,50252.0353,43606.5048,55833.5334,1202.926,-299.3345,26651.457
57434.4993,28685.2866,54444.328,42980.5666,37176.4898,39897.9038,5747.7057,50252.7058,43616.7866,55846.855,1199.4392,-295.6241,26653.4239
57411.0299,28677.4635,54443.2551,42968.1391,37153.244,39888.1584,5744.4423,50228.1189,43610.1258,55843.7258,1178.8756,-307.3812,26647.6572
57395.7413,28671.8756,54436.9072,42959.6007,37139.4306,39880.1118,5742.6989,50204.8284,43598.7711,55840.686,1169.8008,-319.2723,26642.4716
57407.0066,28673.619,54437.6224,42967.3344,37154.9428,39884.4481,5745.8729,50226.7778,43602.4368,55838.4061,1182.1836,-312.7456,26645.3326
57426.4973,28678.9834,54437.4436,42973.6376,37179.172,39888.2926,5747.7057,50245.7321,43618.0383,55844.1281,1197.3381,-301.1674,26650.9205
57434.8569,28674.1108,54435.5661,42973.5482,37178.3674,39886.7726,5748.8233,50243.5416,43618.3065,55845.7375,1201.4061,-301.4803,26649.49
57408.7054,28667.5841,54433.5097,42955.3986,37150.2042,39870.6347,5740.5084,50223.8274,43601.3192,55838.6296,1176.8639,-319.3617,26643.5444
57397.8871,28665.1701,54433.0627,42953.4316,37141.6211,39869.9641,5743.6824,50203.3085,43599.5311,55839.2555,1167.3868,-324.7261,26638.94
57408.8395,28667.0029,54433.5991,42963.0429,37160.6648,39878.8154,5745.2917,50219.4911,43615.222,55844.8434,1183.2565,-311.0021,26642.561
57420.1047,28679.8328,54437.3095,42975.8728,37179.2614,39884.3139,5746.6775,50246.8497,43631.0917,55854.1864,1196.0864,-301.1674,26649.6688
57420.373,28680.101,54437.8459,42976.4092,37174.1652,39882.1682,5745.7834,50261.5124,43631.6729,55857.271,1195.997,-301.1227,26648.1042
57406.5149,28669.9533,54438.8294,42962.1041,37158.1167,39881.0506,5743.2353,50249.6213,43614.1491,55851.1019,1183.9271,-313.4608,26642.7845
57390.511,28661.1468,54435.879,42951.7329,37140.0565,39875.1944,5741.4025,50237.9984,43601.4086,55844.2175,1173.2876,-320.4793,26641.354
57407.8113,28665.5277,54440.4835,42969.7037,37163.1682,39886.3703,5748.2421,50258.0255,43615.9372,55851.1019,1188.8444,-307.0682,26648.9089
57433.3817,28678.3129,54442.4951,42980.8348,37191.8231,39898.3508,5752.5337,50279.215,43634.221,55858.0756,1206.8599,-290.5279,26653.9603
57428.9113,28677.0165,54440.6176,42977.1692,37189.4538,39893.9699,5749.0468,50273.2694,43622.7322,55851.4148,1199.1262,-295.6688,26650.25
57408.1242,28668.344,54442.808,42964.2051,37162.0506,39888.6949,5745.7834,50256.3268,43621.3464,55848.4644,1185.4023,-307.5153,26645.6455
57393.6403,28661.3703,54438.7847,42962.6852,37142.0234,39887.2197,5743.9059,50244.3016,43607.0859,55850.4313,1176.3275,-315.8748,26643.0974
57411.1193,28669.4169,54440.9305,42980.1643,37163.8387,39896.4733,5745.5599,50271.8836,43617.7254,55851.8171,1190.5879,-302.1508,26647.6572
57422.0717,28677.687,54442.7186,42993.173,37195.0418,39907.0233,5747.4822,50301.1644,43635.6515,55854.3205,1207.3964,-290.6173,26651.457
57416.0814,28679.0282,54445.0879,42988.2556,37190.3926,39905.414,5746.901,50302.4608,43636.9926,55849.9843,1205.8318,-295.2218,26650.4288
57397.306,28677.24,54443.568,42975.4257,37162.587,39897.725,5744.3082,50280.0643,43622.2404,55843.2788,1185.5811,-311.0021,26642.6504
57387.0242,28671.3839,54439.5,42969.6143,37147.209,39894.9087,5742.4307,50255.6115,43611.3775,55837.2438,1173.8241,-319.8087,26638.7165
57399.6753,28674.5131,54439.2318,42974.7552,37165.4928,39904.5646,5743.7271,50271.8836,43624.5203,55843.547,1182.3177,-307.5153,26640.5493
57418.0037,28684.1691,54442.0928,42985.5734,37190.6161,39909.9737,5744.1294,50304.4724,43637.9761,55848.1961,1196.9358,-295.9818,26645.7796
57417.0649,28674.2896,54441.7351,42980.6113,37184.4023,39904.4752,5739.0779,50306.4394,43633.2375,55844.6199,1193.4489,-299.3792,26642.248
57396.3672,28669.3275,54440.1258,42969.4802,37156.3286,39899.4684,5733.7135,50279.9302,43617.7701,55834.9192,1175.4334,-318.2888,26634.6037
57390.3769,28666.5559,54440.394,42965.4568,37143.141,39899.4237,5735.2334,50262.6747,43611.3328,55834.0698,1169.5325,-326.4248,26635.4531
57406.9172,28671.965,54442.3163,42976.1857,37164.7328,39906.6657,5739.0332,50287.351,43625.3697,55842.4294,1186.4752,-316.0089,26640.8175
57416.1261,28670.8027,54440.8411,42985.6181,37182.6142,39907.2915,5739.525,50304.7854,43633.908,55847.7938,1198.5898,-306.8894,26643.5444
57424.441,28671.1603,54443.2104,42986.3334,37181.1837,39908.1409,5740.2849,50309.1216,43639.2725,55848.7773,1198.3216,-303.179,26643.7232
57405.7996,28663.6055,54441.3775,42972.0283,37158.6978,39895.9816,5736.7086,50291.5978,43628.9012,55843.9493,1181.6919,-320.1663,26637.5542
57393.3274,28654.8436,54439.8576,42966.9321,37144.4374,39890.0807,5734.9652,50273.1353,43623.2686,55838.0038,1170.2925,-325.3073,26637.5542
57410.5829,28664.2313,54441.5563,42980.969,37164.7328,39899.0214,5735.7252,50291.1508,43627.8731,55844.3069,1180.6637,-313.7738,26640.594
57424.6198,28667.2264,54436.8178,42986.9592,37183.8212,39907.515,5733.49,50319.7163,43644.9945,55846.0504,1194.4324,-300.4968,26643.8574
57421.3117,28660.9679,54432.1686,42979.0467,37177.6968,39905.2799,5731.1207,50312.6085,43640.6583,55840.5966,1189.0233,-306.0848,26641.7563
57405.5761,28654.4859,54436.8178,42966.5744,37163.0788,39900.8095,5727.6785,50297.6775,43625.4591,55837.8249,1176.7745,-320.7028,26635.2296
57388.0076,28649.4792,54435.7896,42962.417,37143.5881,39890.7065,5723.4764,50286.6358,43617.323,55830.583,1158.8931,-331.1634,26629.1499
57405.6655,28647.1993,54432.705,42966.8874,37154.0934,39892.7629,5723.0741,50293.2519,43631.1811,55835.9027,1168.7279,-323.4297,26629.8205
57428.0173,28650.1497,54430.604,42972.3412,37179.172,39891.7794,5724.6834,50304.1148,43650.8954,55845.3351,1186.7434,-311.3151,26635.5872
57424.8433,28653.2789,54433.3756,42967.0215,37175.9981,39887.4432,5723.6105,50300.9856,43655.9469,55849.3137,1179.412,-314.2208,26634.872
57409.5994,28655.8717,54436.3707,42966.1274,37152.3052,39887.8902,5722.2247,50279.0362,43640.9265,55845.0222,1161.5753,-322.625,26630.3569
57396.4119,28651.759,54436.326,42962.5511,37141.3529,39893.7464,5722.5376,50263.2111,43624.118,55841.8483,1153.484,-328.4365,26632.7262
57416.5732,28662.7561,54440.5729,42970.106,37164.1517,39907.1574,5731.9254,50287.0828,43637.8866,55851.9065,1171.1866,-315.1596,26639.387
57439.6402,28669.4169,54447.8595,42983.1147,37190.1244,39916.8581,5735.9934,50324.6784,43658.2714,55853.4712,1185.8046,-299.0216,26641.6222
57435.0357,28670.0875,54447.3231,42985.2158,37187.621,39914.7123,5735.5911,50330.2217,43657.8244,55850.4313,1185.894,-300.765,26637.9118
57417.7355,28664.276,54448.7089,42978.242,37168.3091,39910.9125,5737.6027,50310.5968,43650.8507,55849.6714,1175.344,-315.249,26637.5989
57411.5664,28662.8455,54447.3231,42969.1225,37148.6843,39909.7055,5735.6358,50292.8942,43646.1568,55847.8385,1169.4878,-323.2509,26636.3919
57427.1679,28671.0709,54447.3678,42979.5384,37164.1517,39908.8562,5736.0828,50317.7494,43655.4551,55849.0008,1187.0116,-312.2538,26642.4268
57442.9929,28676.033,54446.6078,42989.0603,37190.035,39911.9407,5737.6474,50346.7619,43668.4638,55856.2875,1205.2059,-296.9205,26648.3724
57441.3389,28677.4188,54447.3231,42987.2721,37192.1808,39914.5335,5738.0944,50341.5316,43670.2967,55858.4332,1199.9756,-297.9934,26647.7019
57419.2107,28669.8192,54446.7419,42978.3314,37170.8572,39912.343,5735.5016,50321.9962,43657.8244,55848.822,1177.5345,-311.4492,26640.4152
57404.5926,28658.1963,54440.4835,42968.3626,37151.4112,39911.0019,5732.5512,50314.1284,43641.91,55842.7423,1159.7872,-326.9613,26631.9215
57421.4906,28666.1536,54440.0364,42973.28,37160.4413,39918.6909,5734.6523,50336.4801,43654.8293,55850.6548,1174.4052,-313.4608,26636.3025
57433.5605,28673.3508,54438.6953,42970.3742,37171.3042,39915.9193,5727.8126,50355.4344,43664.0382,55849.9396,1180.3955,-307.3364,26632.0109
57425.9609,28668.5675,54441.2881,42967.5579,37168.6667,39911.0913,5728.3491,50349.31,43670.7437,55861.786,1178.2944,-305.4589,26633.7991
57409.3312,28657.5258,54441.914,42962.1935,37155.4792,39906.2634,5727.3209,50326.7348,43659.7914,55855.4828,1169.2643,-318.8252,26631.251
57393.685,28649.1662,54439.187,42946.3685,37139.2071,39901.2119,5722.8953,50308.004,43641.5523,55848.4197,1154.6016,-327.7212,26628.2111
57407.9007,28656.9446,54440.9752,42962.6405,37155.6133,39911.6725,5725.354,50322.175,43648.9731,55850.2972,1169.6666,-313.7738,26634.1567
57431.1912,28667.7182,54445.1326,42980.1643,37183.3742,39920.9261,5731.2548,50357.3567,43664.8875,55851.9959,1188.8891,-298.4852,26642.8739
57432.3535,28665.5724,54444.1044,42977.5268,37183.4636,39915.964,5730.4502,50361.9164,43668.1062,55856.0193,1188.4868,-300.8991,26640.594
57420.1494,28656.8552,54443.9703,42970.5083,37163.7046,39907.068,5729.109,50341.0399,43655.5445,55851.5489,1175.2099,-313.6843,26634.1567
57408.0795,28649.9262,54446.3396,42967.6026,37146.7173,39906.8445,5730.5843,50332.0992,43650.5377,55847.7938,1170.516,-318.8252,26636.9283
57423.9939,28656.0953,54447.0996,42977.2586,37167.5044,39915.6958,5732.0595,50356.3732,43664.4405,55854.2758,1184.5529,-304.4754,26641.1752
57434.0522,28660.3421,54441.1987,42986.1099,37181.8542,39913.55,5729.6455,50378.5461,43672.666,55855.6169,1193.0466,-295.1324,26642.4716
57437.0921,28660.2527,54440.6176,42997.5092,37180.5578,39917.7074,5733.5794,50370.9465,43669.1791,55858.2544,1191.4372,-295.7582,26641.9798
57409.4653,28655.8717,54439.5894,42982.1312,37155.4345,39910.5102,5730.9419,50344.795,43662.7418,55852.2642,1174.3605,-312.1644,26633.7097
57399.8541,28656.0953,54439.947,42972.52,37141.3976,39906.621,5729.9584,50324.0526,43657.5562,55848.3303,1162.7823,-319.6746,26632.9497
57417.7802,28659.8951,54442.8527,42980.3878,37162.0506,39908.5432,5732.3724,50344.3033,43670.8778,55856.6004,1180.2167,-305.3248,26638.0906
57432.0853,28662.5773,54440.5282,42986.5569,37184.3129,39913.103,5732.6406,50368.5772,43685.2276,55859.5955,1196.6676,-292.3608,26640.1917
57431.2806,28663.069,54441.7799,42983.2488,37182.7036,39907.9174,5733.043,50358.519,43681.8302,55858.7462,1193.6724,-296.1159,26640.1023
57412.2816,28652.6978,54441.2434,42973.8611,37157.4461,39901.1672,5730.9866,50341.621,43659.7019,55848.9561,1178.4285,-312.5668,26635.766
57397.1272,28644.2041,54440.0364,42967.3344,37144.8398,39896.1157,5730.0478,50329.5511,43654.6504,55838.3167,1171.1419,-323.4744,26633.9779
57408.0348,28648.1827,54437.6671,42972.2518,37160.7095,39898.8873,5729.7796,50343.7221,43663.9488,55851.0125,1178.205,-316.7689,26635.8554
57425.3798,28656.9446,54433.1074,42986.3781,37181.139,39902.5083,5728.9302,50364.3304,43674.8117,55856.6451,1193.9853,-301.1227,26636.4813
57427.5702,28652.3849,54431.4533,42990.4908,37181.1837,39900.7201,5724.5493,50365.7609,43673.5153,55855.6616,1190.8561,-302.8214,26636.0343
57403.475,28648.2722,54430.2464,42974.5317,37150.5618,39889.6784,5720.3025,50337.6424,43654.1587,55844.6646,1172.5724,-319.9428,26631.8768
57387.5606,28648.5851,54429.4864,42965.7698,37133.8427,39883.2411,5713.9546,50319.314,43641.0159,55840.5966,1157.5073,-329.9564,26629.0605
57399.4517,28654.9777,54434.672,42976.0516,37153.1099,39889.0078,5717.8438,50342.2916,43659.389,55847.168,1170.3819,-317.7077,26633.5756
57420.8647,28663.1137,54435.3426,42994.1565,37182.9718,39894.4616,5721.42,50368.2643,43674.2306,55853.3818,1186.2516,-305.593,26636.7048
57426.2291,28667.7629,54433.8673,42992.413,37182.0331,39898.7979,5721.2859,50372.5559,43677.2257,55850.5207,1184.5976,-310.8233,26635.766
57403.6539,28662.2196,54432.7945,42976.2751,37145.0186,39896.2051,5720.7942,50363.4363,43668.9556,55848.5985,1166.8056,-319.4511,26635.6319
57381.6597,28650.1497,54429.4864,42961.8806,37125.9749,39896.2498,5720.7495,50343.8562,43655.3657,55841.9377,1157.9543,-325.799,26633.7544
57403.5197,28657.7493,54429.0394,42974.934,37151.6347,39901.4354,5721.0624,50363.5257,43666.0498,55845.3798,1167.9232,-315.2937,26634.7378
57426.1397,28673.5296,54436.8178,42996.2128,37186.9951,39914.3994,5725.354,50401.4343,43684.8253,55857.4051,1190.8561,-301.1674,26642.6504
57416.3049,28668.8358,54437.8906,42994.0671,37186.0564,39914.1312,5725.2645,50400.6743,43682.2325,55862.5907,1191.2584,-305.4142,26640.6387
57400.9269,28659.9398,54439.187,42983.2041,37164.2858,39911.0466,5728.6173,50385.1622,43669.2685,55859.8191,1180.0379,-313.6843,26639.4317
57394.6685,28651.5355,54440.9305,42973.727,37140.4588,39902.8212,5728.9749,50359.6365,43655.3657,55854.4546,1167.9679,-319.2723,26635.3637
57404.8162,28649.3003,54437.1307,42975.2916,37151.3665,39905.414,5724.7281,50362.1846,43666.8545,55855.1699,1174.9417,-307.9623,26638.2694
57421.7588,28650.0156,54432.7497,42988.658,37177.965,39911.9854,5722.3588,50381.9883,43682.0537,55855.1252,1193.2254,-293.6572,26641.1304
57416.8414,28649.345,54436.8178,42992.2789,37173.7629,39908.0962,5727.008,50385.2516,43687.284,55866.8822,1193.6724,-289.2762,26645.3773
57399.2282,28639.5997,54432.4368,42981.9524,37151.3665,39896.2945,5723.1188,50362.8552,43663.1888,55853.0241,1174.137,-309.214,26637.5095
57383.4479,28628.3344,54428.4582,42966.7979,37131.4287,39891.7347,5717.3073,50345.5549,43643.2064,55840.5966,1160.7707,-322.9827,26629.4628
57397.753,28633.4306,54427.43,42966.038,37142.6046,39896.2498,5714.5804,50371.3936,43650.2248,55842.3847,1167.8785,-319.8087,26628.7923
57421.0435,28644.383,54429.7993,42987.9427,37169.2926,39909.4373,5716.6368,50400.0038,43670.1179,55854.9911,1188.9786,-302.8661,26637.733
57420.373,28655.0671,54430.6487,42987.5851,37167.9515,39913.1924,5719.1849,50401.1661,43673.0236,55855.0358,1189.1574,-307.7835,26639.2976
57403.6539,28659.761,54429.5311,42977.2586,37148.9972,39913.7735,5715.3851,50390.7502,43659.1655,55845.1563,1169.2196,-323.1615,26632.905
57391.1816,28654.6648,54429.1288,42969.0331,37128.6571,39913.4606,5712.837,50378.412,43653.8011,55837.9591,1154.2886,-328.9729,26627.4512
57405.2632,28652.5637,54430.4699,42978.7785,37142.5152,39919.138,5715.9662,50394.7735,43665.7369,55844.8881,1169.4878,-317.0371,26632.5027
57421.2223,28667.4052,54433.8226,42990.6249,37163.5258,39925.5753,5719.5425,50419.0475,43677.7174,55851.9065,1185.9387,-301.3909,26640.7728
57418.0931,28672.9485,54434.672,42993.7989,37169.1138,39923.8318,5723.2082,50414.4877,43677.0469,55850.3866,1191.3925,-295.803,26642.7398
57400.0776,28659.001,54431.7663,42979.8961,37141.8446,39915.4723,5718.3355,50384.7599,43654.5163,55842.5188,1174.3158,-309.8398,26637.733
57390.4663,28651.2673,54436.2366,42970.2848,37124.0526,39911.9854,5716.5027,50363.5705,43639.4513,55839.2555,1164.9728,-320.5687,26633.4862
57406.9172,28645.9476,54434.4485,42975.2022,37139.5648,39909.2138,5715.0722,50377.4285,43639.3172,55839.5237,1171.5889,-315.2043,26634.6037
57421.58,28648.7192,54432.7497,42978.5997,37164.7328,39906.2634,5715.8768,50394.6841,43644.3239,55838.9425,1183.1671,-304.4754,26640.1023
57423.5916,28651.1779,54433.6885,42977.9291,37167.2362,39906.8445,5720.6154,50390.5267,43638.0208,55841.6247,1184.5529,-307.0682,26638.2694
57393.1038,28644.7853,54432.3027,42962.9087,37137.7766,39895.9816,5719.7213,50366.0738,43620.5864,55832.1476,1165.4645,-319.8981,26629.1499
57366.3712,28640.002,54434.7167,42954.5045,37125.5279,39883.4646,5723.1635,50341.0846,43604.4484,55835.0086,1159.2507,-323.4297,26626.3783
57370.7968,28647.9145,54433.1521,42960.4053,37142.4258,39892.0923,5726.3374,50343.0963,43609.947,55842.3847,1172.3042,-314.9807,26631.0722
57391.8521,28655.7823,54434.8955,42972.9223,37168.0856,39898.172,5731.3442,50359.5918,43616.1608,55847.4809,1190.8114,-304.1625,26637.1518
57384.789,28659.761,54432.705,42973.28,37159.5025,39886.415,5731.1207,50341.5763,43604.8508,55846.0951,1191.4819,-306.7553,26637.5095
57362.0796,28655.5141,54431.7663,42961.5229,37135.7203,39867.4607,5732.1042,50306.3053,43583.706,55839.7025,1175.8357,-326.1566,26631.4745
57349.1603,28656.3635,54429.9781,42949.1401,37127.7183,39858.4306,5733.1324,50277.0245,43571.6808,55835.2768,1159.6531,-334.5609,26629.1499
57360.6491,28662.4432,54427.0724,42953.7445,37143.454,39861.9175,5738.5415,50285.9205,43579.1463,55838.4955,1169.2643,-326.2907,26633.1732
57374.4178,28670.8027,54429.6652,42956.7844,37162.4082,39864.555,5739.6144,50298.3034,43576.8664,55839.8366,1179.3226,-317.7971,26632.3239
57370.1262,28680.5481,54430.8722,42952.9399,37166.6998,39864.9573,5740.2849,50290.5697,43571.4126,55839.166,1177.4004,-323.7873,26632.458
57350.9037,28683.3197,54431.811,42942.3898,37149.3995,39858.4753,5739.6591,50262.4959,43562.7848,55828.1243,1162.38,-331.834,26625.7972
57327.7026,28678.6705,54427.9665,42928.1741,37121.7281,39855.7037,5738.0944,50232.6787,43546.2445,55818.2895,1150.5336,-338.4054,26619.4046
57338.7891,28679.9222,54425.8654,42939.8865,37134.7368,39864.2421,5741.8942,50236.6126,43547.3621,55818.513,1162.0224,-325.799,26624.9925
57367.3546,28687.9689,54431.9898,42959.556,37160.7095,39869.3383,5749.2703,50258.8302,43565.5117,55828.0796,1181.4237,-310.0187,26635.0061
57363.9125,28693.4674,54431.811,42962.3723,37156.6862,39870.9029,5748.9127,50256.595,43559.432,55827.5431,1180.9766,-311.4492,26636.5707
57339.862,28690.964,54430.5593,42954.8621,37137.0167,39866.7008,5744.4423,50234.1092,43547.1833,55822.0893,1168.3255,-324.2344,26631.3404
57324.037,28685.8231,54428.5029,42945.8767,37116.006,39859.5929,5740.5531,50208.6729,43523.6245,55812.344,1156.9262,-338.6736,26625.976
57332.0836,28686.4936,54428.3688,42956.1585,37134.4686,39863.9739,5742.2519,50225.9731,43535.3369,55809.3488,1174.5393,-332.4598,26628.7029
57355.5976,28690.8746,54429.8887,42973.3247,37156.105,39872.2887,5741.7154,50237.8196,43547.0045,55811.8969,1194.8347,-317.2159,26634.7826
57358.861,28695.5237,54436.8178,42982.0418,37148.2372,39877.966,5748.868,50241.217,43547.2727,55819.3624,1196.1758,-310.6445,26640.1917
57339.7279,28690.5617,54434.5379,42974.3975,37127.4054,39871.4393,5745.6493,50225.4367,43535.9627,55809.3041,1176.1039,-322.5356,26635.4084
57327.8368,28681.9339,54432.2133,42967.9155,37106.3054,39867.8631,5742.9671,50198.4358,43525.368,55804.1632,1162.8717,-331.9681,26630.8486
57336.0622,28677.687,54429.6652,42968.2732,37117.7047,39874.5239,5738.0497,50198.6146,43527.3796,55805.6831,1172.5277,-327.3189,26633.4862
57361.8114,28686.4042,54432.9286,42979.0914,37141.3529,39880.3353,5739.3014,50218.2841,43535.918,55814.9368,1189.9173,-314.9807,26639.0741
57369.4557,28689.31,54435.119,42984.8582,37134.1109,39879.8883,5740.8661,50216.049,43532.7441,55816.9484,1192.1525,-315.4725,26638.3588
57349.1156,28674.7813,54434.8955,42968.9884,37102.6844,39863.3927,5734.3841,50188.5116,43521.2106,55811.8969,1170.6054,-330.5376,26631.0275
57334.7211,28659.761,54433.8226,42959.5113,37085.6971,39853.4685,5730.2713,50160.4825,43505.609,55804.8338,1153.3052,-342.9204,26627.7194
57349.2497,28661.7726,54433.2415,42966.5297,37094.2354,39861.0234,5730.629,50169.3785,43517.0084,55806.756,1166.4033,-333.3539,26632.2345
57373.6131,28676.0777,54433.8673,42981.1031,37119.3141,39865.4491,5736.2616,50199.2851,43540.1201,55816.4567,1185.0446,-316.0983,26638.0906
57380.1398,28678.1788,54434.1803,42980.7454,37121.9516,39865.8514,5737.7368,50196.8265,43542.8023,55815.8755,1183.4353,-315.696,26641.801
57364.6724,28673.3061,54433.5544,42968.5414,37087.2617,39861.2022,5734.7417,50173.6701,43532.1182,55810.8687,1166.7609,-328.8388,26637.8671
57349.6073,28664.9913,54433.8673,42960.763,37071.839,39856.0166,5733.7135,50155.5651,43520.54,55809.8853,1155.898,-335.7679,26635.1849
57372.1826,28670.8474,54437.3542,42974.2634,37101.7456,39861.7387,5739.7485,50168.9315,43533.7722,55821.4188,1173.377,-320.3005,26644.215
57393.4615,28680.8163,54440.1705,42989.7308,37131.5628,39874.6133,5743.8165,50191.1938,43541.5953,55827.3196,1192.5101,-303.0449,26646.3161
57387.1583,28676.6142,54438.5612,42985.0817,37129.3277,39869.8747,5746.9457,50194.5019,43546.9151,55824.7715,1193.7171,-302.0614,26645.0197
57364.0913,28666.3771,54434.3591,42970.866,37105.4113,39856.9107,5741.6707,50171.7925,43537.6614,55819.1836,1178.2497,-316.7689,26638.4035
57352.066,28656.4529,54430.5146,42957.2761,37078.9468,39853.6026,5732.9088,50142.467,43522.5964,55810.3323,1164.2128,-325.039,26632.5921
57378.4411,28662.8008,54431.7216,42960.003,37100.6727,39859.3694,5735.1887,50165.1764,43538.5108,55815.6967,1177.5792,-314.5337,26636.7048
57395.3837,28675.4072,54433.8226,42961.7018,37124.2762,39862.4986,5738.765,50195.4406,43542.7576,55822.8493,1191.3925,-309.8398,26640.7281
57395.5625,28680.5481,54436.5942,42961.0312,37121.2363,39866.522,5737.1557,50205.8566,43554.0676,55830.9853,1190.5879,-310.3316,26641.4434
57378.5305,28677.24,54434.9402,42955.8456,37101.835,39860.2635,5735.7699,50187.0811,43538.1979,55824.1904,1177.6686,-327.2295,26639.2082
57360.2468,28663.6055,54433.3309,42945.0274,37076.1305,39852.5298,5734.0264,50162.1366,43534.8451,55819.4071,1164.6599,-335.3208,26636.8389
57370.1262,28663.7396,54437.6671,42948.9166,37088.0216,39855.212,5737.6027,50171.2114,43552.2348,55825.4421,1178.1156,-320.6134,26640.5493
57391.2263,28668.5228,54438.1589,42963.5793,37114.3073,39862.0963,5743.1906,50198.6146,43559.6108,55832.3264,1194.4324,-308.6329,26643.008
57384.4314,28658.1963,54437.3989,42962.417,37116.9448,39860.4423,5740.9108,50194.2784,43558.4486,55832.4605,1194.8347,-311.4939,26642.248
57366.997,28649.7027,54435.2084,42948.5589,37091.0615,39856.8213,5733.6241,50173.9383,43546.8256,55823.7433,1181.6472,-321.0157,26636.6154
57352.3343,28641.2984,54431.5875,42944.3121,37078.1422,39853.7815,5731.4783,50150.7819,43532.5205,55819.9435,1172.17,-330.1352,26634.6484
57358.1904,28645.8582,54426.983,42949.5871,37092.1791,39860.4423,5730.4949,50169.1997,43541.3271,55820.3012,1177.1768,-323.1615,26632.145
57377.3235,28657.794,54424.0326,42959.8242,37118.8223,39866.0302,5728.7961,50208.2258,43564.1706,55830.9853,1188.5762,-308.2752,26633.3073
57381.9727,28663.2478,54424.9713,42965.1439,37134.1109,39868.8912,5731.3442,50222.2627,43559.0297,55834.1593,1191.929,-309.7504,26634.0226
57365.4324,28654.9777,54421.3951,42957.6784,37114.2179,39869.2936,5733.1324,50203.7555,43545.6187,55828.2584,1174.3158,-320.0322,26632.0556
57356.8046,28655.7823,54418.2658,42954.3257,37095.4424,39865.1361,5737.3792,50179.8391,43534.5322,55822.1787,1162.6929,-326.6484,26628.2111
57367.4887,28655.9165,54413.7955,42962.6405,37106.3054,39867.1478,5734.8758,50191.462,43544.1434,55823.4304,1175.2546,-318.3782,26630.1334
57375.7142,28660.655,54410.5321,42972.967,37132.5463,39868.623,5730.316,50218.6865,43551.6089,55828.5266,1192.5101,-309.1693,26634.2461
57368.2487,28651.0885,54409.3251,42968.2732,37132.0993,39865.6726,5723.5658,50221.8604,43550.7149,55827.1408,1187.861,-314.4443,26632.6815
57346.6569,28633.9223,54402.7537,42955.0409,37103.4443,39862.2304,5718.1567,50197.944,43532.9676,55819.0048,1172.3042,-329.42,26625.3054
57334.4082,28621.4501,54397.1211,42949.453,37088.2004,39861.4705,5712.6135,50179.8838,43526.7985,55809.7064,1163.4082,-341.624,26617.2588
57344.69,28619.1255,54394.3495,42953.8786,37100.8515,39867.2372,5711.0488,50192.3114,43538.3767,55806.8454,1171.8124,-338.6289,26617.974
57362.3478,28615.8621,54388.8956,42961.4782,37115.559,39870.59,5711.9876,50217.3454,43557.2863,55814.8474,1186.1622,-325.352,26619.9857
57364.4936,28609.4695,54385.7664,42956.4267,37110.4181,39866.7008,5708.6796,50223.4697,43553.8441,55808.0077,1180.8872,-328.0789,26619.6281
57341.6501,28601.11,54381.4301,42937.1595,37084.1771,39856.9107,5702.8681,50193.3396,43534.711,55798.8882,1162.1118,-343.0098,26613.4143
57314.6939,28593.868,54377.5409,42929.247,37064.4629,39848.1041,5698.3083,50167.0986,43521.9258,55799.3799,1148.3878,-354.901,26611.1791
57327.2109,28598.5619,54376.8257,42936.3996,37082.2549,39856.419,5699.1577,50188.0646,43534.5769,55805.2808,1161.2177,-347.659,26613.7719
57339.2808,28605.0439,54374.6799,42944.9826,37107.5571,39858.9671,5698.2636,50204.1578,43551.0725,55813.3721,1174.9864,-336.796,26616.6329
57331.6365,28606.1615,54372.0871,42945.8767,37110.5969,39856.866,5697.9507,50204.6496,43549.5973,55810.7346,1175.1652,-334.2479,26616.8118
57310.8047,28594.4045,54368.5555,42932.2422,37088.6475,39846.763,5697.6825,50183.7283,43535.2921,55801.6151,1159.0719,-342.384,26614.4425
57293.6833,28582.1557,54362.8782,42917.043,37064.3735,39834.4249,5693.078,50161.019,43521.3,55793.9261,1141.1905,-354.5433,26610.1509
57308.5696,28577.7301,54364.6663,42919.5464,37082.389,39832.7261,5690.6193,50185.4718,43533.1911,55798.7988,1145.7503,-350.6988,26609.5698
57332.9329,28584.972,54364.4875,42928.1294,37105.7242,39831.2062,5690.7088,50211.9809,43543.7411,55804.7444,1157.7755,-341.4899,26610.3297
57330.3401,28585.5979,54365.5157,42927.2354,37100.8068,39828.3452,5690.6641,50211.4445,43546.8704,55808.0077,1154.5569,-340.8641,26609.391
57315.9456,28575.3608,54365.5157,42924.8661,37078.9915,39824.2325,5689.9488,50180.2862,43536.2756,55804.4314,1141.8611,-350.4306,26606.977
57291.2693,28572.7233,54363.6382,42915.5678,37062.0489,39820.1644,5689.5465,50169.2891,43529.3913,55801.6151,1130.0594,-359.1478,26604.4289
57295.1138,28574.7796,54360.7771,42913.4667,37073.4036,39822.7125,5686.9537,50180.1074,43530.4195,55798.62,1135.8261,-359.863,26602.8196
57313.174,28573.0809,54360.956,42924.8661,37100.1363,39824.3666,5685.6573,50206.7953,43541.3271,55801.7939,1153.1264,-352.4423,26602.7749
57316.3033,28571.7398,54362.0735,42925.2237,37102.2373,39824.5901,5687.9818,50210.3716,43537.2591,55802.8221,1147.6278,-352.6658,26601.5232
57298.8242,28571.6057,54360.6877,42910.3822,37084.0877,39816.4541,5686.9984,50187.4387,43528.1843,55798.4859,1130.7299,-368.4461,26595.7117
57286.799,28566.8224,54362.8335,42906.94,37074.253,39812.4307,5688.6971,50178.0957,43530.7324,55798.5753,1125.0973,-374.9281,26594.2365
57304.3227,28580.8593,54369.4049,42913.9584,37094.3695,39822.6678,5694.9556,50199.4193,43547.4962,55806.6666,1138.2848,-363.7075,26598.9304
57331.5024,28589.2636,54370.4331,42922.5415,37119.0012,39832.9943,5701.7505,50231.7846,43557.778,55813.998,1154.1992,-349.6706,26601.2102
57332.9329,28590.7835,54369.2261,42924.5532,37118.4647,39832.5473,5703.4492,50235.3609,43555.9005,55814.1768,1156.8367,-345.8261,26601.7467
57319.8795,28589.9341,54372.1318,42919.8593,37098.7505,39829.2392,5703.3151,50217.3454,43548.9714,55809.3488,1145.4821,-351.0118,26600.9867
57308.8378,28591.1411,54377.2727,42916.2383,37083.149,39830.6251,5703.5387,50200.8498,43548.7479,55817.1719,1139.9835,-353.694,26603.6242
57318.449,28600.0818,54377.3174,42922.6756,37098.974,39835.4083,5707.562,50213.3667,43556.6157,55823.2963,1151.07,-339.3441,26608.8992
57339.7726,28613.0011,54376.1104,42936.6231,37130.3111,39845.9136,5712.6582,50246.0003,43572.9325,55827.9902,1167.3868,-321.2839,26616.2306
57343.7959,28615.8174,54378.0327,42938.5006,37129.2382,39851.0545,5714.7145,50251.0965,43573.1113,55831.5217,1165.3304,-323.1615,26617.08
57319.8795,28607.145,54375.1717,42926.2519,37107.6465,39851.9486,5707.8749,50231.5164,43559.2532,55821.8211,1147.7172,-341.8028,26613.012
57303.1157,28610.9447,54374.9034,42919.4123,37084.9371,39848.73,5708.1878,50210.461,43550.7596,55814.5791,1142.3081,-354.141,26612.3414
57324.037,28617.2926,54378.1668,42929.1576,37096.9176,39851.4122,5711.2277,50226.4649,43561.9354,55816.5014,1152.9028,-342.831,26613.1461
57355.5976,28625.6075,54383.6653,42945.6979,37129.6853,39861.9175,5714.2675,50246.3579,43588.3999,55822.3128,1171.5889,-326.6484,26617.3035
57350.8143,28628.3791,54384.2465,42946.3685,37136.7484,39867.3713,5715.1616,50244.7933,43583.1696,55821.8658,1175.1652,-328.0789,26617.2141
57332.1283,28621.5395,54384.8723,42935.6396,37116.6319,39860.0847,5712.2558,50236.0314,43572.3513,55815.6073,1161.173,-340.8194,26611.2685
57317.8679,28615.5492,54386.884,42925.8049,37094.1907,39853.3791,5709.7971,50220.4746,43563.2765,55815.6967,1150.2653,-351.1012,26609.2122
57337.8503,28625.6075,54392.3378,42935.5949,37116.5872,39864.2868,5716.1003,50233.7962,43568.0151,55823.2963,1163.8999,-338.8524,26617.527
57362.3031,28637.3198,54397.2552,42950.1235,37154.2722,39875.865,5721.42,50258.7408,43587.1929,55832.7734,1181.1107,-323.6085,26625.9313
57357.9669,28627.3956,54394.1259,42944.625,37140.5035,39865.2703,5715.251,50258.6067,43585.8518,55832.4158,1176.8192,-329.3753,26622.3103
57328.3732,28611.3918,54387.9569,42927.8165,37109.524,39854.2732,5706.5785,50240.4124,43569.2221,55821.3741,1154.5569,-346.8096,26613.2802
57312.3246,28610.9447,54392.4719,42920.0381,37091.1956,39852.038,5705.7738,50219.8488,43564.8859,55813.3721,1138.4636,-356.555,26610.4639
57336.9563,28619.9301,54392.2037,42928.4424,37112.7427,39863.348,5708.8137,50237.6407,43580.3533,55820.033,1155.9874,-345.2003,26617.3035
57365.5665,28629.9437,54396.5846,42945.7426,37151.1877,39874.8815,5715.6086,50267.3239,43595.2395,55832.1476,1178.1156,-329.0623,26624.0984
57366.55,28636.0681,54400.2503,42946.8155,37147.3432,39870.2323,5717.8438,50275.3258,43596.4912,55834.7404,1177.7133,-327.9895,26622.6232
57352.7366,28632.0448,54402.8431,42935.9078,37121.7728,39854.9885,5714.044,50255.1198,43588.3999,55828.7054,1160.9942,-340.2382,26617.7952
57335.1681,28620.6901,54400.6974,42921.0216,37100.2257,39847.1653,5709.4842,50229.1024,43580.1744,55824.9056,1150.3547,-352.3529,26616.5882
57338.7444,28623.9982,54399.0433,42924.3296,37111.7145,39855.7484,5712.4794,50237.8196,43579.7721,55828.7948,1161.4412,-345.0662,26620.5668
57370.8415,28632.7153,54406.9558,42948.4248,37147.209,39866.2984,5717.9779,50275.5046,43599.1287,55836.0368,1176.7745,-329.8223,26628.2111
57372.9426,28631.4189,54405.0336,42949.7212,37147.9243,39864.0186,5713.9099,50282.6571,43601.6768,55833.8463,1177.2215,-331.6551,26622.9808
57353.7648,28634.4588,54406.5535,42942.0769,37125.1702,39856.1954,5714.4463,50260.7971,43593.2279,55832.0135,1163.1399,-339.1653,26618.7787
57335.4363,28628.0215,54407.6264,42933.7174,37107.2888,39854.3179,5714.2675,50239.9653,43593.4961,55830.3148,1152.0088,-349.7601,26616.8118
57366.5947,28645.8582,54412.2756,42952.6716,37133.5298,39866.209,5725.8457,50266.3851,43607.7565,55841.2671,1170.0243,-335.0973,26626.6018
57388.9017,28655.2906,54411.8732,42960.2265,37158.2508,39873.9874,5729.0196,50299.2868,43622.5086,55845.6033,1186.7434,-322.2227,26629.5522
57387.9182,28651.8484,54412.9908,42959.5113,37154.004,39874.8815,5726.4268,50302.729,43631.3599,55848.7773,1182.8989,-327.8106,26627.3171
57374.7307,28649.2556,54417.9529,42956.5161,37143.3645,39868.2654,5727.4103,50286.3675,43621.6593,55847.3915,1165.1516,-338.9418,26626.0207
57357.2069,28643.4442,54420.1434,42939.9312,37131.9652,39862.6775,5727.7679,50267.0556,43613.5679,55843.8599,1155.5403,-345.9603,26624.2325
57361.9902,28649.7921,54420.5457,42948.2907,37145.5997,39869.2936,5731.1207,50286.8146,43628.186,55853.6053,1163.8105,-335.0973,26630.9828
57391.6286,28660.9679,54423.9432,42965.4568,37171.483,39886.6832,5740.0614,50332.1439,43647.5426,55867.2398,1189.4703,-313.1032,26642.1586
57400.5693,28669.4616,54426.2677,42971.3577,37175.2381,39889.0972,5743.1906,50345.0185,43644.9498,55871.2184,1194.1195,-313.9079,26641.6222
57389.2593,28670.1322,54426.1336,42965.0098,37161.4248,39887.3985,5743.9953,50322.5327,43633.461,55870.1456,1179.1438,-325.9778,26640.3705
57377.9941,28657.5258,54422.6468,42954.9068,37147.969,39884.4481,5744.04,50297.6775,43621.6146,55863.0377,1170.6501,-330.6717,26642.4716
57385.7725,28656.6764,54418.7129,42957.6784,37161.1565,39890.8406,5742.8777,50315.3801,43636.4561,55867.4634,1178.3391,-321.1498,26641.6222
57405.7996,28668.9252,54419.741,42964.1157,37179.932,39891.5112,5742.5648,50343.0068,43654.114,55870.3244,1192.2866,-311.0915,26644.5726
57402.581,28666.0641,54423.4067,42970.3742,37180.2896,39895.6239,5740.8214,50344.9738,43658.4055,55867.9104,1191.9737,-309.7504,26644.3491
57385.8172,28657.1234,54421.9762,42964.2051,37163.5258,39889.6784,5740.5084,50330.6687,43639.943,55862.1436,1176.1934,-326.6037,26634.5143
57361.1856,28642.3266,54413.4378,42949.453,37134.3344,39878.1449,5735.1887,50304.2042,43612.5845,55848.375,1157.1944,-343.2781,26626.7359
57370.1262,28640.0914,54414.4213,42955.7562,37150.7853,39881.3188,5737.1557,50324.0079,43622.8216,55858.7462,1167.4762,-331.2081,26631.3851
57395.339,28652.2508,54418.1764,42971.8494,37183.0612,39893.0758,5741.8942,50351.724,43645.3074,55868.0445,1192.5101,-314.1314,26639.2976
57394.6238,28656.0059,54417.2376,42970.9107,37178.1886,39891.3324,5737.2898,50349.7124,43635.9197,55863.2165,1187.7269,-319.9428,26636.4366
57371.1544,28647.3781,54418.1764,42958.0361,37154.004,39883.2858,5733.8476,50334.3791,43623.0004,55852.3536,1170.8289,-331.6551,26632.3239
57362.3478,28644.7406,54417.4612,42954.5939,37135.8097,39878.6366,5733.1324,50311.2674,43619.9158,55848.9561,1162.6482,-340.0147,26631.2957
57370.0815,28647.5122,54415.9859,42961.3441,37154.5404,39882.5258,5732.3724,50326.3324,43635.0256,55857.6733,1173.8241,-331.3422,26632.3686
57390.7346,28650.7308,54420.501,42977.5268,37178.0097,39893.7464,5737.2451,50355.9262,43652.5494,55865.854,1192.9572,-315.7854,26636.7942
57391.0475,28655.6482,54420.8139,42980.1643,37182.4801,39896.6074,5738.6309,50356.4626,43654.8293,55864.6023,1192.5995,-319.7193,26634.4249
57372.4955,28653.2789,54422.2891,42973.9505,37165.4481,39895.4451,5733.3559,50340.4588,43648.1684,55856.4663,1175.2993,-329.0176,26631.9662
57366.4606,28651.759,54428.4582,42968.4073,37149.9807,39896.2051,5732.9535,50328.2547,43636.0091,55853.7841,1160.3683,-335.3655,26632.9497
57372.8085,28651.6696,54432.3921,42977.0797,37166.1186,39901.3907,5738.4074,50339.8776,43647.7214,55860.1767,1172.7065,-328.4365,26638.2694
57395.1602,28655.0224,54431.4533,42986.1099,37190.3032,39905.6375,5741.4472,50363.3469,43666.4075,55869.0727,1191.169,-311.8962,26642.0245
57406.1126,28659.0904,54431.7663,42992.5919,37192.9407,39907.515,5745.694,50372.5559,43668.285,55874.303,1196.8464,-309.0799,26645.869
57394.4002,28655.9612,54430.9169,42978.7338,37173.4053,39901.4801,5744.2188,50358.1166,43663.01,55870.0114,1180.9319,-322.1333,26643.4103
57374.1049,28647.6463,54431.9898,42968.2285,37145.5997,39895.7133,5743.7271,50326.6007,43656.8856,55860.1767,1167.0291,-335.2314,26636.526
57388.2312,28650.5073,54431.1851,42981.416,37156.105,39901.2566,5744.6659,50335.2284,43663.2782,55862.1436,1180.3508,-327.1848,26636.973
57409.4653,28650.865,54428.7711,42985.4393,37180.1108,39903.76,5746.3646,50361.7376,43673.7835,55871.7996,1194.4771,-317.7524,26642.8292
57414.6062,28651.4461,54430.1122,42986.5569,37184.8494,39905.0564,5745.5152,50370.276,43675.3482,55869.7879,1193.8512,-314.2208,26642.8739
57397.0824,28649.3897,54429.4417,42978.2867,37160.9777,39900.8989,5739.7932,50361.38,43658.4949,55859.4167,1182.1389,-324.9496,26635.0508
57373.3449,28638.6609,54428.8605,42967.2003,37138.3578,39889.5442,5733.3112,50338.3577,43650.0907,55860.6237,1167.5656,-333.041,26630.3122
57391.8521,28645.6794,54430.2016,42977.2586,37154.9875,39897.5462,5733.8923,50343.4539,43669.492,55870.0562,1174.584,-321.6863,26636.7495
57419.7471,28655.0671,54428.1006,42990.6249,37179.9767,39904.654,5741.7154,50378.0544,43684.5571,55875.3312,1196.7123,-303.6708,26646.1372
57422.1164,28653.8154,54426.536,42995.2294,37185.6093,39908.1856,5744.487,50385.7434,43681.0702,55878.0581,1203.0602,-302.3744,26650.4735
57397.7083,28647.4228,54422.5574,42979.3596,37164.3305,39899.5578,5740.5531,50368.6666,43667.7486,55869.6538,1183.3459,-321.0157,26641.0857
57377.2788,28635.5317,54423.9879,42969.1225,37137.6872,39895.9368,5738.8991,50347.0302,43659.8808,55867.0163,1164.6152,-331.8787,26636.6154
57389.5723,28634.4141,54426.6254,42972.1177,37149.176,39901.8824,5734.8311,50357.9825,43673.7835,55874.0348,1174.0923,-326.3801,26640.1917
57415.9473,28645.5452,54434.2697,42983.6065,37178.4121,39911.4043,5736.4851,50388.7385,43688.5357,55877.7004,1189.4256,-310.5104,26647.5677
57418.9872,28644.3383,54434.4038,42991.3849,37183.553,39906.621,5739.4356,50399.7803,43692.559,55878.9074,1194.3877,-310.868,26653.9603
57392.2098,28635.7999,54427.6983,42974.6658,37159.4131,39895.8921,5731.3889,50375.8639,43675.2588,55872.649,1174.7628,-330.4034,26643.9021
57366.1923,28636.5598,54430.2016,42965.4568,37137.1508,39896.6968,5732.3277,50356.2838,43666.3628,55869.3409,1168.1467,-334.8291,26640.2811
57393.7744,28648.2275,54433.5991,42984.4558,37157.3567,39912.5218,5738.1839,50376.8027,43677.0022,55871.7102,1186.0281,-321.2839,26645.0197
57424.0386,28660.4315,54434.9402,42998.3586,37184.4023,39920.032,5741.8495,50410.0174,43686.524,55876.7617,1200.825,-310.868,26648.73
57427.8831,28662.5326,54435.2978,43002.7395,37186.2799,39921.9096,5745.2917,50411.2244,43694.3024,55879.0863,1203.0602,-308.8117,26649.0877
57408.1242,28655.7376,54433.1074,42989.9544,37160.0837,39913.1477,5741.179,50389.1408,43684.1995,55869.3409,1188.1292,-319.8534,26639.387
57395.9202,28645.5899,54429.4864,42981.4607,37141.5764,39906.7104,5734.9652,50369.0243,43663.8594,55859.9532,1174.0923,-333.5327,26631.698
57405.889,28650.865,54427.743,42989.1497,37160.3966,39913.9076,5736.4404,50378.5908,43668.5532,55862.8589,1184.6423,-327.5871,26635.1402
57422.027,28659.8951,54424.2114,42996.7493,37191.4208,39921.8202,5738.9438,50401.8813,43682.1878,55867.9998,1199.7968,-310.6445,26639.5211
57431.2806,28663.6502,54426.7595,43000.0573,37192.0019,39924.3683,5736.8875,50414.0407,43690.9497,55874.8394,1198.0981,-311.5386,26644.215
57403.2068,28652.0272,54419.2493,42985.0817,37160.7989,39912.2089,5729.4667,50385.4305,43672.8448,55863.3059,1174.3158,-332.9068,26634.6037
57382.6879,28640.3149,54414.019,42967.4685,37135.005,39900.0049,5724.0576,50358.1613,43652.2365,55849.8949,1156.2109,-347.5249,26623.0702
57400.7034,28649.5686,54417.8188,42973.5035,37152.8417,39902.9106,5726.6057,50379.4402,43662.25,55851.9065,1163.3188,-342.9204,26622.9808
57423.5916,28659.1351,54421.261,42988.1215,37179.3509,39912.2089,5730.7184,50412.9231,43679.3268,55861.5178,1180.8872,-325.8437,26630.9828
57415.2768,28656.7658,54420.6798,42993.4859,37174.7911,39908.4091,5732.1936,50410.1962,43677.8069,55864.647,1183.3459,-323.9661,26631.4745
57390.7346,28644.6512,54418.6234,42983.4723,37148.5054,39896.0263,5725.1304,50383.24,43661.4901,55855.4828,1164.4363,-342.7416,26623.5173
57376.653,28641.5219,54422.7809,42974.6658,37135.4073,39896.1157,5729.0643,50366.655,43658.2714,55855.7063,1152.5899,-345.8709,26626.1101
57393.4168,28650.2391,54428.3688,42978.3762,37153.9593,39906.9339,5736.0381,50381.8989,43671.0119,55860.132,1164.034,-334.0244,26630.7592
57419.9706,28661.4597,54430.0228,42993.3518,37180.2449,39916.9028,5740.1061,50414.5771,43685.7194,55869.4303,1185.447,-315.0702,26637.0177
57414.1592,28661.1021,54427.9665,42991.6084,37180.0214,39911.4043,5735.144,50424.0543,43687.9992,55869.5644,1187.2351,-312.5221,26633.7544
57391.2263,28651.6696,54428.5476,42979.002,37152.5735,39902.3294,5735.0099,50402.3731,43682.9478,55861.5625,1176.0592,-321.8651,26632.6368
57385.8172,28645.5452,54428.0559,42976.9903,37141.3976,39902.0612,5738.4968,50379.2167,43672.9789,55858.7909,1168.9961,-330.5376,26634.3802
57390.1534,28643.9359,54426.1783,42987.8086,37157.1332,39907.2021,5742.5648,50396.6063,43686.2111,55863.3506,1179.7696,-325.3073,26640.2364
57400.9717,28648.2722,54422.7362,42996.7046,37174.5229,39908.4091,5739.7932,50423.2049,43699.801,55869.0727,1191.8396,-310.868,26640.5493
57408.303,28654.5306,54423.5855,42998.0904,37179.1273,39902.0612,5736.8428,50431.3409,43695.4647,55869.5644,1186.4752,-311.5833,26635.5872
57389.8405,28646.484,54420.6351,42984.5452,37160.2625,39895.9816,5726.248,50417.304,43677.4492,55861.8754,1166.0457,-331.834,26624.1878
57385.8619,28649.0768,54419.3387,42978.4656,37143.5881,39904.6987,5725.4434,50406.8434,43671.459,55859.2379,1156.7026,-342.6969,26623.4279
57400.3458,28657.6599,54423.3173,42987.9427,37157.2673,39912.343,5731.2548,50420.7909,43680.5785,55867.9998,1171.0525,-332.728,26627.0936
57413.891,28656.4082,54420.5904,42990.8037,37176.2663,39907.7833,5728.7067,50432.6373,43690.7709,55866.9716,1187.0116,-321.9098,26628.7923
57413.9357,28650.4179,54419.9646,42983.3382,37174.1205,39899.2449,5726.4715,50426.5577,43698.9516,55872.7831,1187.7716,-327.0954,26628.3453
57395.5178,28642.6842,54424.1667,42976.5433,37152.2158,39895.311,5723.6552,50406.8881,43687.1052,55873.7665,1173.4217,-336.5725,26623.8749
57375.0883,28633.967,54426.7595,42970.7319,37135.9885,39893.1205,5726.7845,50385.6987,43668.5532,55865.2282,1159.2507,-345.1556,26620.7457
57384.2525,28642.9971,54431.811,42977.8397,37144.7504,39900.2731,5733.7135,50395.7123,43679.9973,55868.4021,1172.8853,-333.5774,26629.1052
57406.7831,28649.3897,54431.6769,42988.3897,37163.2576,39906.3081,5733.8923,50423.7413,43701.1868,55878.818,1189.6491,-318.1547,26631.9215
57410.5382,28648.0486,54431.9898,42989.3285,37169.3373,39904.0282,5736.0828,50433.5761,43701.9467,55881.2767,1192.1972,-316.5007,26632.3686
57391.9415,28642.5948,54427.8324,42977.795,37152.2158,39900.0049,5732.8194,50425.6636,43692.3355,55870.7714,1177.9368,-327.7659,26629.0158
57375.0436,28644.6512,54427.9665,42976.6327,37144.0351,39906.1739,5733.7135,50420.5227,43688.9827,55865.1835,1168.7279,-338.2713,26627.5406
57386.7112,28650.0603,54427.743,42989.6861,37154.8086,39909.7055,5734.3841,50432.2797,43696.8058,55869.9667,1179.5461,-334.5162,26631.6086
57406.9172,28655.2906,54424.8819,42994.1565,37178.2333,39911.6278,5733.1771,50461.5605,43709.591,55875.6888,1192.7336,-319.2723,26635.9448
57401.5528,28646.037,54422.7362,42984.7687,37171.6619,39901.346,5728.1256,50456.3302,43706.3724,55877.924,1185.8046,-320.7028,26631.3404
57388.9464,28637.1857,54422.915,42978.6444,37153.1993,39897.7697,5724.3258,50434.7384,43694.6601,55873.9454,1175.6122,-332.1469,26626.1548
57371.065,28628.7367,54422.8256,42966.5744,37122.5774,39890.6618,5719.9448,50403.446,43685.7641,55867.6869,1158.759,-348.2401,26621.7738
57372.6743,28628.1556,54418.4893,42966.7979,37122.5774,39885.655,5716.9497,50397.0534,43687.1946,55866.3011,1159.8766,-344.3509,26623.4726
57399.4517,28639.2421,54420.1881,42980.8795,37145.5997,39893.8805,5721.7777,50423.4731,43697.9234,55871.3526,1180.5296,-329.7776,26628.7029
57401.0164,28642.8183,54420.1881,42985.7075,37148.8631,39890.8406,5721.1965,50432.235,43693.2743,55870.6373,1180.9766,-329.1965,26628.6582
57389.5276,28638.6609,54415.5836,42973.1011,37135.7203,39885.4762,5720.4366,50420.7462,43685.4959,55862.0989,1165.3304,-342.2499,26622.8914
57374.1943,28635.0399,54409.7722,42961.3441,37116.3189,39877.6084,5714.1781,50398.5286,43670.3414,55849.7161,1149.7289,-355.3033,26617.08
57381.8833,28638.795,54408.8781,42968.0049,37137.2849,39884.8951,5712.5688,50400.719,43680.0867,55849.6714,1156.6579,-344.7533,26618.287
57399.5411,28642.5501,54408.2075,42972.2071,37156.105,39894.4616,5711.4065,50421.1932,43679.4609,55851.5936,1165.6433,-333.8903,26619.6728
57410.0912,28645.5005,54407.7605,42967.1556,37149.0866,39899.6025,5710.0207,50423.5625,43684.9594,55858.6121,1170.6054,-333.7115,26618.1529
57394.0873,28641.209,54402.9772,42952.5822,37124.0526,39891.6453,5703.2257,50405.547,43672.1295,55849.8055,1152.4111,-349.8495,26608.8992
57378.0835,28631.5531,54398.9092,42943.6415,37093.2519,39884.1798,5698.1742,50385.654,43655.768,55834.0251,1138.7765,-368.5355,26599.5115
57379.7375,28624.9816,54396.2717,42944.6697,37105.3666,39887.4879,5694.3744,50393.1195,43657.8244,55836.3497,1141.727,-365.9427,26599.2433
57400.2564,28628.4238,54394.26,42952.8505,37136.212,39891.8241,5690.0829,50419.718,43668.1509,55841.0883,1155.7639,-354.5433,26601.8361
57396.0096,28626.4122,54394.1259,42954.9068,37135.9438,39894.864,5687.356,50423.2496,43668.5532,55840.1942,1155.8533,-350.7435,26599.3774
57382.4644,28619.9749,54393.2319,42950.7047,37112.6533,39888.0243,5691.2005,50398.3498,43651.7447,55834.8298,1149.863,-357.4491,26600.0926
57359.8444,28612.7329,54394.2153,42944.2227,37088.8263,39887.0856,5693.7933,50386.6822,43632.6563,55829.376,1140.7435,-363.4393,26596.4717
57360.4703,28618.2761,54394.6177,42942.1216,37097.8117,39890.483,5694.285,50410.0174,43632.701,55826.962,1147.6278,-361.07,26595.8011
57380.721,28626.3674,54399.1327,42954.1469,37133.5745,39894.6851,5704.2092,50437.1971,43649.1072,55833.8016,1168.5938,-344.3509,26605.6806
57386.443,28634.7717,54408.9675,42962.6405,37147.7008,39894.0146,5715.6533,50440.2816,43646.9615,55839.3896,1176.998,-337.7795,26614.4872
57370.2604,28633.8329,54414.6895,42956.7397,37131.0711,39886.6385,5718.872,50415.0689,43634.2657,55839.2555,1164.3916,-345.1556,26616.4988
57351.9319,28633.2071,54416.0753,42949.3189,37116.9895,39881.3188,5718.9614,50386.5927,43621.4358,55835.0533,1148.6113,-352.6658,26611.5814
57355.0612,28638.4821,54415.1366,42949.453,37129.5065,39883.6881,5722.0459,50383.4635,43620.3629,55834.5616,1153.2605,-347.0331,26610.1956
57363.1078,28645.4558,54412.812,42955.9797,37149.623,39880.2906,5726.3374,50395.9358,43631.6729,55840.5519,1171.5889,-332.8621,26616.8565
57362.6161,28656.1847,54415.0919,42962.1041,37154.2275,39881.2294,5731.6571,50388.4703,43631.8517,55848.6432,1181.2001,-331.9234,26622.0421
57341.5607,28648.3169,54413.6614,42946.592,37128.9253,39869.2489,5727.4103,50350.4723,43599.1287,55834.1146,1156.7026,-348.7766,26612.7884
57321.1312,28639.0185,54408.744,42932.2869,37103.3549,39852.4404,5726.3821,50311.9379,43578.5204,55829.1972,1136.7649,-359.0584,26606.7982
57329.4014,28641.2984,54405.5253,42935.1479,37120.9234,39853.4238,5731.1207,50319.5822,43573.6924,55822.6258,1147.3596,-354.6774,26608.8545
57348.3557,28653.1001,54409.9957,42944.5356,37153.0205,39866.8349,5737.0663,50351.9475,43588.7128,55829.6889,1165.1516,-341.2664,26615.113
57341.7842,28656.3188,54412.6779,42943.1945,37157.0438,39863.1692,5737.111,50348.8183,43592.7808,55839.6131,1165.9563,-333.8009,26615.873
57323.6346,28653.0107,54412.365,42938.4559,37131.0711,39855.3461,5733.937,50309.7475,43574.0948,55831.5665,1156.6579,-347.212,26612.7437
57310.0895,28649.345,54409.3698,42927.146,37107.9594,39849.4899,5730.3607,50276.801,43562.606,55820.6141,1145.9291,-360.0419,26608.5416
57321.1759,28653.8154,54406.0618,42933.5833,37113.905,39853.6474,5730.4502,50285.5629,43565.2435,55820.7035,1151.517,-352.174,26610.1509
57343.5724,28658.6881,54402.4408,42944.4462,37126.3325,39859.3694,5730.6737,50308.4958,43577.4475,55822.6258,1168.6832,-337.1537,26613.906
57347.104,28651.9825,54402.3961,42943.8651,37126.1984,39858.8777,5728.5726,50305.9477,43571.4573,55821.4635,1169.6666,-337.9136,26610.6427
57319.2984,28646.3499,54402.5302,42927.3248,37099.2869,39848.5959,5725.1304,50283.5959,43551.743,55811.9863,1149.6842,-356.9573,26600.0926
57294.9797,28637.5433,54400.0715,42920.2169,37074.6553,39842.7397,5720.526,50247.7884,43536.2309,55801.5704,1134.1274,-370.1001,26595.8011
57311.4753,28644.2935,54402.7537,42927.0118,37092.2238,39850.0711,5725.0857,50251.8117,43544.3223,55805.5043,1150.5783,-356.5103,26605.6359
57333.5141,28657.034,54407.8946,42944.6697,37120.834,39859.8164,5728.7067,50274.9681,43562.4272,55810.9134,1169.1749,-339.2547,26613.3696
57331.413,28656.7211,54409.5486,42942.5687,37117.8836,39852.6192,5723.2976,50266.6533,43559.7003,55809.4829,1166.7162,-341.3111,26608.8545
57310.2683,28648.5404,54409.7275,42933.4044,37097.767,39845.556,5721.6436,50235.182,43548.5244,55807.6501,1150.1759,-357.2255,26605.9935
57292.4316,28645.0088,54409.7722,42923.3462,37072.1519,39843.6785,5720.9283,50213.322,43530.3748,55800.8552,1134.7085,-368.5802,26603.356
57303.1604,28643.4442,54410.8003,42934.7008,37082.0314,39847.2548,5722.8953,50223.2015,43531.3582,55800.1399,1143.3363,-353.694,26606.7535
57336.1069,28651.4014,54407.3135,42957.4996,37110.8651,39857.2236,5727.3656,50247.6543,43554.6488,55807.6501,1169.0408,-334.8291,26611.6261
57340.4431,28648.5404,54410.3533,42963.3111,37115.8719,39858.0283,5726.4715,50246.0003,43556.7498,55809.2147,1174.6287,-332.9515,26612.4755
57320.5948,28634.28,54407.8499,42946.9049,37087.7534,39843.0526,5719.1402,50218.8206,43541.0142,55801.6151,1158.5355,-350.4753,26604.2501
57301.864,28621.4948,54399.8927,42930.9458,37066.5193,39831.2062,5714.3569,50187.0364,43523.8034,55791.4227,1141.8611,-365.9427,26597.6787
57309.4636,28623.5064,54401.055,42932.5551,37081.8079,39833.9331,5716.8603,50191.8644,43529.3466,55795.759,1148.2537,-361.3383,26598.7515
57340.2643,28630.0778,54409.191,42939.1265,37108.9876,39840.0128,5719.766,50219.2229,43552.8606,55813.1933,1164.0787,-345.0215,26608.5416
57346.4781,28631.1507,54405.5253,42940.7358,37111.2227,39835.5424,5716.5027,50221.8157,43545.6187,55812.1204,1167.208,-342.4734,26607.424
57335.3916,28629.5861,54402.9325,42932.1975,37082.6125,39827.4064,5710.1101,50196.3347,43531.3135,55803.0456,1149.6395,-359.3713,26602.1937
57325.7804,28627.1274,54397.434,42919.8593,37050.873,39818.0634,5708.009,50166.7857,43522.3728,55797.6365,1132.2945,-370.6366,26597.7234
57342.4995,28628.9603,54393.9918,42930.007,37069.5144,39827.317,5711.6747,50177.7828,43526.7538,55801.8386,1139.4471,-365.7192,26598.6174
57365.5665,28635.487,54398.2834,42936.9807,37095.8,39838.5823,5713.1499,50197.0947,43549.8655,55814.7132,1157.105,-347.8378,26605.7253
57366.3712,28638.348,54403.156,42936.8913,37098.2587,39840.0128,5714.491,50206.0801,43552.7712,55814.2662,1158.312,-344.5297,26607.2005
57353.1836,28636.9622,54402.1279,42930.3646,37079.4833,39841.1304,5712.4346,50203.8002,43545.4398,55809.0806,1143.7833,-353.3363,26603.0431
57337.5374,28634.28,54398.641,42919.5911,37057.2209,39841.7562,5713.5969,50192.4902,43538.4214,55802.4645,1134.7085,-364.6463,26600.7632
57349.0262,28637.4092,54399.4904,42927.593,37067.8604,39844.2596,5717.9779,50208.9858,43552.1901,55810.7793,1146.8232,-358.7902,26604.9653
57364.583,28643.9359,54402.0832,42944.4462,37100.181,39851.9933,5719.319,50233.4833,43560.7731,55821.5529,1160.6365,-346.3626,26611.9838
57355.1953,28635.174,54401.6808,42940.2441,37105.2772,39842.1139,5718.3802,50234.7797,43566.9869,55823.2516,1164.4363,-340.2829,26613.9954
57335.7046,28622.97,54403.6925,42933.1809,37090.9721,39832.0556,5719.4531,50211.0869,43560.4602,55815.3391,1153.7075,-349.6706,26610.1509
57326.5851,28611.9729,54402.4855,42929.0235,37070.2296,39825.0371,5719.8554,50187.6175,43542.9364,55809.1253,1139.4471,-363.6181,26603.4454
57338.8785,28614.4316,54400.6974,42933.8515,37078.1422,39828.7922,5717.4861,50202.5038,43547.1833,55810.1535,1149.0583,-359.5054,26604.7865
57351.7978,28624.624,54400.9209,42939.5288,37105.9477,39835.6766,5718.1567,50231.874,43566.9869,55815.1156,1164.5705,-348.0613,26609.2122
57357.2516,28630.6143,54401.055,42938.0089,37109.077,39840.0575,5716.0109,50235.8079,43573.5136,55817.1272,1164.794,-345.0662,26609.0333
57352.066,28629.6755,54404.4971,42936.4443,37092.3579,39839.5658,5716.4133,50221.1452,43564.6176,55811.6734,1157.8649,-351.4141,26608.5416
57335.481,28626.1439,54405.2124,42928.2635,37075.9517,39839.2528,5717.1732,50210.9975,43551.2066,55801.3022,1145.2585,-362.2323,26601.8808
57343.5277,28636.0681,54412.9461,42940.2888,37091.732,39849.4005,5724.1917,50236.702,43567.5681,55816.7249,1155.5403,-351.9952,26608.7651
57372.0485,28645.9923,54414.2425,42956.8738,37117.2577,39863.795,5727.0974,50267.7709,43582.9014,55828.4372,1175.7016,-330.5376,26614.2637
57377.5023,28651.312,54411.9179,42964.6075,37127.5395,39863.4374,5728.4832,50279.3044,43590.501,55827.7667,1179.6355,-330.0458,26611.2238
57365.6112,28649.1215,54409.191,42961.1206,37110.1499,39860.3529,5728.0362,50268.5755,43577.9393,55823.7433,1161.3965,-343.8592,26607.9605
57346.791,28644.1147,54409.0122,42954.3704,37087.7087,39855.212,5725.041,50239.8312,43563.4553,55815.4285,1144.9009,-357.2255,26603.5348
57357.7881,28652.1614,54406.6876,42956.2032,37091.3297,39865.9855,5722.3141,50249.5319,43569.2668,55813.5957,1148.4772,-350.1177,26603.4454
57387.65,28653.9942,54405.883,42964.6075,37120.2528,39877.9213,5720.3472,50286.3675,43584.5107,55820.9717,1165.3751,-338.763,26606.7535
57389.5723,28657.1234,54405.4359,42968.5861,37128.076,39880.7377,5714.3122,50295.5317,43589.4728,55818.6024,1170.0243,-335.3655,26606.7535
57376.6977,28652.3849,54402.3067,42960.8077,37110.6863,39882.5705,5711.3618,50278.0974,43584.7342,55814.7132,1157.4179,-345.4238,26605.5018
57353.273,28642.8183,54398.2834,42947.2178,37090.6591,39878.4578,5708.1431,50255.388,43575.57,55809.2147,1141.6823,-356.1527,26601.2102
57356.1788,28645.4558,54395.3776,42949.3636,37106.8418,39878.5472,5710.1101,50270.5872,43580.4874,55813.3274,1148.5666,-348.9554,26601.702
57384.0737,28651.6249,54399.4904,42960.4053,37133.9768,39885.3421,5718.2014,50300.9856,43592.7808,55823.4751,1166.2245,-333.5327,26608.5863
57387.3818,28659.4033,54408.2522,42961.3441,37140.28,39886.6832,5724.1023,50309.4792,43607.3095,55829.4207,1171.9018,-332.281,26613.9507
57374.5966,28654.2177,54410.7556,42956.5609,37121.9516,39879.3072,5725.2198,50299.3762,43598.3241,55825.7997,1158.0437,-342.6969,26612.8331
57359.0845,28650.9097,54407.1794,42938.59,37099.3763,39865.9408,5722.94,50272.3753,43586.9694,55820.8376,1137.659,-353.6046,26607.1111
57369.8133,28660.2527,54407.7605,42948.1119,37118.4647,39872.5569,5727.3209,50285.2947,43594.256,55823.341,1149.1477,-344.8427,26609.7933
57392.6121,28667.4052,54412.9908,42964.9204,37146.6279,39880.9165,5733.49,50310.2392,43619.737,55839.926,1175.4334,-327.006,26618.1082
57395.786,28665.3042,54412.6779,42965.3674,37152.4394,39880.6036,5733.8476,50319.5822,43620.944,55845.5139,1180.7531,-325.5755,26619.3599
57377.1894,28660.4315,54410.1745,42953.4763,37131.2946,39871.1264,5730.6737,50296.2917,43604.0461,55839.5237,1166.3586,-334.1585,26615.7389
57359.308,28657.8387,54408.0734,42943.9992,37109.7475,39861.9175,5730.0925,50272.2859,43588.9363,55831.2088,1149.9524,-346.8543,26611.7603
57368.8298,28654.6648,54408.0734,42944.9379,37119.5823,39861.1128,5727.1421,50280.9584,43593.1385,55833.6675,1153.9757,-346.4967,26613.3696
57390.7793,28657.5705,54408.6099,42950.6153,37146.9408,39869.2042,5728.2597,50305.4112,43614.7749,55844.3964,1171.0525,-329.2859,26620.4327
57399.6753,28662.622,54407.7158,42951.8223,37143.8116,39868.7124,5727.9468,50307.9593,43621.5699,55846.1845,1174.4499,-324.6814,26621.7738
57384.3867,28658.9563,54405.0783,42936.6231,37120.6999,39860.6658,5725.8904,50290.5697,43606.6389,55842.7423,1160.9942,-338.2266,26619.181
57365.79,28649.3897,54405.883,42925.5813,37093.7884,39854.9885,5726.3374,50268.665,43593.3173,55838.3614,1143.6045,-349.4471,26615.1577
57376.653,28654.0836,54403.9607,42929.1129,37099.1081,39860.2635,5726.4268,50280.3326,43602.705,55841.7141,1147.2702,-344.8874,26617.3035
57404.9503,28663.4713,54405.2571,42951.0623,37136.1226,39876.0885,5733.8476,50314.1731,43628.9459,55851.8171,1176.6851,-319.9428,26627.4959
57404.235,28656.6764,54404.9442,42950.9282,37143.7669,39872.4228,5735.904,50313.1449,43625.772,55847.7491,1178.8756,-319.7193,26625.8866
57381.5256,28648.3169,54401.1444,42936.1761,37122.3092,39862.7222,5728.7961,50285.9652,43598.8605,55834.6957,1155.0039,-338.8971,26614.3084
57358.5927,28635.4423,54398.2387,42917.7582,37095.8,39851.0098,5722.627,50268.7991,43585.4942,55829.5548,1135.9602,-357.0467,26607.4687
57371.1544,28641.209,54401.3679,42932.1975,37114.0838,39864.1527,5725.4881,50280.6902,43598.3688,55836.4838,1149.7289,-345.3791,26612.5649
57385.0125,28644.6512,54405.7935,42950.9282,37134.558,39870.7241,5730.0478,50296.7387,43618.843,55844.6646,1168.3702,-331.6104,26617.6611
57383.8949,28649.8368,54408.5652,42949.006,37130.177,39865.0467,5730.0925,50306.35,43622.4192,55849.0008,1170.2031,-330.627,26615.5154
57357.3411,28635.2187,54406.9558,42931.1693,37105.8136,39852.3957,5724.6834,50284.9817,43601.6768,55847.3021,1150.7124,-340.8194,26609.6145
57350.9037,28637.0963,54414.5554,42940.3782,37104.249,39856.7766,5732.3724,50269.4249,43593.6749,55838.6296,1149.103,-344.2615,26612.1179
57356.5364,28641.209,54415.9412,42944.9379,37111.3122,39861.3364,5738.1839,50276.801,43606.9518,55842.787,1160.0107,-340.3723,26615.7389
57382.6432,28653.3237,54421.3504,42962.1488,37140.9506,39876.7591,5744.6212,50310.5074,43632.7904,55855.0358,1180.4849,-319.4511,26624.9478
57383.9843,28647.6016,54416.1201,42966.6638,37150.2936,39875.6862,5739.4803,50312.385,43624.4756,55851.4595,1180.172,-320.5687,26623.6961
57362.3031,28636.8728,54411.2474,42956.3373,37131.6969,39868.176,5735.5464,50291.8214,43609.947,55845.5586,1167.208,-338.9418,26617.3482
57344.5559,28631.6425,54407.2241,42943.418,37102.7291,39858.3412,5727.5444,50265.044,43591.6185,55835.4557,1146.3761,-355.795,26608.8545
57347.4616,28634.5035,54406.2853,42943.9545,37104.8301,39861.9175,5723.2082,50273.2247,43601.8556,55836.1262,1152.0535,-350.6988,26609.1228
57373.9707,28642.2372,54407.0005,42957.3208,37141.3082,39875.5521,5727.8574,50306.2606,43616.116,55843.4576,1174.6287,-330.8952,26613.9507
57379.514,28644.0253,54406.6876,42953.3869,37148.5054,39875.4179,5728.215,50307.8699,43622.0616,55844.8881,1176.1039,-328.6153,26612.3861
57364.5383,28643.3101,54405.9724,42950.8388,37128.7465,39870.4112,5723.7893,50293.7883,43613.8809,55843.2788,1156.3897,-341.4005,26603.4454
57334.9446,28632.4024,54406.777,42942.6581,37108.7193,39862.141,5719.0508,50273.0012,43605.2084,55840.7754,1141.0117,-354.0069,26599.3774
57345.4499,28637.9904,54406.9558,42946.5473,37118.1071,39862.3645,5721.6436,50286.8593,43602.7944,55839.479,1153.6181,-351.28,26602.1043
57379.1116,28645.4111,54408.0734,42953.6551,37148.6396,39873.9427,5723.834,50310.9545,43617.0995,55848.6432,1170.2478,-337.4219,26605.4571
57381.4362,28644.6959,54409.191,42958.6172,37147.6561,39871.6182,5720.8389,50318.867,43618.9324,55852.8006,1172.6171,-338.003,26606.217
57367.2205,28645.3664,54410.0404,42951.6435,37121.5045,39860.1294,5723.2082,50303.9807,43606.8177,55846.6315,1161.173,-346.6755,26605.0994
57357.0728,28647.244,54412.0073,42946.7261,37111.0886,39858.1624,5724.1023,50281.0478,43598.7264,55838.6743,1148.7901,-353.2022,26601.6573
57362.8396,28646.484,54410.5321,42946.0555,37114.7543,39865.7173,5721.2859,50283.8641,43605.566,55839.5237,1152.9922,-344.7533,26603.0431
57380.408,28641.1196,54404.6313,42947.8884,37132.8592,39866.522,5718.5143,50305.143,43613.6127,55841.8483,1163.6317,-337.1984,26605.3677
57394.7132,28647.7357,54405.883,42950.2577,37141.8446,39869.83,5722.94,50319.0011,43621.7934,55849.3137,1169.8455,-336.8407,26606.8876
57378.6199,28653.5025,54408.2075,42943.1945,37124.2762,39864.7785,5722.2694,50299.868,43611.4222,55847.0786,1157.1944,-351.9952,26603.0431
57354.6141,28638.8397,54405.7488,42921.7815,37096.2471,39851.0545,5715.3404,50282.6124,43603.6885,55837.7802,1139.8941,-369.4296,26598.1257
57361.7667,28639.9126,54404.2289,42934.4773,37105.9477,39856.1507,5714.6251,50290.6144,43612.9868,55841.6247,1147.2255,-362.8135,26601.7467
57380.0504,28657.034,54411.158,42951.0176,37132.9039,39866.7455,5720.2131,50318.1517,43632.9693,55852.1301,1165.4645,-347.1673,26611.5367
57386.8006,28659.8951,54408.2969,42951.0623,37146.9855,39868.1313,5724.1917,50323.3373,43636.8138,55855.0358,1166.7609,-341.8028,26610.4639
57367.0417,28655.5141,54408.9228,42943.418,37126.7349,39861.2916,5722.9847,50312.385,43621.5699,55851.4595,1152.4558,-350.3412,26606.8429
57351.619,28645.5899,54408.1181,42926.1178,37096.0683,39852.8427,5719.9895,50294.2801,43616.3396,55845.2457,1138.553,-360.2654,26602.8643
57356.3576,28643.2207,54407.7605,42929.9176,37105.2772,39859.3247,5719.5425,50294.0565,43621.6146,55850.8784,1146.0185,-354.7221,26606.217
57379.6481,28647.9592,54410.5768,42939.9759,37132.1887,39864.0633,5722.0012,50317.8835,43640.0771,55860.8025,1161.8435,-337.0643,26611.9391
57386.3536,28649.9262,54415.1366,42945.9661,37147.969,39863.6609,5725.7563,50328.21,43647.3638,55865.0047,1172.6171,-333.8009,26616.1412
57362.2584,28645.1876,54413.4825,42935.9525,37134.2897,39859.8164,5724.3258,50312.5638,43630.7341,55856.2875,1160.2342,-351.4588,26611.3132
57345.1817,28645.8582,54411.1133,42928.2188,37114.1285,39858.8777,5722.5376,50294.2801,43618.843,55849.4031,1144.588,-362.4111,26605.2336
57370.618,28646.7969,54415.4942,42937.3384,37126.2878,39866.7008,5728.5279,50308.4511,43630.2423,55857.6286,1152.5005,-350.6094,26611.2685
57391.9863,28656.0506,54413.3484,42949.9894,37155.9262,39866.1643,5729.9137,50337.8212,43644.1004,55863.8871,1172.2594,-337.109,26613.9954
57389.8405,28661.4597,54408.4311,42950.0341,37162.2741,39862.4092,5724.4152,50340.5929,43641.2841,55861.339,1174.3158,-339.2547,26611.045
57375.8483,28651.7143,54412.8567,42943.3286,37141.04,39860.6211,5725.9351,50325.0808,43632.3881,55853.8288,1161.173,-349.313,26609.7039
57355.1953,28637.4092,54406.777,42924.4637,37111.7145,39858.7435,5719.9895,50291.8214,43620.0947,55843.5917,1141.6823,-363.484,26602.7749
57363.0631,28638.5268,54408.6993,42929.247,37117.1236,39866.6114,5718.6484,50304.2489,43630.9129,55847.2574,1150.3994,-356.6891,26606.217
57387.2477,28641.7007,54408.9675,42941.8981,37145.2868,39875.7309,5723.4764,50341.2634,43645.6203,55852.6665,1170.9183,-339.21,26612.9225
57379.8716,28637.0069,54406.1959,42940.1994,37151.4559,39873.4063,5719.7213,50355.3897,43644.7263,55848.1067,1169.5772,-336.6619,26611.8944
57369.1428,28635.8893,54409.7275,42937.9642,37135.005,39869.4277,5715.9215,50341.7104,43641.4182,55851.8171,1159.2954,-347.7931,26608.5416
57353.4071,28631.4189,54412.4097,42930.4987,37107.3782,39868.0419,5712.9264,50317.4365,43630.2871,55844.754,1140.52,-360.1313,26600.3609
57357.2963,28624.9816,54407.8946,42928.6659,37112.3403,39867.5501,5707.1149,50322.9797,43631.6282,55837.6014,1136.3178,-361.9194,26596.4717
57381.3021,28634.1906,54410.1298,42945.2509,37147.8796,39875.105,5711.63,50342.6045,43652.2812,55846.5421,1156.7026,-346.4073,26603.2219
57386.5771,28637.588,54408.744,42951.5094,37153.6911,39875.0603,5715.6086,50345.4655,43657.1091,55853.337,1168.6385,-338.0477,26607.3793
57371.3779,28630.4355,54411.7838,42943.418,37133.8874,39871.0817,5713.5075,50320.968,43644.1898,55850.789,1159.6531,-350.5647,26605.0994
57354.2118,28625.4734,54409.9957,42926.6989,37113.3685,39865.6279,5712.9264,50301.9691,43629.4377,55839.3449,1140.0729,-361.1594,26600.0032
57366.1476,28626.8592,54414.1084,42927.7718,37114.5308,39870.59,5717.2626,50315.2013,43634.7127,55842.4294,1147.002,-350.2071,26604.8759
57387.2477,28635.3976,54416.3883,42941.8981,37143.6328,39878.1002,5723.3423,50345.6444,43654.1587,55847.7044,1164.4363,-336.2149,26610.2403
57388.9017,28632.1789,54415.1813,42946.3238,37148.9972,39878.1002,5722.8953,50346.449,43658.1373,55851.6383,1173.1535,-332.5939,26613.9954
57377.547,28629.0497,54415.8518,42937.3831,37125.7514,39874.2557,5718.4249,50327.5394,43649.4648,55849.5373,1159.6084,-346.4967,26612.3414
57356.4917,28615.5045,54407.7605,42917.937,37098.4823,39861.3811,5709.5736,50301.7902,43626.8449,55837.2885,1134.9767,-363.3946,26601.1208
57366.0135,28611.5259,54405.3912,42923.6591,37111.3122,39859.6823,5709.976,50318.0623,43634.5339,55838.1826,1139.6706,-354.588,26604.2948
57387.6947,28625.0263,54408.9675,42939.7523,37142.0234,39870.9476,5715.251,50340.9505,43650.9401,55848.4197,1166.001,-335.0526,26612.0285
57391.6286,28627.9321,54409.2357,42944.4462,37144.5715,39872.6463,5717.7097,50337.6424,43656.975,55846.408,1171.276,-334.2479,26611.0003
57378.8881,28619.4384,54408.3863,42938.903,37119.6717,39869.2936,5713.9099,50321.281,43644.8604,55842.2506,1153.2605,-349.7601,26606.3958
57364.0466,28607.2791,54408.4311,42930.3646,37100.5833,39867.5948,5712.3899,50299.5998,43630.9576,55839.0766,1140.0729,-360.176,26601.8808
57373.8366,28610.0954,54410.8897,42933.3597,37116.9001,39875.8203,5711.8088,50316.4083,43634.6233,55841.9377,1144.9009,-356.3762,26605.0994
57385.3701,28613.0905,54411.2474,42939.0818,37136.8378,39877.6084,5711.9876,50348.5501,43650.2248,55848.5091,1159.3401,-343.7251,26609.6592
57383.135,28616.1751,54412.0073,42943.6415,37141.0847,39879.933,5708.3666,50354.1827,43659.4784,55852.8006,1167.1633,-342.9204,26607.6475
57369.5451,28613.1352,54409.5486,42936.1314,37122.041,39874.7921,5703.7175,50338.76,43651.2083,55842.4294,1152.5005,-358.3878,26602.7749
57354.2118,28604.2392,54404.9442,42921.558,37095.3083,39863.3033,5698.8895,50312.832,43639.943,55829.5995,1129.6123,-373.14,26595.8011
57354.3012,28605.4462,54403.6925,42920.8428,37100.9856,39862.7669,5697.5931,50318.3752,43645.0392,55839.7025,1134.8426,-364.1993,26600.6738
57375.1777,28620.109,54402.0385,42935.0138,37132.8145,39869.6512,5700.5435,50352.2605,43665.2452,55843.9493,1158.8037,-348.0613,26605.9935
57387.4712,28623.6405,54406.2406,42939.797,37140.5035,39877.2508,5705.6397,50370.8124,43667.0333,55846.9445,1160.413,-342.9204,26609.6145
57370.4392,28613.8505,54403.2007,42929.0235,37111.4463,39871.2158,5704.5668,50352.3499,43646.7826,55839.7919,1143.5598,-355.7503,26603.4454
57351.7978,28609.6036,54406.4194,42916.1042,37086.0994,39868.3101,5705.1927,50330.5793,43636.1879,55838.719,1130.864,-365.3169,26601.5232
57364.8065,28614.074,54408.6546,42924.8661,37103.6232,39875.6862,5707.0255,50338.5365,43652.46,55844.4858,1143.6492,-355.5268,26607.5134
57386.0854,28625.2946,54409.9957,42940.1547,37141.3529,39879.933,5712.7029,50365.001,43671.8613,55853.1135,1163.6764,-338.9865,26613.3696
57390.3769,28629.7202,54409.6828,42941.8981,37153.8699,39883.4199,5712.5241,50371.2595,43671.7719,55853.7841,1167.0291,-337.2878,26613.2355
57374.5072,28623.9088,54405.8383,42933.5833,37129.1935,39881.3188,5711.0935,50354.3615,43651.4765,55844.3069,1152.6346,-350.2965,26608.5416
57351.7978,28617.7844,54406.0618,42917.4453,37102.1479,39869.0253,5705.9079,50334.0662,43643.5193,55837.065,1138.8659,-363.1711,26604.7418
57362.2137,28620.2431,54408.6993,42918.9205,37104.9643,39871.3946,5706.2209,50338.313,43651.9235,55844.8434,1145.348,-355.6609,26609.8827
57389.1699,28628.0662,54405.8383,42935.1926,37128.076,39880.0224,5707.3832,50360.173,43663.6806,55851.9959,1163.3188,-341.8028,26611.7603
57392.9697,28630.0778,54402.1279,42939.3947,37141.0847,39877.966,5704.5221,50375.1487,43664.0382,55847.7491,1164.7046,-339.6571,26608.5863
57372.0485,28618.1867,54399.4904,42926.5648,37118.9564,39865.5385,5702.1081,50356.3732,43646.9615,55834.2487,1143.6939,-356.555,26597.2763
57350.9485,28610.4083,54401.8596,42909.2646,37093.4308,39856.6425,5702.5105,50339.1623,43639.5854,55829.7783,1125.3208,-371.5307,26593.1189
57349.965,28610.5871,54405.7488,42908.147,37091.1956,39856.7766,5699.3365,50336.8825,43644.7263,55826.7832,1130.864,-366.9709,26596.2929
57371.3779,28619.5278,54408.2075,42926.7883,37126.869,39869.9194,5700.6776,50362.1846,43660.1937,55830.4489,1151.7853,-351.2353,26601.3891
57379.2011,28622.0312,54407.2241,42933.4491,37134.4686,39871.0817,5701.8399,50374.9698,43657.288,55833.1311,1157.552,-351.0565,26600.3609
57368.7851,28615.8174,54407.8946,42924.5085,37110.284,39862.3645,5703.6728,50357.5355,43646.6932,55831.6559,1139.7153,-360.3548,26596.3823
57355.8658,28607.2791,54404.4077,42912.3938,37091.0615,39857.9836,5703.181,50327.2265,43631.3599,55824.995,1123.5774,-366.8815,26593.5212
57367.6229,28615.5045,54408.3863,42920.3063,37109.3899,39869.5618,5710.6018,50349.0418,43644.1451,55838.6296,1140.967,-352.174,26603.4454
57389.1252,28621.5395,54403.4243,42931.6163,37140.1459,39877.5637,5712.1217,50370.276,43660.4619,55843.3682,1159.7872,-346.7202,26605.4124
57395.2049,28619.9301,54402.5749,42935.3714,37144.0798,39877.6978,5710.3783,50372.2429,43666.2734,55839.3896,1162.9164,-346.0497,26607.424
57374.8201,28621.5395,54404.9889,42930.8116,37121.7728,39877.2955,5709.3948,50364.241,43656.2151,55835.7239,1149.3713,-356.8232,26608.3181
57358.0116,28621.763,54404.5419,42921.2898,37104.8301,39870.9923,5708.9478,50345.3761,43642.2676,55832.7287,1133.9933,-366.4345,26606.1276
57356.9387,28618.0079,54404.6313,42924.0167,37110.3734,39873.0934,5709.3501,50348.6842,43643.7875,55830.7618,1136.4073,-362.0535,26605.1888
57379.1116,28625.2499,54404.8548,42938.5453,37127.6289,39881.14,5713.5075,50374.2546,43666.3628,55843.0105,1156.8367,-349.9389,26605.2783
57385.5042,28629.8096,54406.1959,42933.5833,37137.0614,39879.9777,5709.6183,50384.5811,43665.2005,55847.5256,1158.5802,-349.6706,26603.8477
57367.6229,28627.1721,54409.638,42927.9953,37123.9185,39873.8533,5707.9196,50368.1749,43653.667,55839.6131,1142.7552,-358.2984,26599.6456
57362.8843,28620.5113,54412.2756,42922.765,37111.6251,39874.2557,5706.5785,50344.035,43642.9381,55836.8415,1132.4286,-369.6531,26599.9138
57371.4674,28615.5045,54408.1181,42918.8311,37112.2062,39876.5802,5703.0916,50355.6132,43647.0956,55839.1213,1134.0827,-369.072,26602.8643
57392.0757,28628.7367,54408.6546,42937.1595,37132.7251,39884.2692,5708.2772,50387.2186,43662.9653,55846.2739,1154.2886,-353.7834,26609.7933
57390.0193,28632.5365,54405.7041,42943.5968,37143.454,39882.3917,5706.5785,50386.6822,43663.3229,55851.4595,1160.2342,-351.727,26608.8098
57371.065,28621.763,54405.9724,42931.7951,37123.6056,39867.1925,5700.1412,50365.0904,43652.6388,55846.2292,1145.2585,-364.5569,26602.3725
57358.2798,28611.9282,54404.8548,42917.8476,37092.492,39857.313,5697.4143,50347.1196,43640.3006,55840.8648,1128.0477,-381.0525,26598.528
57358.548,28612.2411,54403.9607,42920.1722,37099.0634,39858.9224,5700.8564,50347.3431,43641.91,55842.6082,1133.7698,-374.7046,26601.8808
57379.0222,28621.316,54407.8499,42934.2985,37124.2315,39873.004,5710.3336,50377.3391,43669.045,55852.9794,1158.5355,-349.4918,26610.9109
57386.6665,28627.6639,54409.638,42943.6862,37135.0497,39879.2624,5716.458,50393.8347,43680.1314,55857.4498,1167.9232,-341.6687,26612.4755
57369.0981,28623.9535,54408.5205,42936.2208,37119.3588,39866.1643,5711.7194,50379.3955,43669.4473,55850.8784,1152.6346,-355.9291,26608.2287
57354.7482,28624.6687,54411.5156,42929.1576,37101.835,39864.1527,5711.7194,50365.0904,43658.7185,55848.2409,1140.1176,-367.7756,26605.9935
57354.9271,28626.591,54411.605,42932.5998,37109.1664,39870.6794,5710.4677,50374.1652,43665.2899,55846.855,1145.9738,-363.6181,26603.9819
57376.2059,28627.8427,54413.7061,42940.8699,37132.3228,39874.1215,5712.837,50401.3449,43680.0867,55850.476,1162.8717,-347.5249,26606.6194
57379.5587,28631.7766,54411.0239,42944.9826,37141.2188,39874.7921,5710.4677,50416.2759,43679.0138,55853.6947,1165.3751,-340.6852,26607.9158
57371.3779,28626.9933,54408.1628,42939.0371,37122.4433,39868.3995,5708.9031,50393.9688,43670.9225,55846.3186,1150.623,-354.8115,26603.8477
57353.7201,28617.4268,54409.7275,42920.2169,37101.1645,39860.8893,5707.2043,50364.4645,43660.2384,55842.7423,1132.9651,-366.6133,26598.1704
57359.9339,28615.281,54410.6662,42920.3957,37105.2325,39863.0351,5703.181,50369.6948,43660.9983,55843.5917,1136.2731,-361.6959,26601.8808
57380.7657,28624.624,54411.0239,42933.2703,37125.8408,39868.3548,5701.974,50393.03,43679.4609,55851.683,1158.5802,-347.5249,26608.4075
57382.2856,28624.8475,54414.2425,42939.2159,37128.3442,39869.7853,5703.0022,50395.9805,43685.0935,55856.1087,1166.2692,-341.624,26610.8662
57361.275,28614.6998,54411.5603,42931.3481,37105.9477,39861.6046,5699.1577,50372.0641,43676.5552,55849.269,1156.6579,-352.0846,26609.9274
57350.412,28605.3121,54410.8003,42922.1839,37092.7602,39858.1177,5698.7107,50353.8251,43656.2151,55840.5071,1143.9174,-364.9592,26606.8876
57363.5995,28609.246,54414.7789,42929.6046,37104.8301,39868.3548,5699.2024,50361.1118,43665.6028,55842.6529,1148.9689,-359.5948,26607.2452
57388.3206,28621.5395,54416.7012,42946.592,37130.8029,39876.6696,5701.6164,50384.9834,43680.8467,55846.855,1168.6832,-341.8475,26611.7156
57402.1786,28623.4617,54414.019,42947.3966,37135.1391,39881.8105,5701.527,50395.444,43681.0255,55847.7938,1169.2196,-340.0594,26613.5931
57399.9882,28619.8407,54412.812,42938.9924,37123.0692,39881.14,5699.8283,50390.8396,43668.1062,55841.9377,1152.4558,-354.4539,26607.2452
57385.0125,28612.42,54411.1133,42931.0352,37102.8632,39879.4413,5695.4026,50369.2031,43653.8011,55834.0251,1141.6376,-363.4393,26602.3278
57389.7064,28619.5725,54411.2474,42931.9292,37105.9477,39882.9281,5699.6942,50383.9105,43653.8458,55832.997,1148.2537,-356.9573,26602.2831
57399.7647,28625.2499,54414.0637,42937.4725,37128.8359,39893.0758,5703.0916,50410.0174,43671.4143,55844.5305,1165.688,-345.6026,26607.7369
57403.6539,28626.8592,54413.6167,42935.3267,37135.765,39895.5345,5698.5319,50418.4216,43677.2257,55845.7375,1166.9397,-346.4967,26607.4687
57392.0757,28626.5463,54409.1016,42924.1061,37116.2295,39887.3091,5692.2287,50398.5286,43665.2899,55836.6179,1150.1759,-357.0914,26603.5348
57372.5402,28613.5375,54404.2289,42915.2995,37093.3414,39879.486,5687.8477,50363.0787,43644.6369,55825.6656,1128.4947,-371.0389,26595.6223
57372.9426,28616.1304,54407.0452,42920.1722,37098.5717,39880.5141,5692.3628,50370.276,43652.8623,55841.9824,1134.9767,-370.2343,26601.3891
57386.0407,28624.4452,54407.0899,42925.7601,37118.6882,39875.0156,5694.6874,50393.3877,43655.6786,55847.6597,1151.3829,-365.3616,26604.6524
57386.2642,28633.967,54406.2406,42936.3102,37128.3889,39875.9991,5698.7554,50402.8648,43652.8176,55844.8434,1163.0058,-358.9243,26609.6145
57365.8794,28632.4024,54404.6313,42937.3831,37121.0575,39873.7639,5701.0353,50376.3109,43638.5125,55839.1213,1158.3567,-361.8747,26607.5581
57338.1633,28618.9467,54402.262,42921.0216,37093.7884,39858.1177,5695.8497,50339.1176,43616.3843,55829.2419,1137.4354,-378.9067,26601.9255
57337.8503,28622.1206,54405.4806,42919.5911,37096.6941,39860.3529,5698.5319,50341.2634,43611.8692,55829.0184,1139.313,-372.8718,26602.8643
57362.169,28640.2255,54407.0899,42931.6163,37128.3889,39870.1876,5704.4327,50359.5024,43622.2851,55836.4838,1155.5403,-355.795,26609.7486
57366.0582,28648.0486,54412.2756,42937.4278,37142.8281,39876.0885,5710.9594,50368.5772,43623.4921,55841.133,1163.1846,-351.8611,26614.5766
57350.9485,28646.6181,54415.0025,42925.9837,37119.3141,39864.7338,5712.3452,50347.4772,43615.4008,55837.8249,1152.5899,-366.5239,26609.5698
57334.587,28644.83,54413.7061,42912.2597,37095.8894,39856.5531,5717.3967,50316.0506,43593.4961,55829.1525,1141.0117,-375.3752,26606.5747
57335.3469,28650.105,54411.8732,42909.6222,37106.3948,39855.9272,5720.1236,50305.5453,43592.3785,55829.0184,1144.9903,-368.1779,26608.1393
57344.4664,28660.1186,54414.7789,42921.6027,37136.7931,39865.0467,5727.3656,50328.7017,43604.9849,55833.9357,1163.7658,-351.3694,26615.8283
57353.3624,28663.6949,54416.5224,42931.1246,37145.2868,39866.6114,5730.9419,50326.3324,43608.6506,55838.272,1167.5656,-345.692,26616.1412
57328.6861,28656.7658,54411.2027,42917.5794,37117.8389,39847.8359,5724.1023,50293.1178,43586.0306,55830.4489,1149.2372,-361.9194,26606.5747
57308.4354,28650.4179,54409.638,42907.3423,37096.2918,39840.2363,5723.8787,50249.4425,43556.9733,55828.0796,1136.2284,-375.0175,26605.9041
57307.7649,28650.4179,54407.5817,42907.1188,37100.5833,39840.1916,5720.1684,50236.2996,43561.3543,55827.7667,1140.4306,-371.5307,26606.7982
57332.62,28655.0224,54408.4311,42926.6989,37128.1207,39848.1488,5722.627,50256.3715,43581.4708,55833.444,1162.6035,-351.9952,26611.2685
57331.6813,28654.2624,54409.3698,42924.1955,37128.6571,39847.523,5725.801,50251.1859,43574.7653,55833.0417,1167.5209,-348.7766,26608.9886
57318.5831,28652.0272,54406.4641,42910.6504,37106.3948,39840.7727,5722.4035,50231.427,43550.7149,55824.2798,1149.2819,-366.8368,26600.0479
57300.7911,28644.0253,54402.1726,42901.7097,37073.4036,39835.006,5718.2014,50198.257,43528.989,55812.344,1131.7581,-386.0146,26591.7331
57294.3538,28645.6347,54400.6079,42907.6999,37080.3326,39836.213,5720.973,50198.9275,43531.4924,55807.3372,1140.7882,-378.7279,26594.7282
57308.8825,28647.6463,54402.4408,42919.7252,37104.1596,39842.2033,5721.42,50229.9517,43550.089,55808.4548,1160.5024,-362.8582,26601.9702
57323.9028,28648.7192,54406.1065,42923.7038,37108.5852,39841.9797,5725.2645,50234.3327,43562.3378,55818.6471,1164.1681,-358.0302,26611.8944
57314.0681,28648.4063,54407.6264,42911.7233,37089.9439,39838.8505,5722.0012,50208.8964,43550.6254,55816.5908,1152.0535,-364.6463,26609.0333
57294.8009,28644.8747,54412.2756,42900.7262,37066.0722,39836.1683,5721.5095,50180.912,43539.0919,55807.5607,1138.6424,-377.3868,26602.9537
57305.2615,28648.0486,54414.1531,42906.3588,37065.2229,39832.2791,5721.42,50183.1025,43540.7907,55807.0689,1144.3198,-372.9165,26603.1772
57329.4461,28647.6016,54417.4165,42917.5347,37091.7767,39838.7611,5724.9069,50204.1131,43552.6371,55815.0709,1160.5471,-360.5783,26608.184
57339.7279,28651.0885,54419.0705,42921.4239,37102.4162,39837.1071,5727.6785,50207.6894,43565.6011,55821.3741,1171.6336,-352.7999,26612.252
57320.7736,28643.7571,54416.7459,42912.215,37074.253,39826.5123,5722.9847,50181.5826,43557.018,55817.8425,1156.2556,-362.5453,26608.5863
57298.3325,28633.52,54413.8402,42892.7243,37044.8381,39810.8661,5716.9944,50153.1512,43540.2542,55810.5558,1134.038,-378.7279,26600.7632
57318.7619,28637.0963,54418.3999,42904.3025,37066.5193,39820.2986,5718.7825,50171.3902,43546.5574,55819.1389,1145.1244,-372.5588,26605.9488
57344.69,28644.2041,54413.9743,42918.1159,37092.8496,39826.3782,5722.18,50189.5398,43561.2649,55824.4139,1166.1351,-362.1429,26608.8098
57350.7696,28647.244,54409.8616,42914.9419,37097.6776,39825.4842,5718.2014,50191.5514,43563.9024,55823.5645,1168.4597,-358.3431,26606.53
57343.5277,28640.0914,54412.0073,42912.0362,37074.0294,39815.5153,5713.3734,50167.6798,43545.5292,55816.5908,1157.6414,-369.5637,26600.8079
57319.8348,28631.6425,54407.8052,42895.7194,37047.3415,39808.1392,5708.6349,50136.4768,43522.2387,55805.4149,1135.8708,-382.8406,26591.7778
57322.4276,28633.7435,54406.5088,42899.251,37057.8915,39813.2801,5709.2607,50138.3096,43529.4807,55808.0077,1140.8776,-375.2857,26595.667
57350.412,28642.2372,54409.3251,42915.7019,37082.9254,39825.1712,5714.0887,50163.7459,43552.1007,55813.7745,1165.3751,-360.4889,26604.563
57364.0913,28645.5899,54409.0569,42916.1936,37086.0994,39827.6746,5714.2675,50178.498,43559.4767,55817.7531,1170.5607,-358.2537,26606.4852
57352.6025,28651.2226,54410.7556,42907.9682,37064.597,39830.3121,5714.3569,50172.9101,43551.743,55820.0777,1157.6414,-368.4461,26605.6806
57338.8785,28640.5832,54409.9063,42888.9245,37040.8148,39823.249,5710.6912,50155.3416,43541.7295,55813.2827,1138.9107,-382.1254,26601.0761
57350.1885,28646.8863,54414.3319,42893.5736,37055.5669,39832.4132,5716.2791,50174.0277,43554.1123,55812.031,1146.9126,-372.9165,26605.9488
57373.926,28656.9893,54417.3717,42910.9633,37085.0265,39841.7115,5721.1518,50205.633,43574.1842,55823.2069,1165.8221,-353.2022,26610.6427
57379.6481,28655.7823,54416.5671,42918.3394,37089.3627,39839.7893,5722.3141,50209.4328,43578.5204,55831.1641,1166.8056,-353.4704,26611.6709
57350.1438,28640.002,54413.0355,42906.5824,37060.2161,39828.0323,5713.6863,50184.1307,43561.5778,55821.2847,1150.4441,-369.6531,26602.3278
57334.8552,28630.0331,54410.2192,42896.3006,37041.4406,39812.4307,5710.6912,50152.9723,43544.3223,55815.5179,1136.452,-384.0029,26595.9352
57338.5656,28631.8213,54409.638,42897.597,37054.1811,39816.767,5713.0158,50167.948,43549.7761,55821.8658,1142.8893,-376.1351,26600.7185
57362.7055,28642.6842,54410.5321,42913.6902,37089.5863,39828.8816,5715.1616,50205.8566,43575.4359,55831.6112,1165.9116,-361.5171,26609.4357
57373.9707,28640.6726,54409.7722,42914.0478,37095.8894,39833.0837,5714.7145,50215.5572,43581.3367,55831.6559,1167.7444,-358.7008,26608.2287
57350.6802,28634.0117,54406.8217,42900.8603,37075.7282,39825.8865,5710.3336,50195.843,43567.9257,55829.3313,1150.8018,-370.0107,26600.4056
57337.2692,28628.6026,54403.7372,42898.044,37053.5105,39825.1712,5711.1382,50165.7575,43553.1735,55819.9435,1137.8378,-380.8737,26597.0975
57342.6336,28628.9155,54399.1774,42899.7427,37059.8137,39825.7524,5709.7077,50171.1667,43565.0647,55820.033,1142.7104,-376.1798,26598.0363
57356.7599,28638.6609,54403.4243,42914.0925,37086.5017,39832.9049,5711.9429,50205.0072,43584.2425,55832.3264,1161.4859,-358.2984,26602.9537
57355.3741,28637.0963,54401.3679,42913.422,37097.767,39833.8884,5706.7573,50221.2346,43585.4495,55833.2652,1162.6929,-356.5103,26603.4454
57344.2876,28637.1857,54401.4126,42913.3773,37082.1208,39833.6649,5709.216,50211.7574,43578.0734,55828.7054,1152.2323,-368.3567,26602.9984
57330.206,28640.6726,54403.2454,42908.1023,37054.2258,39826.557,5709.7077,50181.6273,43559.6555,55822.4469,1134.7532,-384.5394,26596.0693
57336.5986,28642.7736,54403.3349,42907.8341,37061.1548,39829.9545,5708.7243,50193.5631,43563.4106,55820.9717,1136.2731,-381.0972,26598.3939
57359.1739,28654.3965,54404.0948,42918.9652,37090.9274,39842.248,5706.6679,50229.9964,43585.4942,55827.6772,1152.6793,-367.9991,26603.7583
57371.5121,28659.9845,54402.262,42923.7485,37092.6261,39851.1887,5706.5338,50238.1772,43592.7361,55829.7336,1155.0486,-363.7969,26603.6242
57359.5762,28656.4529,54405.9724,42915.1654,37075.0129,39851.3228,5704.5221,50222.2627,43584.2872,55821.0611,1139.9388,-372.9165,26600.0926
57347.9533,28649.3003,54408.6546,42905.9118,37063.3453,39851.7698,5705.0139,50209.6564,43581.3814,55808.3206,1128.1371,-383.7794,26593.5659
57358.6822,28647.244,54412.4544,42912.0362,37073.4036,39860.0399,5709.216,50222.6651,43593.6749,55814.7132,1142.0399,-373.3635,26600.942
57379.7375,28656.587,54414.466,42922.3627,37102.8185,39870.9923,5713.3734,50253.9128,43615.4455,55831.8794,1164.4363,-355.8397,26613.2802
57381.5703,28658.1963,54409.6828,42929.7388,37114.8884,39866.3878,5708.3666,50266.1169,43616.6525,55833.6228,1170.069,-349.9389,26612.0285
57358.7716,28646.0817,54405.2124,42920.1722,37091.5979,39859.0118,5703.3151,50256.5503,43601.9003,55824.4586,1159.9213,-359.5054,26604.7418
57335.7046,28631.0613,54401.6361,42907.7893,37072.286,39851.2781,5700.6776,50231.427,43588.3105,55812.8804,1141.8164,-372.7376,26598.528
57346.1205,28625.1605,54399.1327,42905.5542,37075.7729,39852.5298,5700.7223,50224.0509,43588.0423,55815.6967,1141.3246,-371.7095,26599.6456
57354.3459,28632.0448,54399.5798,42907.1188,37093.9225,39856.2402,5700.2753,50246.492,43604.8061,55825.4421,1151.8747,-359.4607,26600.8526
57361.0514,28633.7882,54399.2668,42920.9322,37113.1003,39862.7222,5702.9575,50269.9614,43614.8643,55827.0961,1162.1118,-354.0069,26601.2996
57351.3955,28629.7202,54396.8081,42914.8972,37099.8234,39854.899,5700.9012,50249.3531,43601.9003,55819.273,1152.1876,-365.4957,26598.841
57327.3897,28624.7134,54390.4155,42900.5027,37070.8555,39838.2246,5695.805,50219.4017,43584.5107,55811.4499,1130.2829,-382.7065,26586.6816
57335.5258,28628.7814,54388.4933,42900.2345,37072.7777,39837.3753,5699.2024,50235.942,43581.2473,55813.5957,1132.2051,-384.2711,26584.8041
57356.6258,28630.4802,54386.1687,42911.9915,37103.5784,39844.1702,5702.5999,50263.3005,43599.3075,55825.6209,1149.5948,-368.312,26591.4202
57364.0019,28638.2139,54389.7897,42922.6309,37115.5143,39844.3043,5705.2374,50276.1751,43607.1306,55830.8512,1156.9709,-363.2158,26594.8623
57348.0874,28634.4588,54392.9189,42915.2995,37101.1198,39835.3636,5701.1247,50247.1626,43598.2347,55826.0232,1145.8397,-373.4529,26593.8342
57333.38,28629.9437,54394.9306,42902.4249,37079.6174,39827.1382,5701.1694,50220.9216,43591.4844,55824.101,1128.5841,-384.2711,26590.1238
57340.2196,28634.1012,54395.1988,42900.5921,37080.3326,39823.8748,5702.4658,50231.6952,43597.3853,55821.9999,1127.1089,-379.3538,26590.392
57372.1379,28648.5851,54399.4904,42914.2267,37107.6465,39835.1848,5709.2607,50264.9546,43619.4688,55826.962,1147.0914,-359.7289,26596.4717
57380.4975,28657.9728,54401.3679,42923.0779,37124.4997,39847.0759,5716.0556,50277.1139,43627.3813,55835.6792,1155.7639,-352.8446,26601.9255
57363.4207,28651.0438,54402.709,42913.6902,37113.9944,39844.0808,5717.6203,50261.9147,43611.3775,55826.7385,1143.5598,-366.3898,26601.4338
57343.3489,28642.3266,54401.3679,42901.8438,37084.9371,39836.5706,5709.7077,50240.7253,43588.7128,55815.6967,1125.3208,-383.1089,26595.5776
57349.205,28646.3946,54403.916,42908.7728,37090.1674,39843.455,5711.8982,50246.9838,43598.4582,55826.4256,1132.9204,-375.1069,26599.1986
57373.6131,28647.0652,54404.4077,42922.4074,37119.9399,39849.6687,5718.5143,50275.1023,43622.7769,55834.8298,1154.6016,-357.5832,26607.2005
57385.1913,28650.5967,54407.4923,42927.2801,37130.8923,39854.7202,5723.0294,50287.798,43626.0402,55842.5188,1165.7774,-350.4306,26609.8827
57363.8678,28645.6794,54406.8664,42911.4997,37111.0886,39847.0759,5719.0508,50258.3832,43613.0762,55839.8366,1151.6064,-361.83,26603.9819
57337.895,28630.3014,54406.5535,42898.4016,37086.5911,39835.9895,5716.1003,50228.7894,43595.7313,55833.3546,1134.2615,-376.4927,26598.1704
57342.1419,28632.9836,54407.2688,42905.1965,37091.9555,39841.2198,5719.0061,50243.3628,43601.8109,55834.6063,1142.7999,-373.3188,26601.8361
57364.0913,28638.4374,54410.4427,42916.8195,37114.8884,39848.2829,5721.5542,50271.526,43619.0665,55844.2622,1167.655,-357.4938,26608.8098
57375.8036,28635.6211,54409.1463,42926.833,37133.8874,39859.28,5723.834,50284.8923,43615.3561,55844.6199,1173.6006,-349.5365,26607.2005
57353.8095,28624.8475,54405.7935,42913.3773,37113.1003,39850.6522,5717.3073,50257.2656,43601.8556,55831.7453,1151.0253,-365.9874,26600.8973
57328.0156,28612.6435,54401.6361,42895.0489,37083.4619,39839.6999,5707.6961,50229.9964,43588.534,55823.0281,1132.1604,-382.483,26594.6388
57323.6793,28606.6085,54396.7187,42892.5902,37085.0712,39834.2013,5701.9293,50218.15,43586.2094,55820.927,1129.2547,-384.4947,26588.9615
57341.4266,28613.4928,54394.2153,42904.1684,37105.5454,39832.3238,5698.1742,50242.6475,43598.1899,55827.5431,1141.4587,-372.4694,26591.3308
57355.687,28618.1867,54397.9257,42911.8127,37108.6299,39831.8321,5704.6562,50255.7009,43608.9635,55829.2419,1146.1973,-362.8582,26593.2977
57347.3722,28616.8903,54399.7586,42905.1965,37089.5863,39824.7242,5705.595,50239.0265,43605.9684,55821.2847,1138.8212,-371.6201,26591.0178
57330.3849,28612.0176,54402.262,42895.9429,37067.1004,39820.835,5703.3598,50220.0723,43590.8586,55817.5743,1127.2877,-386.5063,26588.4697
57327.7026,28608.1284,54402.1726,42897.284,37070.8555,39822.5784,5703.5834,50221.4134,43588.4446,55813.8639,1127.556,-392.0496,26585.564
57347.3275,28615.9068,54401.8596,42912.3938,37101.0303,39830.938,5708.9925,50248.1908,43601.1851,55823.9222,1150.8465,-375.9116,26590.0791
57360.3362,28614.4763,54402.1279,42913.1538,37117.0789,39831.7426,5709.216,50254.941,43610.5728,55830.0912,1154.4228,-370.1448,26593.6106
57348.5345,28610.5424,54402.6196,42907.4317,37099.5551,39827.0935,5706.5338,50233.6621,43611.2881,55824.7715,1140.6094,-380.6055,26590.9731
57329.2673,28606.1168,54399.0433,42895.3618,37071.6155,39827.6746,5703.2704,50210.1481,43586.6117,55811.4052,1123.1303,-395.447,26585.564
57337.3586,28606.0721,54398.0151,42894.3783,37070.7214,39828.3899,5700.9459,50214.6184,43595.1948,55818.6471,1128.8077,-394.6424,26589.185
57361.5879,28611.7047,54403.2454,42908.4599,37100.9409,39839.8787,5703.5834,50251.8117,43617.8595,55834.5616,1150.7124,-378.3703,26595.9352
57359.0398,28611.7941,54398.2387,42908.594,37110.3287,39841.1304,5698.3531,50270.2296,43616.6078,55831.1194,1151.1594,-378.7279,26592.8507
57342.4995,28607.5473,54394.7965,42895.4512,37093.4308,39827.2276,5694.8215,50254.2704,43605.8342,55823.1175,1133.7698,-390.5296,26587.6204
57326.9427,28599.4112,54393.8577,42882.666,37067.7263,39821.7291,5695.8497,50221.8157,43591.9762,55813.7745,1119.9564,-397.9951,26585.0723
57338.655,28603.6581,54396.0482,42890.7126,37078.5892,39834.3801,5703.0022,50229.46,43595.3736,55815.652,1128.3606,-387.2216,26589.3638
57356.8046,28609.1566,54390.6391,42902.6037,37104.2937,39844.2596,5705.2821,50263.2111,43616.7419,55824.3245,1148.9689,-371.933,26590.7049
57370.7521,28618.3208,54387.9122,42906.5377,37111.938,39840.8175,5701.6164,50277.3821,43618.3065,55830.0912,1158.8484,-364.6463,26592.4484
57355.1059,28611.3471,54388.0016,42902.3802,37094.2801,39832.8602,5697.5037,50255.6115,43611.6457,55822.3128,1147.4937,-376.7163,26587.3522
57339.5044,28611.7047,54394.4836,42897.4181,37075.3258,39828.5687,5700.0071,50231.2928,43603.912,55815.8755,1132.8757,-386.2828,26587.3522
57339.1914,28614.3869,54397.4787,42893.4842,37081.182,39828.2111,5704.7904,50238.1325,43607.6224,55821.8211,1135.9602,-378.415,26591.599
57362.5267,28622.3441,54396.6293,42907.387,37112.6533,39843.8573,5710.6018,50276.2645,43622.6875,55829.7336,1148.5219,-361.6959,26597.6787
57371.1544,28627.6191,54396.4952,42918.1606,37128.8359,39846.6289,5712.7476,50285.7864,43631.4493,55836.2603,1155.898,-354.6774,26601.6573
57357.9669,28622.7018,54397.0764,42905.0624,37107.8253,39835.453,5708.9031,50268.0391,43618.0383,55829.1525,1141.1458,-368.8484,26593.3871
57342.8571,28619.2596,54400.7868,42894.4677,37088.4687,39835.5424,5706.8467,50253.9575,43610.2152,55826.0679,1129.4782,-382.6618,26589.9003
57346.791,28616.1751,54395.6906,42895.8535,37088.424,39833.9778,5707.2043,50253.5999,43611.7798,55825.7997,1132.8757,-382.483,26588.0227
57364.4936,28620.3772,54394.7965,42904.4366,37108.7641,39834.8719,5701.1694,50274.9234,43627.6495,55829.9124,1145.348,-375.241,26590.1238
57375.9377,28631.8213,54393.9471,42909.4434,37119.4482,39839.3422,5701.8399,50290.8379,43626.7555,55826.962,1147.2255,-376.001,26589.5873
57360.2021,28628.6026,54392.6954,42898.6251,37105.456,39836.3471,5697.8166,50273.8953,43619.4688,55823.0281,1131.3558,-385.1652,26585.4299
57339.5491,28623.4617,54393.8577,42895.0042,37086.3676,39832.5026,5695.2685,50247.1179,43606.5942,55818.2895,1115.8884,-397.1457,26581.2725
57339.0126,28618.2314,54389.9238,42897.597,37085.6971,39829.9992,5694.6874,50260.3948,43613.5679,55818.066,1118.5259,-391.6919,26581.2278
57362.2137,28622.8359,54389.8791,42905.4648,37105.8136,39837.3306,5695.8497,50289.0944,43632.4328,55827.2302,1136.6308,-372.2012,26588.3803
57372.0485,28624.2664,54393.2319,42908.594,37118.1518,39841.2645,5696.5202,50295.1294,43649.3754,55835.0533,1141.9952,-367.3285,26592.0013
57354.2565,28618.0526,54394.1259,42911.768,37105.0984,39840.1022,5692.9886,50279.7067,43637.2608,55832.4158,1129.97,-378.3703,26589.2297
57330.1613,28611.6153,54390.9073,42901.4862,37075.907,39830.178,5687.2219,50260.9313,43615.3561,55827.0514,1116.0672,-392.3625,26587.0839
57330.9213,28614.3869,54393.5448,42906.1353,37080.9585,39839.3422,5690.2617,50275.4599,43627.3813,55829.8677,1120.8057,-383.2877,26591.3755
57362.2137,28622.6571,54401.5467,42924.0167,37119.9846,39849.8923,5696.252,50313.1449,43647.0956,55838.4061,1141.3246,-365.0486,26597.1422
57374.1943,28629.0497,54406.5088,42931.1246,37135.8097,39850.2052,5702.1976,50330.8028,43657.6456,55846.3186,1151.2935,-358.4772,26603.5348
57362.1243,28631.6425,54404.0054,42919.7699,37114.0838,39843.8126,5701.7505,50317.0788,43642.4017,55836.6179,1137.3907,-371.173,26595.6223
57340.8455,28624.4899,54402.9325,42909.801,37088.0216,39847.0312,5704.6562,50290.4803,43631.6729,55827.3196,1125.6337,-380.1137,26593.4765
57344.3323,28621.9418,54401.3679,42910.9186,37088.3793,39849.2664,5704.2092,50290.2567,43636.4561,55828.9289,1126.9301,-379.6667,26593.7448
57366.3712,28624.6687,54400.2503,42920.3063,37120.4317,39853.245,5703.4045,50313.2343,43647.0062,55833.5334,1138.3295,-369.1167,26595.8458
57368.4275,28622.5677,54394.4836,42915.7913,37119.4929,39850.9651,5696.9225,50317.1682,43648.3473,55831.1641,1135.0214,-369.072,26589.4085
57359.6209,28620.0643,54394.1259,42910.3822,37100.6727,39848.1935,5692.3628,50304.1595,43635.875,55821.9105,1123.4432,-384.7182,26580.736
57342.8571,28613.9846,54389.9238,42897.6864,37070.2296,39840.0128,5690.6641,50283.73,43619.8711,55814.2215,1111.7756,-394.1059,26577.9644
57345.584,28612.1964,54391.3096,42901.665,37077.6951,39844.7067,5691.5581,50286.6358,43626.0849,55819.0495,1119.2858,-386.8192,26582.3007
57362.2137,28613.314,54393.9471,42913.3773,37107.87,39852.2168,5692.6757,50314.799,43647.3638,55823.8328,1139.76,-374.034,26583.91
57368.4722,28611.2577,54387.6439,42913.9584,37112.6533,39842.8738,5691.3346,50316.3189,43646.2462,55815.6073,1141.6823,-372.9165,26579.082
57346.2546,28601.9146,54381.609,42895.1383,37085.4735,39830.2227,5683.4668,50297.0517,43628.633,55815.4732,1119.7776,-391.2896,26574.567
57334.1399,28593.6892,54384.1571,42892.0537,37062.2277,39827.0041,5683.5562,50275.2364,43615.4902,55810.3323,1104.8913,-402.8231,26570.1413
57343.5724,28596.1032,54387.0181,42906.0012,37077.6504,39833.3073,5690.2617,50288.8709,43629.393,55816.3226,1115.3966,-388.8309,26577.0704
57369.7686,28597.4443,54387.2863,42912.8855,37101.1198,39840.6833,5692.5863,50311.6697,43640.3006,55818.3342,1131.2664,-374.6599,26579.7079
57374.6413,28594.5833,54385.8558,42916.1042,37111.8039,39841.8009,5688.8759,50317.347,43642.5805,55817.4849,1134.7085,-372.8271,26580.289
57353.6754,28594.4492,54387.6886,42908.0576,37094.8613,39833.2179,5686.5066,50312.385,43636.7691,55816.6802,1121.9233,-381.4101,26579.0373
57334.7658,28592.0352,54390.4155,42895.3618,37071.3025,39830.0886,5687.803,50292.9389,43630.6894,55817.2166,1106.9924,-390.8426,26580.736
57337.2692,28590.8282,54388.091,42895.183,37075.0576,39832.2344,5688.3395,50288.6474,43630.2871,55818.6024,1111.4627,-387.4451,26581.5407
57352.5131,28594.1809,54384.8276,42904.2131,37096.4706,39838.9846,5689.5018,50312.1167,43642.1782,55822.9387,1126.4384,-373.3635,26582.8818
57357.6093,28595.835,54384.3806,42903.7213,37101.6115,39838.6717,5686.1043,50317.8388,43645.7545,55824.6374,1127.1983,-369.6531,26584.7147
57342.6783,28590.3811,54383.7547,42894.9147,37085.3841,39836.5259,5685.1208,50310.2392,43636.0985,55818.0213,1121.2975,-378.415,26582.1666
57317.8679,28575.629,54380.2679,42884.4988,37059.9926,39834.4249,5684.3162,50284.1771,43629.3036,55812.5675,1106.1877,-392.4072,26577.0257
57326.9427,28574.869,54378.3009,42887.941,37060.8866,39834.7378,5681.1869,50288.7815,43631.1811,55811.4946,1104.3102,-394.1506,26574.6117
57355.4635,28587.1625,54377.4515,42905.4648,37089.7651,39840.5045,5683.4221,50318.9564,43644.1451,55815.9202,1121.4316,-382.0807,26576.8915
57366.0135,28590.9623,54377.6751,42913.5114,37100.0469,39846.1819,5686.3278,50339.2071,43644.9051,55816.5908,1127.9136,-380.5161,26577.6962
57353.1389,28587.5648,54381.4749,42901.1285,37082.4784,39843.2761,5683.1986,50325.0808,43632.2987,55814.9368,1114.4578,-392.5413,26573.4941
57326.898,28579.2947,54375.4846,42882.8001,37055.8798,39831.8768,5674.4367,50289.9438,43613.5679,55810.2876,1095.5036,-409.0816,26561.5135
57329.9378,28579.6523,54370.6119,42876.1393,37053.3317,39833.1285,5665.5854,50291.4637,43618.9771,55804.6103,1092.3743,-413.1496,26557.2667
57358.861,28588.6824,54375.3505,42893.4842,37082.7019,39838.3141,5670.2793,50321.9962,43641.2394,55810.9134,1110.6133,-396.4305,26562.8994
57361.9902,28589.9341,54369.7625,42902.7826,37090.8827,39834.2013,5668.357,50332.9039,43646.4697,55807.4713,1114.4131,-395.0,26561.29
57347.4616,28586.4025,54364.9793,42890.9808,37075.6388,39828.3005,5663.7526,50317.9282,43629.4377,55800.0952,1100.2868,-404.3877,26554.361
57326.0933,28571.7398,54363.0123,42873.2783,37044.3463,39817.661,5654.946,50298.8398,43609.3211,55791.7804,1078.6504,-421.0621,26546.1802
57326.138,28570.1305,54362.7441,42869.1208,37045.5086,39818.421,5656.3765,50295.1294,43611.1987,55793.1215,1084.5065,-421.1515,26546.9402
57342.4101,28579.8311,54366.7674,42892.4561,37077.7845,39831.1168,5666.4795,50319.4928,43627.5154,55803.0456,1104.4443,-402.8231,26558.2949
57358.2351,28586.8496,54372.9365,42906.5824,37094.0119,39842.5609,5671.5757,50336.1672,43639.183,55810.6452,1117.9,-391.5578,26567.2356
57348.8921,28585.2402,54373.7859,42894.0654,37077.2034,39836.213,5671.1286,50326.7795,43636.2773,55804.655,1104.9807,-398.1739,26564.1958
57331.9495,28581.351,54376.334,42885.8399,37054.8517,39831.2062,5671.7098,50310.4627,43621.6146,55799.3799,1090.1392,-407.1593,26560.843
57332.3965,28578.7582,54381.5196,42889.8185,37061.9148,39835.2295,5673.4979,50313.4578,43628.4542,55804.2526,1094.6989,-401.3926,26564.7769
57353.6754,28592.7951,54381.2066,42904.4813,37094.9954,39843.2314,5680.3375,50348.1477,43651.0742,55816.1438,1120.6269,-381.0972,26574.3434
57358.9951,28598.696,54383.6206,42911.6786,37107.2888,39849.2664,5685.1655,50359.9942,43659.2549,55819.3177,1132.2051,-376.5821,26580.2443
57353.9436,28592.0352,54383.1289,42906.8953,37089.9886,39847.1653,5684.4503,50352.8863,43646.8273,55815.6967,1121.5657,-384.9417,26576.5786
57337.8056,28589.2636,54376.6916,42892.8137,37057.6233,39839.3422,5676.1801,50332.4568,43639.183,55806.309,1101.2256,-401.2585,26570.1413
57344.69,28589.7106,54379.4632,42900.4133,37064.15,39841.6668,5678.7282,50330.3558,43647.9896,55805.102,1107.0371,-390.6637,26573.047
57366.6394,28596.0585,54384.2912,42915.5231,37092.6261,39851.7251,5683.6456,50354.8086,43660.9536,55822.5363,1124.6949,-376.448,26581.5407
57364.6277,28593.2869,54379.3291,42913.9584,37100.4492,39853.3791,5682.8409,50366.8785,43659.1655,55824.0563,1127.4666,-374.8834,26580.289
57349.7415,28585.0167,54375.2164,42897.8205,37080.2432,39843.9467,5676.7166,50352.3499,43649.3754,55814.7579,1115.9331,-386.9981,26572.6894
57331.4577,28581.1275,54372.8471,42891.1597,37060.5737,39834.3801,5673.2297,50332.5462,43635.9197,55807.4713,1099.6163,-405.3712,26567.5038
57328.999,28576.5231,54374.7693,42894.3783,37063.1665,39831.4744,5672.7827,50333.485,43635.428,55805.4149,1099.8398,-402.1972,26565.1345
57350.0991,28579.6523,54377.9433,42902.5143,37091.6426,39834.3354,5675.0178,50357.1779,43647.4085,55810.9581,1116.3354,-386.6851,26567.0121
57361.4538,28585.4638,54375.574,42902.4249,37100.8068,39835.3189,5677.9683,50362.5423,43652.5941,55816.6355,1120.4481,-386.1934,26566.4756
57346.344,28582.2451,54376.0657,42891.6961,37079.7962,39833.7543,5673.5873,50342.7386,43646.425,55813.5957,1107.5735,-397.2352,26563.3017
57333.4247,28578.8476,54376.9151,42888.1198,37062.4065,39831.1615,5673.4085,50325.349,43627.2472,55807.6501,1097.4258,-410.5568,26559.1443
57330.2507,28577.7748,54372.2212,42883.0683,37065.7146,39826.6017,5672.9168,50321.7727,43624.565,55805.6384,1099.661,-408.9028,26558.5631
57346.3887,28584.3462,54369.7625,42893.4395,37089.1839,39830.6251,5675.8225,50335.7649,43642.6252,55809.2147,1115.7542,-398.7998,26559.5466
57358.7269,28590.1576,54372.7577,42905.0624,37096.8729,39834.4249,5678.2365,50355.5238,43653.667,55812.9251,1122.1021,-392.8989,26564.6428
57348.5345,28586.8049,54375.6634,42901.2179,37088.5581,39831.4744,5675.5543,50347.5219,43652.1024,55809.7064,1114.1896,-394.7765,26567.1462
57320.7736,28575.7631,54369.9861,42888.4327,37056.1033,39823.9195,5671.218,50327.5841,43632.0752,55801.0787,1092.6872,-409.0816,26561.7818
57314.5151,28572.5892,54363.9064,42882.7554,37057.9362,39823.696,5671.6651,50334.3791,43630.3318,55800.6316,1091.8379,-409.2157,26557.669
57339.7726,28589.8,54368.8238,42891.3385,37081.8973,39837.4647,5676.3589,50369.4266,43647.3191,55816.099,1112.2674,-390.9767,26565.7157
57342.3654,28590.4706,54369.092,42895.9876,37082.9701,39837.5541,5675.6884,50383.6423,43660.7301,55819.8094,1123.0409,-383.1983,26566.565
57329.8037,28583.2733,54365.4263,42896.0323,37071.839,39829.8651,5674.4367,50369.2925,43652.907,55810.3323,1108.7805,-393.9271,26560.7536
57312.0564,28572.4103,54364.3087,42888.4774,37056.6398,39821.1926,5673.0509,50340.1458,43633.3716,55805.9961,1097.0682,-405.7288,26558.5631
57317.0632,28568.6553,54364.9793,42889.595,37051.8565,39825.5736,5673.3191,50339.2071,43636.1432,55812.344,1105.0701,-404.79,26560.6195
57339.7726,28577.9536,54365.6945,42901.8438,37078.768,39830.938,5669.3405,50362.3635,43655.1422,55820.9717,1118.5259,-392.6754,26563.257
57346.0311,28580.6358,54366.4545,42902.5143,37089.1392,39828.3452,5665.6301,50369.8289,43660.7748,55821.1952,1121.5657,-389.8591,26565.4922
57333.38,28576.7466,54368.332,42900.2792,37071.7496,39828.1664,5666.6583,50360.5753,43653.5776,55819.8541,1113.385,-396.0282,26563.7487
57323.8134,28575.8972,54370.2096,42892.1431,37054.4493,39829.9992,5666.1218,50337.9554,43642.4911,55815.652,1097.8729,-404.4324,26560.5301
57333.0224,28578.8029,54373.1153,42895.5406,37061.1101,39828.7922,5669.117,50331.3839,43649.5095,55816.5461,1101.8515,-398.3974,26565.4027
57348.0874,28580.7699,54369.539,42904.3472,37085.6524,39830.9827,5670.4134,50362.3188,43659.7466,55815.205,1116.3354,-389.3673,26568.6661
57359.3527,28593.5551,54370.5225,42911.3209,37099.3316,39839.5658,5673.2297,50375.0592,43664.8875,55820.2565,1122.6386,-382.4383,26566.9674
57342.1866,28588.6824,54371.4613,42903.0955,37077.6057,39836.0342,5671.7098,50355.8367,43660.9536,55817.7084,1113.6085,-394.8659,26563.5699
57325.4675,28582.9157,54368.1085,42892.9031,37053.3317,39834.2013,5664.736,50336.8378,43643.9663,55809.0806,1094.2519,-408.1875,26557.3561
57325.7804,28580.7699,54364.711,42889.7291,37048.5932,39832.4132,5661.3833,50338.0895,43644.9498,55811.2264,1095.2801,-408.7687,26559.4572
57348.3557,28587.7883,54363.5488,42899.7427,37072.6436,39844.7514,5661.5174,50363.8834,43647.9449,55813.1933,1115.2625,-392.2284,26564.6875
57360.9173,28596.8184,54371.1931,42910.1139,37098.974,39857.313,5666.4348,50383.2847,43658.0479,55820.927,1126.8854,-383.2877,26574.5223
57351.9766,28595.1197,54371.1483,42903.2296,37081.4949,39849.7134,5668.3123,50375.4169,43658.2714,55822.7152,1115.6201,-392.139,26570.2754
57331.6813,28594.5833,54370.299,42891.115,37054.3152,39838.7611,5665.8536,50350.0253,43645.2627,55814.8474,1103.1926,-400.8114,26566.118
57331.5024,28586.3578,54371.506,42891.3832,37059.7243,39846.6289,5666.8818,50346.3149,43633.2822,55812.7463,1107.4394,-399.2915,26566.118
57340.6219,28586.6708,54369.2708,42894.8253,37086.2782,39851.0545,5670.1005,50370.723,43640.3453,55824.7268,1122.9962,-387.6239,26571.8848
57346.9251,28588.9506,54366.678,42900.7709,37096.6941,39846.4948,5675.5543,50376.8474,43635.5621,55824.1457,1128.3159,-381.2313,26573.1364
57336.241,28584.972,54368.7791,42897.5523,37080.3326,39837.1518,5675.0625,50363.3469,43620.5864,55821.1505,1119.5093,-384.9864,26573.4941
57312.5929,28577.7301,54372.0424,42879.5367,37053.1529,39826.6017,5674.5708,50332.4568,43602.3474,55810.0194,1104.7572,-398.1292,26569.6496
57308.4801,28575.7184,54369.1367,42873.0547,37051.9012,39824.3219,5673.6767,50326.9583,43597.2512,55807.3372,1104.6678,-404.1642,26569.7837
57321.2206,28585.8661,54366.0969,42883.1577,37080.0644,39826.6912,5677.5212,50338.313,43598.9946,55816.6355,1122.5492,-395.2682,26570.5884
57323.6346,28598.0701,54364.4428,42895.8982,37097.5882,39825.663,5683.1539,50338.0895,43597.9217,55815.4285,1128.3606,-392.0943,26569.6943
57300.7017,28599.2771,54361.7159,42885.527,37079.7962,39813.9507,5685.0761,50311.4909,43581.8285,55807.5607,1109.8981,-403.6278,26565.0004
57284.2062,28600.6629,54360.8665,42870.0149,37055.254,39809.6591,5684.2268,50276.8904,43563.4106,55798.1282,1096.487,-412.5684,26561.2453
57287.8718,28607.3238,54366.8568,42872.8312,37060.082,39815.9176,5691.6922,50264.731,43556.6604,55795.0884,1105.7854,-408.9028,26566.8333
57310.1342,28618.7679,54364.6216,42882.3084,37091.4191,39816.1858,5694.285,50275.0576,43563.5895,55796.9213,1123.9797,-391.5131,26569.3814
57320.103,28630.3014,54372.0871,42885.7952,37110.284,39822.6678,5701.7505,50276.8457,43574.9888,55811.7628,1130.8193,-382.2595,26572.5553
57307.3626,28636.4704,54377.7645,42885.1694,37102.7738,39819.4939,5709.0819,50260.0819,43558.0015,55817.2613,1119.6434,-391.5578,26574.2987
57281.6581,28629.4967,54375.8869,42870.5066,37074.6553,39805.6805,5706.0868,50224.5426,43541.8636,55807.3819,1104.489,-408.6345,26570.7672
57281.0769,28632.6259,54377.6304,42866.1704,37068.8438,39807.3792,5707.4726,50218.5076,43548.0326,55806.1749,1108.0205,-401.3032,26570.6778
57303.5181,28636.8728,54380.402,42887.3152,37088.871,39821.9079,5710.1548,50237.149,43558.2697,55810.6452,1127.6901,-383.0642,26576.8021
57314.2469,28650.105,54380.8043,42896.837,37108.0488,39821.9526,5712.7029,50247.0732,43557.1522,55811.8075,1143.2469,-373.1847,26583.2394
57293.4151,28645.6347,54378.7926,42892.5902,37097.5882,39815.5153,5713.6863,50220.9216,43548.7032,55808.9018,1139.9835,-381.5889,26583.0606
57268.0682,28633.3859,54381.0725,42876.2734,37064.5076,39806.4852,5706.5785,50185.1141,43528.0502,55796.7424,1118.4812,-403.3148,26573.7176
57263.3296,28629.5861,54381.609,42868.6738,37055.4328,39805.7699,5703.181,50172.776,43516.472,55794.1049,1112.9379,-405.6394,26573.4494
57289.7494,28635.4423,54384.7382,42884.5882,37084.5348,39813.1907,5707.3832,50194.2784,43526.3962,55800.9446,1133.5462,-386.9534,26579.6185
57307.452,28639.3315,54383.1736,42897.1946,37095.7106,39817.1246,5710.3336,50208.4047,43532.8335,55800.8999,1142.174,-376.0457,26582.8371
57296.8572,28629.3626,54381.7431,42891.562,37077.0246,39809.6591,5708.1431,50187.2152,43522.2834,55792.3615,1130.5511,-383.1983,26578.1879
57279.3335,28620.1984,54381.609,42879.0897,37047.9226,39805.9487,5707.3385,50156.2357,43510.3923,55785.5219,1113.2956,-395.7152,26576.3551
57287.2013,28620.556,54380.5808,42876.8992,37051.8565,39812.1625,5705.6844,50157.0404,43512.5381,55784.5384,1117.8553,-391.6472,26576.4445
57309.553,28632.0448,54383.71,42897.5523,37082.389,39816.6329,5712.2558,50180.5991,43527.8267,55794.3732,1143.3363,-372.3353,26582.8818
57319.7454,28633.7435,54384.0677,42900.7262,37086.5017,39819.0469,5715.698,50182.9684,43532.8335,55797.6812,1148.209,-367.552,26583.5077
57304.4568,28629.2732,54381.5643,42896.5241,37062.3618,39813.0119,5711.183,50166.6516,43526.1726,55800.5869,1140.5647,-375.1963,26581.8536
57273.3432,28613.9399,54377.7198,42876.7651,37031.8294,39798.4385,5700.4094,50141.8859,43510.7946,55792.8979,1121.968,-395.5811,26576.7127
57274.9525,28609.1566,54373.2494,42879.9391,37035.6292,39801.1655,5696.3414,50139.3825,43508.3359,55790.4392,1122.0127,-396.654,26575.9081
57311.2518,28620.7795,54375.3505,42900.0109,37070.0955,39812.2519,5702.3317,50158.9179,43529.0784,55798.7988,1140.2965,-377.6997,26583.3288
57323.3664,28624.8922,54376.1998,42904.4366,37082.4784,39813.5036,5703.4492,50167.0539,43535.5604,55800.7658,1146.242,-372.8271,26584.1782
57319.8795,28624.5793,54377.3621,42902.3802,37068.4862,39809.972,5702.5999,50146.535,43527.9608,55796.8765,1138.3295,-383.0642,26580.289
57301.864,28611.213,54376.1104,42889.5056,37046.4474,39801.7913,5697.1908,50115.0191,43511.0629,55786.4159,1119.867,-398.1292,26574.9246
57300.21,28599.2771,54370.1649,42881.6378,37037.909,39792.0907,5691.7369,50113.5439,43499.5294,55779.9339,1114.9496,-400.4091,26571.1248
57322.5617,28605.2674,54372.0424,42890.2209,37068.3968,39799.9585,5694.5086,50132.1852,43518.573,55787.8911,1132.4733,-384.0029,26576.4892
57330.9213,28609.9166,54375.0376,42891.6067,37073.7612,39804.8311,5693.7486,50137.7285,43532.9676,55793.9261,1140.8329,-382.0807,26580.289
57321.1312,28601.2888,54370.4778,42879.2238,37048.3249,39795.5328,5691.424,50130.4418,43524.3398,55787.8017,1130.3723,-395.0894,26573.4941
57302.5793,28590.8282,54367.7956,42860.8507,37013.188,39789.2296,5685.6126,50101.1163,43511.2417,55773.3178,1107.4394,-412.032,26564.6428
57311.4753,28597.2208,54369.9414,42863.0859,37019.4912,39791.8671,5686.596,50112.1134,43516.1144,55780.4704,1111.8203,-410.825,26567.2356
57334.9446,28607.1002,54373.1153,42875.5134,37051.9459,39803.3559,5690.3958,50149.1725,43533.7722,55794.6861,1133.0992,-390.8873,26574.3881
57349.9203,28616.2198,54377.8092,42887.181,37070.1849,39807.8263,5694.3744,50177.604,43544.5905,55803.5374,1142.5763,-381.6336,26578.9926
57336.0175,28610.5424,54379.0162,42888.6563,37052.3036,39803.4453,5697.9507,50167.0986,43539.5837,55800.8552,1137.3907,-386.6404,26578.7244
57318.6725,28602.2723,54378.435,42870.3278,37028.3872,39797.2316,5696.5649,50137.7285,43520.54,55795.4013,1119.0176,-401.3032,26573.6729
57324.931,28604.5521,54380.7149,42872.9653,37035.5844,39803.3559,5701.7952,50141.9306,43521.747,55803.1797,1118.5259,-399.6044,26580.6466
57349.2497,28608.6202,54381.2066,42889.7738,37069.5144,39811.5367,5708.6349,50173.5359,43541.3271,55812.7016,1140.4306,-379.8902,26588.7827
57352.7813,28604.9098,54378.5691,42892.1431,37076.354,39806.217,5705.3715,50177.8722,43552.4136,55811.3605,1140.1176,-376.9398,26588.3803
57338.4315,28598.9195,54379.1503,42886.1082,37067.4133,39796.9186,5702.3317,50161.7342,43547.9879,55806.4431,1126.036,-385.1652,26585.6087
57323.1429,28592.214,54376.3787,42875.3793,37047.4756,39788.2462,5701.2588,50141.573,43540.1201,55801.8833,1115.7542,-396.5646,26580.8702
57319.656,28594.9856,54377.8539,42880.3861,37050.6495,39796.6057,5700.7223,50141.3494,43544.6352,55806.8901,1122.3704,-391.1108,26583.1947
57341.2031,28607.592,54383.3971,42902.9614,37079.2598,39813.6377,5706.802,50173.223,43562.0248,55815.6967,1141.9058,-371.0836,26592.0907
57350.4567,28614.2528,54382.0113,42911.3656,37087.8875,39819.5833,5709.1713,50201.118,43568.8645,55819.0942,1152.5899,-363.8417,26591.8672
57338.2974,28614.9681,54378.5244,42903.6319,37073.8953,39817.4822,5706.5338,50186.7682,43559.3426,55811.4946,1138.9554,-373.9446,26584.0888
57317.1973,28609.4695,54374.6799,42890.0421,37050.6048,39809.6144,5701.4376,50165.9811,43540.6566,55800.6316,1112.0439,-393.4801,26576.3551
57325.3334,28618.5443,54379.3738,42897.1946,37059.8584,39816.3199,5703.0916,50178.051,43555.5875,55806.3537,1117.3636,-389.2779,26580.0655
57348.0427,28633.2518,54384.0677,42913.422,37089.8545,39830.4909,5708.9478,50207.4212,43573.8713,55813.4615,1138.0613,-369.519,26585.4299
57356.6705,28633.6988,54381.4749,42911.6786,37094.7272,39826.2441,5705.7291,50219.7593,43574.0054,55813.5957,1145.4821,-366.9262,26584.6252
57348.5792,28633.7435,54379.8208,42912.1703,37080.6009,39825.8418,5699.5153,50198.8381,43553.8441,55803.448,1134.9767,-378.7726,26578.7244
57321.7124,28622.2547,54376.2445,42895.9429,37055.3434,39820.4327,5692.5863,50170.9431,43541.193,55787.31,1117.1848,-398.7104,26571.7059
57322.6511,28624.624,54375.574,42897.1052,37053.5553,39829.284,5694.2403,50182.2978,43551.4301,55790.484,1112.2674,-392.6307,26573.2706
57355.2847,28626.0545,54375.2611,42915.2995,37082.6125,39842.2033,5695.6708,50211.0869,43570.1609,55801.6598,1127.3772,-375.8669,26579.9314
57362.4372,28628.4685,54372.4,42912.8855,37087.0382,39843.6785,5694.9109,50228.2083,43571.4573,55806.6666,1136.1837,-371.0389,26580.3337
57348.8921,28626.6804,54375.3505,42898.5357,37078.5445,39837.3753,5692.4522,50218.15,43567.9704,55804.0738,1125.589,-378.6385,26574.6117
57327.7026,28615.4598,54374.9928,42891.7408,37057.5786,39832.3238,5693.4804,50203.8449,43556.7051,55799.2905,1115.3519,-390.5743,26572.2871
57324.484,28609.8719,54372.6683,42889.1927,37056.1928,39831.385,5693.9274,50202.5038,43553.3971,55797.6365,1116.1566,-389.2332,26573.4941
57342.5442,28614.6551,54374.0988,42897.6417,37087.0829,39833.3967,5696.6543,50222.978,43571.3679,55809.2147,1131.3558,-375.3752,26578.635
57349.4732,28617.2926,54374.7246,42898.9381,37100.1363,39828.4346,5693.391,50226.0625,43577.1346,55810.2876,1135.5132,-373.3635,26578.9032
57344.8688,28618.5443,54375.8869,42896.7476,37084.6242,39826.0206,5697.9507,50225.4367,43578.878,55813.3274,1130.4617,-380.2478,26579.4396
57328.0603,28605.625,54368.4214,42882.8448,37056.2375,39813.2801,5692.8992,50196.4241,43568.7751,55807.2031,1115.5307,-396.4752,26574.3434
57326.0933,28603.2557,54368.4214,42882.3978,37054.6281,39805.8146,5689.8594,50186.6341,43565.3776,55804.9232,1115.3519,-396.9222,26574.0752
57344.2429,28608.1731,54367.8403,42888.0751,37078.0528,39807.9157,5692.1393,50203.0402,43570.3844,55808.0971,1126.4384,-384.137,26578.2773
57352.066,28618.6337,54370.4778,42895.8535,37095.3977,39813.4142,5694.2403,50222.218,43581.6944,55816.2332,1139.0001,-375.7775,26583.7759
57336.688,28615.9068,54372.0871,42883.2918,37077.8292,39804.25,5694.6874,50208.6729,43570.8314,55807.963,1126.4384,-385.7464,26577.9644
57314.7386,28602.317,54365.2028,42866.2598,37051.5436,39786.5027,5686.9984,50178.6321,43549.642,55791.4674,1103.6396,-406.5335,26565.1792
57315.4092,28596.4161,54366.8568,42862.4153,37053.0188,39788.7379,5688.3395,50179.0345,43555.4534,55794.7755,1100.4657,-405.0583,26565.2239
57339.862,28603.4346,54372.6683,42872.6524,37083.3725,39802.4172,5693.5251,50211.1316,43572.3513,55812.9251,1120.4034,-385.6122,26574.7905
57356.8493,28616.3986,54376.9151,42886.4211,37102.9079,39810.0615,5701.2141,50224.9897,43584.8236,55823.6539,1139.9388,-369.2508,26581.6301
57344.4664,28618.3208,54378.1668,42880.0285,37096.1577,39805.457,5703.0022,50219.9829,43588.5787,55824.7715,1129.5676,-376.2245,26580.9596
57327.345,28604.0604,54376.2892,42866.7963,37070.6767,39799.1538,5699.6047,50199.7322,43571.4573,55817.1719,1112.8932,-392.9883,26575.461
57331.8154,28600.0818,54378.7926,42866.2151,37073.1354,39807.2898,5700.4988,50204.6496,43578.431,55819.4965,1112.4015,-391.3343,26578.0985
57353.586,28605.5803,54380.5808,42874.4406,37094.6825,39816.767,5702.734,50231.427,43594.6137,55824.3245,1128.8524,-377.4762,26582.5689
57361.5432,28618.9914,54381.2513,42888.9692,37105.0984,39827.1829,5710.3336,50247.7437,43602.705,55828.616,1139.5365,-369.0273,26586.8604
57343.3042,28615.5492,54377.8986,42879.9391,37088.6475,39816.6776,5705.5056,50236.1655,43594.569,55823.341,1127.7795,-381.0972,26581.4066
57322.3829,28604.731,54376.3787,42862.6835,37067.8604,39806.217,5704.4327,50216.2725,43581.5603,55818.9601,1107.797,-396.654,26578.0091
57324.0817,28605.3568,54378.4797,42867.7797,37074.1636,39821.0585,5706.0868,50218.2394,43583.8848,55819.4518,1113.1167,-390.1273,26581.4513
57349.6968,28610.7212,54379.6867,42882.219,37097.9905,39823.3831,5706.355,50240.0547,43597.6535,55821.5976,1131.1322,-374.5705,26583.1947
57358.4586,28619.7513,54375.7081,42884.7224,37106.3054,39821.8185,5702.6446,50244.2122,43596.0442,55816.0543,1137.0331,-371.3518,26580.289
57343.1253,28611.7494,54374.6799,42881.5931,37088.8263,39814.3083,5700.4988,50225.4367,43589.4281,55810.9134,1127.0195,-382.036,26576.1316
57324.4393,28602.1382,54376.6916,42874.1723,37067.5027,39809.2568,5699.6495,50211.5786,43577.5816,55807.2478,1109.1381,-397.0563,26572.9129
57325.1098,28602.8981,54373.8753,42874.977,37072.3307,39814.7106,5698.0848,50211.7574,43573.5136,55806.0408,1110.7028,-395.1341,26574.2093
57342.4101,28609.0225,54373.7859,42889.4609,37100.0469,39822.7125,5697.4143,50235.2268,43582.052,55810.4217,1129.5229,-381.3654,26577.7409
57352.4237,28612.867,54377.0045,42901.2179,37113.5473,39829.2392,5699.7836,50253.9128,43589.4728,55816.099,1141.414,-372.3353,26585.9663
57337.8503,28612.107,54379.0609,42891.4726,37100.0469,39826.9147,5703.2257,50243.8992,43592.4679,55819.5412,1134.1274,-375.3752,26585.8322
57327.0321,28607.8155,54381.8772,42887.0916,37076.9799,39827.4511,5704.5668,50215.289,43580.9791,55809.9747,1118.2129,-390.7531,26582.1666
57330.6978,28606.6979,54383.5312,42890.2656,37072.5095,39824.9477,5704.7457,50218.0159,43576.1511,55807.2031,1114.2343,-396.1623,26580.9149
57343.483,28612.5541,54381.6984,42901.3073,37101.0751,39828.7475,5704.2986,50242.7369,43592.7808,55813.998,1134.3062,-382.483,26583.6418
57355.1059,28613.8058,54377.0492,42903.4084,37117.4812,39831.6532,5701.0353,50261.0654,43599.2181,55814.9815,1143.9174,-376.2692,26582.4795
57340.0408,28604.5521,54371.7742,42894.6018,37093.2072,39819.7174,5698.7554,50243.8992,43586.7012,55811.4052,1127.1089,-390.172,26576.8468
57321.1759,28591.6775,54372.3553,42875.737,37062.1383,39806.5746,5692.7204,50220.7428,43573.8266,55807.7395,1102.6561,-407.2934,26570.6778
57320.0136,28585.9108,54371.2378,42876.7204,37066.4746,39811.2237,5691.9158,50219.4911,43581.0685,55813.7745,1100.868,-401.7055,26574.0305
57329.1332,28589.8,54368.8685,42883.2024,37086.7252,39810.4638,5691.6922,50251.32,43588.4446,55819.8988,1117.0506,-389.1885,26574.3881
57341.2031,28597.2208,54370.3437,42889.8633,37100.0022,39816.2752,5695.6261,50263.7029,43599.2628,55824.3245,1126.8854,-383.6453,26577.9644
57331.1448,28593.6445,54371.0142,42880.4308,37085.8312,39816.5882,5692.2287,50244.6592,43596.983,55822.7152,1115.8437,-393.793,26572.4659
57320.5948,28584.2121,54369.3602,42866.528,37061.7807,39804.9206,5688.6077,50215.8254,43580.085,55814.8026,1095.6377,-410.825,26566.9674
57318.0914,28579.9205,54365.2922,42863.1306,37060.8866,39802.7748,5688.8759,50209.7458,43585.9412,55812.0757,1098.6328,-411.8979,26568.085
57335.4363,28592.7504,54368.332,42870.9984,37089.0945,39811.7602,5692.8098,50234.6903,43612.6292,55823.0728,1120.0905,-396.0282,26574.3434
57350.5461,28597.2208,54369.539,42879.9838,37102.6844,39816.0517,5693.9274,50253.9128,43616.2502,55826.6491,1125.0973,-387.5792,26579.2608
57350.8143,28596.1032,54366.9462,42879.7156,37091.9108,39811.8049,5695.045,50248.2802,43600.3357,55820.6141,1119.5093,-391.6472,26578.2773
57330.5637,28586.1343,54368.1979,42867.735,37068.9332,39807.2004,5693.3016,50224.4979,43582.7225,55813.4615,1103.5055,-406.8017,26573.2706
57338.4315,28588.8612,54373.607,42866.9751,37075.2811,39807.0216,5696.7437,50226.6884,43596.983,55821.9105,1103.2373,-397.6375,26577.6068
57363.0184,28601.557,54379.2397,42879.5815,37109.7922,39819.2257,5702.6446,50256.4609,43621.9275,55832.3711,1127.7795,-374.034,26582.9265
57364.6724,28601.9146,54373.6517,42880.9673,37115.2908,39816.4093,5698.0848,50276.9351,43624.8332,55834.7851,1136.7202,-370.5472,26583.4183
57353.2283,28601.8699,54373.3835,42878.2851,37100.2704,39814.6659,5696.5202,50268.0838,43612.0033,55827.3196,1126.5278,-378.9514,26581.7642
57329.8931,28594.4939,54373.9647,42866.3492,37078.6339,39810.8214,5695.7155,50243.2287,43593.8984,55818.2895,1106.8583,-393.8824,26573.0023
57325.0651,28590.247,54374.367,42868.3609,37080.3326,39812.4307,5694.3744,50242.9605,43591.5291,55812.8804,1106.0089,-397.8163,26568.085
57350.7249,28599.5454,54380.402,42882.3084,37104.249,39821.6397,5693.7486,50265.4463,43608.4718,55821.6423,1124.2479,-381.8125,26574.2987
57362.7949,28602.4958,54376.8257,42882.666,37108.8982,39825.7077,5691.2452,50275.1023,43614.6855,55828.6607,1131.7581,-376.5821,26576.7127
57344.3323,28596.6396,54368.9579,42866.7516,37081.182,39810.1956,5682.8409,50254.3151,43609.9917,55821.6423,1113.9214,-393.1671,26569.2472
57320.9971,28586.8049,54367.2591,42850.3007,37056.6845,39799.9138,5676.6272,50228.5659,43593.0938,55808.6783,1088.4404,-413.2837,26562.2735
57325.9145,28592.6163,54366.678,42860.359,37070.4085,39807.7369,5684.7185,50240.0547,43591.7526,55810.6899,1089.9603,-407.4275,26566.9674
57345.7628,28596.4161,54368.2873,42877.6145,37096.4259,39822.042,5690.5299,50264.731,43609.8129,55815.4285,1107.8417,-390.3508,26573.2259
57349.8309,28594.2703,54372.5342,42878.7321,37107.5124,39827.9428,5691.6922,50284.49,43634.9362,55819.273,1120.5375,-382.5277,26576.7127
57341.1137,28595.3879,54374.0094,42873.5465,37097.2306,39826.0206,5693.5698,50280.6008,43625.9061,55818.9154,1116.0672,-385.344,26576.9809
57331.6813,28596.282,54372.2212,42873.6806,37085.0712,39828.524,5695.6261,50259.2772,43606.1025,55815.4732,1105.0254,-395.8941,26574.3434
57335.8387,28594.1809,54376.781,42872.9206,37083.5513,39833.3967,5699.7836,50266.3404,43610.3046,55816.8143,1107.9311,-391.4237,26573.5388
57357.9669,28600.3947,54379.7761,42890.1315,37117.9283,39846.7183,5706.355,50297.8116,43634.1763,55830.0018,1131.2664,-369.6084,26584.0441
57365.6112,28607.3238,54381.0725,42900.5474,37132.2781,39853.6474,5707.6961,50311.7144,43642.9381,55835.2768,1143.4257,-362.0535,26586.4134
57352.2449,28599.4112,54380.2679,42894.6018,37112.7427,39844.2596,5703.7175,50292.3578,43627.7837,55830.7171,1132.9651,-370.3237,26582.3901
57321.1312,28584.972,54370.4331,42872.4736,37090.4356,39826.8253,5694.5086,50262.183,43612.7633,55820.8376,1110.7922,-391.2449,26572.2424
57325.4228,28584.4356,54371.6848,42873.6806,37082.1655,39828.7475,5695.492,50259.5901,43614.1044,55821.0611,1106.0089,-395.0447,26571.5718
57351.4849,28599.0983,54377.6304,42893.4395,37108.0488,39836.213,5699.1577,50292.2237,43633.3269,55830.583,1130.1041,-380.2925,26581.049
57361.0961,28601.5123,54374.367,42902.3355,37122.1751,39836.973,5699.7389,50309.1216,43641.6864,55839.3002,1137.2119,-374.8834,26583.7312
57351.0379,28598.1596,54369.0026,42892.4114,37111.2227,39832.6367,5697.3696,50300.2256,43634.668,55831.8347,1126.6619,-383.6453,26578.0538
57334.4976,28598.249,54372.5342,42883.113,37094.6825,39831.8321,5700.2753,50280.1985,43616.2502,55823.0728,1113.4744,-395.447,26576.7127
57335.034,28600.2606,54373.92,42883.6942,37094.9954,39833.2626,5703.0916,50281.4054,43615.2667,55819.273,1113.7426,-393.4354,26578.5903
57355.7317,28600.7971,54374.0094,42891.5173,37113.6367,39836.3918,5700.6329,50308.9875,43640.4794,55827.9902,1132.4733,-379.4879,26585.3852
57368.0252,28608.6649,54377.3621,42897.597,37127.4054,39843.5891,5701.1694,50320.4316,43647.2744,55832.4158,1140.2071,-368.4908,26591.7778
57356.3576,28609.7825,54378.3009,42905.2413,37115.9166,39844.1702,5703.1363,50315.6036,43637.6631,55828.3031,1130.2829,-373.3635,26590.2132
57331.2789,28595.9691,54373.7411,42888.0304,37079.0362,39835.3189,5697.4143,50294.593,43623.4027,55821.9552,1111.0604,-390.2614,26582.6583
57339.2808,28596.282,54375.7081,42889.3268,37073.7165,39835.006,5696.9225,50294.9506,43630.9576,55823.7433,1109.2722,-392.8095,26582.3901
57363.5548,28600.2606,54377.5856,42893.0819,37099.8234,39840.3704,5696.0732,50328.5676,43648.3026,55834.8298,1126.4384,-379.3985,26585.0276
57364.7618,28596.7737,54380.6255,42898.9381,37118.0177,39843.2761,5693.3463,50336.9719,43649.286,55843.5917,1134.2615,-375.4646,26583.5524
57348.8921,28591.007,54379.7314,42892.1431,37105.4113,39838.4035,5691.0664,50309.1216,43647.7214,55835.2768,1121.2975,-384.5394,26579.9314
57338.655,28582.6474,54377.5856,42880.5649,37089.4074,39829.5969,5688.6077,50282.3442,43629.4377,55825.3527,1101.1362,-401.7502,26575.2375
57344.0641,28575.6737,54379.6867,42875.9605,37086.5017,39831.3403,5691.5581,50290.9273,43624.2968,55826.0679,1100.5551,-399.9621,26577.2939
57367.4887,28583.8544,54380.5808,42888.0304,37115.1567,39842.4715,5695.1791,50316.8553,43643.7428,55833.891,1116.1566,-379.4432,26582.1218
57375.1777,28591.0964,54376.6022,42897.284,37128.076,39849.177,5695.3579,50329.9087,43649.599,55838.7637,1128.6288,-373.14,26582.8371
57368.4275,28593.2422,54373.92,42896.6582,37121.3257,39849.937,5696.1626,50320.1187,43638.8254,55833.7569,1119.5093,-378.5044,26584.3123
57348.1321,28586.8943,54378.0774,42882.6213,37091.285,39839.834,5693.8827,50300.6727,43628.5436,55830.2253,1103.2373,-391.2449,26581.5407
57352.9601,28585.3297,54379.4632,42879.2238,37084.4901,39840.9069,5694.4638,50311.8038,43633.3269,55831.2088,1103.1032,-391.3343,26583.6418
57377.2341,28595.4326,54382.4136,42891.2491,37118.0624,39849.3111,5700.1859,50342.1575,43657.1091,55841.9377,1121.3422,-375.0175,26590.2132
57381.6597,28599.1877,54380.3573,42893.8866,37128.2548,39848.6853,5700.6329,50350.83,43656.7068,55845.6928,1128.3606,-370.1001,26589.2744
57363.6889,28597.6678,54379.1056,42885.8846,37107.5124,39841.2645,5697.0119,50333.3956,43648.5261,55845.2457,1122.0574,-378.1468,26586.5475
57346.2099,28591.1411,54379.6867,42882.5319,37077.6951,39842.1586,5696.0285,50297.007,43642.7146,55840.686,1109.5852,-389.9485,26582.9265
57349.5179,28587.7436,54381.6984,42881.1908,37078.768,39844.8408,5690.7088,50299.6892,43644.0557,55837.9143,1109.4064,-394.5976,26582.8371
57371.5121,28593.5998,54383.3524,42896.3006,37113.4579,39851.9933,5691.0217,50342.828,43659.1208,55843.6364,1125.8572,-383.2877,26586.1899
57388.0523,28600.4394,54384.5147,42905.6436,37135.2285,39865.8514,5700.9906,50369.2925,43667.4356,55844.6199,1134.3956,-372.7823,26587.978
57368.4275,28600.9759,54383.6206,42895.4959,37114.9778,39859.5929,5699.5153,50351.5452,43659.4337,55841.133,1123.7562,-383.0194,26583.7759
57351.619,28595.1644,54386.3922,42883.2024,37086.9488,39843.3208,5696.1626,50319.9399,43647.9896,55840.1942,1106.1877,-401.3032,26577.7409
57348.4451,28591.8564,54384.3359,42883.873,37085.6524,39844.9302,5697.3696,50320.6998,43648.9731,55836.2603,1104.8913,-404.4771,26576.1763
57370.171,28596.5055,54383.7547,42895.8535,37113.0109,39853.245,5699.6047,50355.6132,43665.1558,55842.2953,1119.2858,-391.5578,26577.9644
57376.9659,28596.4608,54382.1007,42899.7874,37125.0361,39852.8874,5698.9342,50365.895,43662.6077,55842.1165,1122.4151,-386.7745,26574.3881
57365.6112,28594.628,54382.6818,42892.7243,37110.284,39850.2946,5699.6047,50351.3664,43649.4201,55836.7521,1112.3121,-392.0496,26571.6612
57354.9271,28594.7174,54383.8441,42884.9012,37082.3443,39848.9535,5699.873,50345.9573,43635.4727,55832.9076,1102.7455,-402.4208,26570.3201
57357.4305,28600.3053,54387.778,42892.9031,37084.2218,39856.5978,5706.5338,50336.8378,43642.6699,55838.3614,1111.2392,-396.4305,26576.9362
57377.4129,28616.5774,54396.674,42912.1703,37126.0643,39869.0701,5717.1732,50370.6336,43666.8992,55856.064,1135.7367,-376.2245,26588.738
57389.6617,28621.4948,54395.5564,42913.3773,37143.0963,39873.8086,5717.3073,50390.7055,43672.2189,55857.718,1145.6609,-369.8319,26593.3871
57379.4693,28615.5045,54397.3446,42908.8622,37128.8359,39872.6463,5718.6484,50373.137,43677.7174,55857.0474,1142.6657,-368.9826,26598.4833
57355.1506,28599.1877,54394.9306,42895.3171,37101.6115,39862.588,5715.3404,50352.7075,43660.8195,55852.8006,1119.6882,-382.7512,26595.1753
57361.6326,28596.3267,54393.6789,42897.4628,37101.388,39863.2586,5715.1169,50345.1526,43663.4123,55852.9347,1120.1799,-379.8455,26597.2316
57378.7093,28611.8388,54394.4836,42917.2665,37127.2713,39872.7804,5722.0012,50377.2944,43679.9526,55865.854,1143.9174,-361.6959,26606.4405
57381.7939,28614.7892,54394.3048,42923.3462,37147.209,39873.004,5723.2082,50396.3828,43690.3238,55869.1174,1153.8416,-349.7601,26609.7039
57364.4936,28609.246,54392.8742,42912.4385,37131.9652,39860.5764,5716.1003,50383.2847,43681.7408,55865.6305,1142.2187,-359.9524,26603.6242
57342.1866,28605.2674,54393.9918,42895.9429,37100.5833,39852.5745,5712.1664,50351.2323,43661.7136,55855.6169,1124.9185,-376.8951,26593.8342
57345.9864,28605.3568,54394.6177,42893.7525,37098.3481,39852.6192,5711.3618,50348.8183,43662.0265,55851.1913,1119.7329,-380.9184,26590.2579
57376.1165,28615.8621,54395.2435,42914.629,37129.73,39863.3927,5714.938,50378.1885,43685.1382,55861.8754,1139.8941,-364.1546,26593.0742
57391.271,28620.109,54397.9257,42923.0779,37146.2256,39872.244,5718.3802,50401.6131,43706.0148,55866.5693,1147.9408,-353.7834,26598.3492
57382.5985,28618.9914,54394.7071,42913.9584,37132.591,39860.7552,5719.4084,50387.4868,43688.1781,55858.5227,1135.6473,-366.658,26596.0693
57351.2614,28608.6202,54391.7567,42892.3666,37102.1032,39847.0759,5710.6018,50357.2673,43665.7369,55847.0786,1111.1945,-386.1934,26584.8935
57346.4781,28604.1051,54390.8626,42890.6232,37098.7952,39846.9418,5706.9808,50354.4956,43667.7486,55843.3235,1114.8602,-383.6006,26582.0324
57363.4654,28610.8553,54392.0696,42901.3073,37120.6999,39853.0662,5708.6349,50380.5131,43686.7476,55854.9017,1134.3062,-366.9262,26588.1568
57376.6083,28616.8903,54392.6954,42905.4201,37137.8213,39854.8543,5711.4512,50395.2652,43688.7145,55857.5839,1143.1128,-362.7688,26590.1238
57365.2983,28607.0108,54392.4719,42896.2559,37117.213,39849.9817,5709.216,50374.8357,43672.7554,55849.8949,1131.5793,-373.7658,26585.564
57334.6764,28592.8398,54388.4486,42878.8215,37081.4949,39833.3967,5699.9624,50338.9388,43658.8079,55837.8696,1108.4676,-392.7201,26578.1879
57333.9611,28585.3744,54382.4583,42876.1393,37082.7466,39828.077,5697.7719,50336.2566,43658.5844,55838.4955,1106.143,-398.2633,26576.9809
57350.7696,28593.1528,54380.6255,42887.4046,37105.1878,39835.5424,5697.459,50372.1535,43674.8117,55850.2972,1122.6386,-386.104,26577.2939
57377.3682,28613.5375,54385.1852,42909.801,37128.8806,39851.7698,5701.4823,50393.2983,43690.7262,55856.7345,1139.5812,-374.794,26581.049
57375.4907,28614.6104,54384.8276,42905.7777,37117.1683,39851.9933,5701.08,50387.308,43682.9925,55852.443,1132.7416,-380.9631,26580.736
57357.2963,28609.9613,54384.6935,42898.491,37092.4026,39847.9253,5700.5435,50367.2361,43667.2121,55843.6811,1119.6882,-390.3508,26575.3716
57352.1107,28611.3024,54385.5429,42898.4016,37091.8214,39848.1935,5703.7175,50366.2527,43664.2617,55839.9707,1116.1566,-384.9864,26577.4727
57363.0184,28614.6551,54382.816,42911.1868,37116.0954,39854.6308,5705.5503,50386.548,43682.7689,55842.1612,1131.0428,-369.966,26582.9265
57375.446,28611.7941,54388.4039,42920.1275,37130.0429,39859.5929,5710.87,50397.858,43695.6435,55855.7957,1141.1905,-360.0866,26593.5659
57367.444,28594.9409,54388.4933,42907.8341,37109.3899,39849.2217,5706.7573,50379.0826,43681.6067,55849.5373,1127.1089,-371.7989,26589.3191
57348.6686,28587.2966,54388.6274,42898.5804,37083.1043,39841.5327,5702.9128,50357.1332,43664.4852,55843.6811,1110.5686,-381.723,26582.3901
57343.0806,28584.4803,54384.2465,42893.0819,37079.1256,39840.4151,5697.0567,50355.1215,43656.3492,55838.719,1109.3169,-384.9417,26579.6185
57365.5665,28596.6396,54385.9899,42905.9118,37108.7641,39855.4355,5701.8399,50383.1059,43674.4541,55843.7258,1128.5841,-370.8601,26586.9051
57383.1797,28611.4812,54389.6556,42915.2548,37130.5794,39863.4821,5706.5785,50402.2837,43689.7874,55849.3137,1138.9107,-365.4957,26590.3473
57379.6481,28614.9681,54391.712,42918.3841,37122.1304,39865.0467,5708.5454,50406.1282,43677.0022,55850.2078,1131.0875,-371.7989,26588.5592
57366.7735,28611.3024,54393.4554,42908.5493,37097.2306,39860.7999,5710.1548,50383.8658,43665.5581,55842.5188,1118.3918,-381.4995,26589.0062
57365.0748,28610.0507,54389.8791,42906.5377,37089.7651,39866.1643,5704.8798,50375.7745,43658.4949,55835.1427,1116.0225,-385.2993,26587.978
57378.1729,28621.4054,54391.2649,42915.0313,37112.5191,39877.072,5703.0469,50404.1165,43673.7835,55844.8434,1132.4733,-368.0885,26591.8672
57395.2496,28630.0331,54396.227,42920.7981,37131.5628,39883.2858,5701.7952,50414.3089,43681.5619,55851.9065,1139.8494,-360.9359,26595.8905
57385.5489,28625.9204,54398.2834,42911.9468,37115.3355,39880.5588,5701.3929,50398.3051,43674.5882,55849.8055,1131.9369,-372.2012,26594.7729
57371.5121,28620.3325,54399.5351,42906.5377,37093.9672,39878.6813,5701.4376,50386.5927,43657.5562,55841.58,1116.9612,-384.9417,26588.9168
57361.5432,28618.4102,54399.1774,42902.7826,37101.4774,39879.8883,5701.3035,50402.239,43658.4502,55844.8434,1112.9826,-384.1817,26589.3638
57376.3847,28620.4219,54397.8363,42910.5163,37126.7349,39880.6036,5705.6397,50423.5178,43670.7884,55852.4877,1127.9583,-367.7309,26592.7613
57390.511,28618.4102,54396.4952,42915.1654,37139.2518,39880.8271,5707.8749,50426.1106,43676.0187,55857.5839,1140.6541,-359.5054,26596.7846
57373.3002,28611.7494,54398.9092,42908.5493,37121.8175,39875.5074,5710.3783,50414.6218,43662.1606,55855.5722,1126.9748,-364.4228,26598.081
57340.5325,28599.8136,54394.1706,42895.3171,37093.4308,39863.9739,5706.9808,50389.9455,43645.5309,55845.1563,1109.8087,-379.9349,26589.8556
57324.037,28596.729,54390.5944,42893.0819,37091.3744,39860.4423,5712.5241,50372.2429,43629.7506,55840.7307,1111.8203,-381.723,26588.5592
57342.8124,28598.8301,54392.4719,42900.5027,37122.6221,39859.0565,5718.2461,50380.2449,43636.1879,55849.8949,1131.6687,-371.5307,26593.3871
57352.2002,28604.6863,54388.2251,42904.8836,37135.9885,39856.1507,5717.4414,50388.4256,43638.5125,55851.236,1143.4257,-365.1381,26590.7049
57331.6813,28596.9526,54379.2844,42889.6844,37114.7543,39836.66,5710.3783,50363.1234,43617.5913,55840.8648,1127.556,-376.6716,26583.5524
57298.1089,28587.2519,54377.0492,42868.0927,37080.1091,39817.3928,5701.3929,50316.0506,43584.913,55827.0067,1104.0866,-396.8328,26574.0305
57294.0409,28588.9506,54384.2465,42871.7136,37081.9867,39822.3549,5711.2724,50307.7805,43584.1978,55833.5334,1104.5337,-392.586,26580.5572
57302.0875,28607.592,54387.3757,42886.6446,37111.2227,39832.5473,5722.2247,50325.9748,43599.1287,55845.8716,1124.5608,-375.8669,26587.6651
57309.5977,28617.4268,54384.4253,42892.1878,37128.97,39832.1897,5723.8787,50328.2547,43596.3124,55841.8036,1133.1439,-372.4694,26585.8322
57304.9933,28620.556,54382.6371,42883.6942,37115.0225,39820.1644,5722.1353,50306.5288,43582.0967,55833.8016,1122.2363,-384.3606,26583.91
57280.8981,28620.1537,54378.1221,42865.0975,37085.2053,39809.1674,5717.7097,50267.7709,43562.606,55823.8775,1100.7339,-400.8114,26575.4163
57266.6377,28620.3325,54377.0939,42856.7827,37070.632,39809.3462,5718.112,50251.9011,43557.4651,55822.2681,1098.7222,-403.8066,26571.5718
57285.8602,28634.1012,54377.8092,42875.6922,37100.5386,39819.7174,5722.4482,50269.872,43563.8577,55825.9338,1118.3023,-389.0097,26578.4115
57299.1818,28640.449,54379.2844,42890.6232,37115.0225,39825.7077,5725.2198,50280.2432,43564.707,55830.3148,1130.6852,-376.0904,26581.6301
57292.1187,28643.5783,54384.2912,42889.8185,37111.491,39823.8301,5728.1256,50271.5707,43553.6653,55830.4936,1130.9534,-376.1798,26581.5407
57278.4841,28639.2868,54385.5429,42878.6427,37093.8331,39821.2373,5723.8787,50241.1276,43536.9909,55817.7531,1112.0886,-392.2731,26577.6962
57270.4375,28633.1624,54382.6371,42878.1956,37078.5445,39821.1032,5721.0624,50222.531,43537.3485,55807.6948,1112.4015,-397.7716,26574.254
57291.4034,28634.9952,54385.4088,42889.8185,37103.7573,39827.764,5723.7893,50239.116,43550.7149,55813.4615,1131.3558,-380.5608,26577.6515
57308.346,28638.6162,54383.7547,42895.4512,37116.5872,39830.8039,5722.2694,50249.4425,43555.8558,55820.2565,1138.5977,-375.1069,26579.4843
57296.4549,28631.5084,54377.1833,42888.388,37092.9837,39816.5882,5715.9215,50222.5757,43540.4778,55801.9727,1124.7844,-387.8474,26570.4095
57267.2188,28616.7562,54371.0589,42875.2899,37062.0489,39806.9322,5705.6844,50177.9169,43518.0813,55790.7522,1107.9311,-403.9407,26564.6428
57267.5318,28618.3208,54374.2329,42879.6262,37059.5902,39817.3928,5707.249,50174.4747,43518.7966,55795.446,1104.8913,-403.6278,26568.2638
57280.4958,28615.9962,54370.9248,42889.595,37086.2335,39820.2091,5707.3385,50196.6923,43527.8267,55793.2556,1118.7941,-390.3061,26571.84
57291.3587,28615.0575,54371.4613,42897.9546,37097.9011,39817.4375,5705.0586,50211.8468,43531.9841,55793.6132,1132.2945,-385.8805,26569.9625
57280.4064,28610.006,54374.2776,42894.5124,37090.6591,39817.4822,5703.3151,50189.3163,43522.0152,55793.2109,1125.9466,-390.3061,26566.878
57276.383,28607.1897,54374.5458,42886.3317,37065.1335,39813.4142,5703.8069,50158.8732,43513.1639,55783.6443,1109.2275,-402.7784,26562.7652
57283.5803,28608.2625,54375.9316,42881.9954,37057.2209,39809.4356,5702.734,50150.7372,43503.2845,55781.4091,1106.6794,-405.1924,26562.2735
57300.5229,28609.3801,54372.4895,42889.3715,37078.9915,39812.2966,5703.3151,50171.6137,43519.9142,55791.2886,1127.1089,-390.619,26567.3697
57317.2867,28613.4034,54371.9083,42904.3472,37095.353,39822.1314,5707.7855,50191.9091,43534.8004,55799.9611,1136.9884,-378.6832,26575.7293
57310.3577,28607.0555,54372.3553,42897.9993,37075.8623,39812.9672,5707.8749,50173.223,43524.4739,55799.827,1121.3422,-385.0758,26572.3765
57291.9399,28601.5123,54375.8869,42881.3696,37045.3745,39803.6689,5704.5668,50144.2999,43505.5643,55787.6676,1102.075,-403.9854,26568.3532
57293.1468,28602.2276,54376.5575,42877.3016,37044.8381,39802.596,5705.3715,50136.6556,43508.2912,55785.1642,1104.3996,-403.6278,26571.7953
57318.7172,28606.6532,54381.0278,42886.2423,37064.7311,39811.2684,5707.0255,50167.5904,43521.2553,55798.3518,1120.8504,-392.9883,26579.082
57341.9631,28609.6931,54382.1454,42898.044,37082.4784,39817.661,5708.009,50181.1802,43527.0667,55804.2526,1133.5909,-383.5112,26581.2725
57329.4461,28601.3782,54377.0045,42890.0868,37074.8788,39810.5085,5704.1198,50169.7809,43517.3661,55801.8386,1124.9632,-392.0048,26575.014
57307.9437,28588.0119,54375.2611,42867.5115,37045.4639,39800.4055,5698.4872,50145.8645,43500.9599,55794.3285,1101.2256,-408.4557,26566.4756
57301.7299,28587.2519,54373.8753,42865.0528,37039.2501,39800.4502,5698.7554,50141.0812,43503.955,55797.0554,1095.6377,-409.0816,26563.9275
57322.1147,28596.9526,54375.2611,42872.563,37067.7263,39809.0333,5699.9624,50163.9247,43523.7586,55803.0903,1115.7542,-394.1953,26570.2307
57345.584,28603.9263,54372.8471,42879.7156,37083.6407,39810.6873,5699.0683,50183.3707,43530.2854,55808.2312,1119.107,-385.5675,26572.2424
57335.7046,28605.6697,54376.9151,42884.6329,37073.9847,39810.6426,5703.6728,50175.8605,43536.3203,55813.1486,1117.1401,-387.4004,26573.4047
57305.0827,28597.6231,54377.1386,42878.2851,37049.3978,39805.457,5697.3696,50149.5302,43526.0385,55802.8668,1103.2373,-406.3994,26565.1345
57304.1886,28591.1858,54375.2164,42869.9702,37040.5912,39803.803,5697.0567,50144.7916,43530.4642,55801.7045,1096.3529,-412.032,26563.7487
57324.9757,28591.4987,54374.9034,42884.8565,37071.3472,39808.5862,5701.6164,50177.4698,43550.849,55810.4664,1115.9331,-392.7201,26572.9129
57333.6929,28588.6824,54377.988,42894.6465,37087.5299,39812.4307,5705.1927,50197.7652,43555.9899,55822.2681,1126.4831,-380.2478,26578.4562
57315.9903,28583.4521,54376.5575,42886.9575,37074.7,39800.9866,5703.9857,50187.5728,43549.6867,55815.1603,1112.9826,-389.5909,26575.1481
57289.9729,28570.5775,54372.7577,42866.528,37037.909,39785.7875,5697.1908,50155.4757,43540.2095,55804.2973,1090.0944,-409.9756,26567.5932
57290.1517,28562.8885,54372.0871,42861.7895,37031.427,39788.2462,5695.4473,50138.8907,43536.1862,55805.1914,1093.0896,-415.8765,26566.3862
57320.0583,28570.6669,54373.2941,42879.7603,37056.7739,39801.2549,5699.1577,50164.3717,43550.2678,55814.3556,1115.2625,-397.9057,26572.8682
57327.3897,28578.7582,54367.5274,42886.7787,37072.3307,39806.7087,5702.8681,50189.1822,43562.3378,55817.4849,1127.1536,-386.0593,26574.3881
57318.002,28584.4803,54366.2757,42882.3978,37068.4415,39804.0265,5701.1247,50194.9936,43559.8791,55812.4781,1119.3752,-394.6871,26570.9907
57302.9369,28584.8826,54368.5555,42880.1626,37052.1694,39802.9536,5700.8117,50184.4883,43545.5292,55798.5306,1105.1148,-409.4392,26567.4591
57299.2712,28584.8379,54371.1931,42880.8779,37048.1014,39805.0547,5701.1694,50178.0063,43539.4049,55793.2109,1102.4326,-412.5684,26562.497
57319.0302,28599.5007,54375.4846,42900.7709,37072.8672,39817.214,5706.0421,50208.7623,43558.0909,55809.0359,1124.1585,-394.3741,26573.4494
57330.7425,28607.1002,54373.92,42903.9448,37088.6028,39820.4327,5706.8914,50222.7545,43571.8149,55816.3226,1134.2615,-381.3207,26578.8585
57327.345,28613.4034,54374.6799,42898.3122,37085.5182,39825.6183,5707.9643,50210.014,43566.4952,55810.9581,1126.0808,-389.5015,26577.3833
57313.174,28611.7941,54375.7975,42887.0022,37062.4959,39819.5386,5706.2656,50186.8576,43542.6235,55796.0272,1106.4559,-407.7852,26571.6165
57313.3528,28613.9846,54371.9083,42891.4726,37058.6067,39819.8515,5702.1081,50185.6506,43541.1036,55790.4392,1103.282,-412.6579,26565.1792
57333.9611,28617.5162,54367.5721,42900.3239,37082.9701,39827.8087,5700.0518,50218.7312,43559.8791,55795.446,1116.5142,-399.7833,26563.8381
57349.2497,28618.6785,54369.6731,42910.3374,37102.9079,39833.2179,5697.7272,50229.3259,43566.8975,55802.4645,1125.7678,-393.7036,26566.9674
57340.0855,28612.9564,54365.918,42903.2743,37087.9322,39823.8748,5694.1509,50223.0674,43556.4369,55800.8105,1117.8106,-402.4208,26563.6146
57314.4704,28602.4064,54366.8121,42890.5785,37063.1665,39817.661,5691.2005,50202.8167,43541.9083,55792.2721,1100.2868,-420.7939,26555.2551
57304.6356,28596.9526,54362.2971,42879.7603,37059.0985,39813.2801,5688.4289,50194.9042,43541.6847,55787.8464,1093.8048,-424.1019,26551.5447
57326.0933,28597.3102,54364.3981,42886.4211,37088.6028,39819.2704,5692.9439,50218.9547,43568.5962,55801.9727,1110.0322,-405.5947,26560.6195
57342.7677,28607.4132,54370.9695,42894.5124,37113.1003,39824.1431,5699.6047,50240.1441,43590.2774,55813.0145,1127.4666,-391.2002,26569.0237
57329.8931,28607.8155,54370.299,42885.2588,37092.6261,39819.9856,5698.8001,50234.288,43580.0403,55807.6948,1118.6153,-397.6822,26566.8333
57316.7503,28598.5619,54370.5225,42877.7933,37074.1636,39812.2072,5697.8613,50218.91,43561.1308,55800.5869,1101.4044,-411.0932,26565.4027
57314.5598,28599.0089,54370.8801,42875.0664,37074.3424,39810.3297,5699.5153,50212.3386,43558.9403,55797.5024,1099.6163,-410.8697,26563.5252
57338.0291,28615.281,54380.9384,42893.4842,37109.3452,39824.6348,5713.4628,50238.4901,43584.5554,55819.273,1122.9962,-388.6521,26578.1879
57349.8309,28620.1537,54379.2844,42894.7359,37123.4715,39825.0818,5713.0158,50260.216,43594.9713,55823.3857,1137.1225,-379.4432,26582.4348
57345.2711,28613.9846,54380.3126,42892.9478,37104.9643,39824.2325,5714.3122,50253.3764,43588.087,55820.3012,1131.8028,-385.0311,26580.6913
57322.1594,28601.1994,54379.2844,42869.3891,37074.5659,39811.1343,5713.3734,50222.0839,43576.1958,55811.4499,1110.3451,-404.6112,26575.8187
57314.5151,28594.3151,54375.3058,42862.1918,37069.6485,39802.2383,5709.1266,50212.115,43573.9607,55812.791,1105.5619,-410.0204,26573.36
57337.9397,28601.3782,54376.3787,42876.4522,37097.1411,39807.8263,5713.1946,50233.8409,43591.2162,55822.8493,1122.2363,-395.2235,26573.9411
57355.5082,28607.7708,54379.2397,42888.1198,37123.248,39812.8778,5715.9215,50260.7971,43597.7429,55828.5266,1131.2664,-386.104,26578.635
57337.895,28600.5735,54375.9316,42879.8497,37108.4064,39810.4191,5714.5804,50256.9079,43583.6613,55822.9387,1120.2246,-392.0496,26573.0917
57315.0516,28594.9409,54373.6964,42868.6738,37081.0032,39803.6689,5712.3452,50223.9168,43569.535,55816.8143,1104.7572,-404.8347,26565.4922
57301.1041,28586.1343,54368.1532,42862.1471,37076.5328,39798.6174,5703.181,50211.2657,43569.7585,55813.9533,1097.2917,-415.6977,26559.9042
57318.1808,28593.2422,54365.471,42872.6524,37093.3414,39806.4405,5704.0304,50238.1325,43590.4115,55822.0893,1109.8087,-399.7386,26566.0286
57334.7211,28604.5969,54365.2028,42884.0965,37117.0342,39812.2519,5705.2821,50253.0187,43600.0228,55825.8891,1124.0244,-388.1156,26570.1413
57322.517,28597.5784,54362.61,42874.1723,37103.042,39806.9769,5702.9575,50248.0567,43594.1666,55821.6423,1109.1381,-397.2352,26565.0004
57296.4102,28590.8282,54360.7324,42860.4037,37074.7447,39792.9847,5703.6281,50233.1257,43575.57,55814.7579,1093.1343,-414.3566,26560.3065
57299.8524,28595.6115,54362.1629,42865.0975,37074.0741,39791.5989,5705.2374,50233.528,43571.3232,55816.9931,1091.3908,-415.6977,26563.0335
57314.2916,28595.4326,54361.1795,42875.3346,37093.9672,39800.5396,5704.3433,50246.0003,43584.0636,55824.4586,1104.9807,-401.7949,26566.4309
57321.8912,28593.9127,54359.1678,42883.2024,37105.456,39809.0333,5700.8117,50266.3851,43585.8518,55824.5033,1111.7309,-391.0661,26567.1015
57312.1458,28587.6542,54358.2737,42878.2851,37089.5416,39804.6076,5695.7155,50257.1315,43580.0403,55820.3459,1101.7621,-402.4208,26563.0335
57295.8291,28590.1576,54361.7159,42865.1869,37062.2724,39801.836,5695.8497,50222.9333,43568.8198,55822.134,1085.1324,-421.9115,26558.2502
57296.6784,28594.5833,54364.1746,42865.2316,37060.2161,39805.0994,5697.6378,50225.7496,43567.0763,55817.5296,1084.1489,-423.3867,26554.808
57308.8825,28596.0585,54362.3418,42875.0217,37074.3424,39813.6377,5695.8497,50245.0615,43584.0189,55818.2448,1099.0798,-408.2322,26557.222
