FC3,FCz,FC4,C5,C3,C1,Cz,C2,C4,C6,CP3,CPz,CP4
56184.6793,27776.3754,53785.935,41828.379,36480.3225,39005.7117,5915.3438,50320.8786,44336.5574,55919.4088,104.9191,-904.5303,25695.6071
56197.9115,27776.5542,53784.9516,41834.3246,36490.6043,39008.3045,5915.8355,50339.8776,44344.7828,55920.0794,116.3632,-894.6061,25695.8306
56216.2399,27781.561,53783.6552,41841.9242,36506.8316,39013.7136,5916.6849,50369.5607,44356.1375,55922.091,128.8801,-883.3408,25697.3952
56217.3575,27783.0362,53783.1634,41848.2274,36513.8948,39016.664,5917.2213,50372.377,44354.8411,55923.7897,125.0356,-887.99,25697.9764
56198.2244,27779.5941,53785.1304,41847.6909,36502.6742,39012.149,5919.9482,50345.3314,44332.7129,55922.0016,111.5799,-897.2436,25697.3952
56187.138,27778.7,53790.3607,41838.7949,36486.8939,39004.1023,5923.6586,50328.7017,44331.5059,55924.9967,105.0085,-900.7305,25695.6518
56201.3984,27787.0148,53796.798,41848.7638,36511.3914,39016.0829,5929.7383,50355.3003,44345.9004,55927.2766,117.0337,-892.2368,25701.5079
56218.3857,27797.6096,53796.4404,41865.3488,36541.9239,39028.8681,5934.2533,50394.5053,44369.9509,55932.7304,135.988,-875.9201,25709.0181
56222.9455,27796.9837,53791.2548,41864.723,36539.1076,39031.9526,5933.7616,50405.2788,44374.1977,55936.6643,138.9384,-875.473,25710.2251
56201.1302,27792.7369,53786.9185,41848.3615,36512.6878,39026.1859,5930.3641,50388.1127,44354.0365,55930.1376,117.1678,-887.8559,25703.9666
56183.2488,27787.0595,53785.6668,41832.8047,36492.1689,39026.6329,5926.3408,50370.276,44345.4534,55927.5448,106.8413,-897.9142,25702.4467
56199.0738,27793.0945,53789.4219,41847.9592,36510.855,39033.9196,5930.0959,50387.4421,44363.603,55933.5798,125.5274,-890.2252,25710.2251
56216.6423,27800.9176,53788.8855,41863.963,36530.6139,39034.7689,5932.9122,50412.2078,44380.8585,55939.3913,141.4418,-874.6684,25712.8179
56212.3507,27795.1062,53785.8009,41860.7444,36522.0308,39026.4988,5926.2514,50408.8104,44372.4096,55934.8315,134.4681,-878.7811,25708.0346
56194.2905,27786.6572,53788.5725,41857.1234,36500.3049,39017.3346,5926.2514,50380.4237,44355.6011,55929.9141,125.5721,-890.0911,25704.5478
56181.2818,27777.8506,53789.1984,41848.3615,36482.0212,39009.735,5925.4915,50351.9922,44343.9782,55919.8558,115.7373,-899.1212,25700.3009
56193.4412,27776.8672,53785.8903,41850.6414,36496.2816,39011.8808,5921.4681,50365.5821,44348.225,55917.9783,122.3981,-892.5945,25700.1668
56221.2914,27787.2831,53787.8126,41868.2098,36520.4662,39022.699,5920.5741,50385.0281,44368.3863,55925.5332,140.9948,-877.5741,25706.7829
56221.8726,27788.3112,53785.4433,41872.2779,36524.3107,39021.4026,5922.094,50387.9339,44368.0733,55924.4156,143.677,-880.8821,25707.23
56206.3605,27778.0294,53781.8223,41859.7162,36499.4556,39012.8195,5918.7859,50361.9611,44347.2415,55915.4749,125.9744,-898.8082,25699.988
56192.1895,27776.4201,53781.5541,41850.999,36482.2447,39008.7515,5915.7908,50343.8562,44329.8072,55910.334,107.4225,-913.6498,25695.5177
56203.9465,27788.3112,53783.2081,41854.3518,36489.3526,39015.5464,5915.1202,50362.1846,44345.364,55919.9899,116.7655,-902.608,25697.7081
56225.4936,27798.2801,53786.7397,41865.5276,36511.2573,39025.4706,5917.713,50386.3692,44357.6574,55926.0249,135.4069,-884.6819,25699.8539
56228.7122,27800.9623,53786.8291,41867.3605,36505.5352,39027.3929,5918.7859,50396.7404,44356.7634,55925.6673,135.5857,-883.162,25703.5196
56211.859,27792.2899,53784.9069,41854.1282,36481.753,39025.0683,5915.2097,50374.5228,44344.6934,55916.4137,115.0221,-895.5002,25699.9433
56192.4577,27781.8739,53782.2247,41844.2488,36466.5985,39022.7437,5909.4876,50350.1594,44332.2212,55904.7908,97.6324,-905.0667,25694.4001
56202.516,27786.6125,53785.488,41853.413,36490.1125,39030.2986,5911.0522,50372.4664,44342.9053,55909.887,116.7208,-891.9686,25701.3291
56234.479,27795.4191,53788.8855,41862.8454,36512.2408,39035.4395,5915.7461,50396.4722,44358.1045,55920.2135,140.9501,-872.3438,25709.9122
56234.7919,27802.3928,53789.1984,41861.8172,36511.3914,39030.4327,5917.9813,50392.3595,44355.2881,55921.4205,142.3359,-870.7792,25711.7897
56206.9416,27795.0168,53787.4103,41846.7522,36487.9221,39020.5979,5916.059,50372.2429,44335.261,55914.9384,124.9015,-886.2913,25706.9618
56187.7191,27779.8623,53784.3704,41839.7784,36469.9066,39015.9488,5915.2097,50351.6793,44319.5254,55906.6683,113.0104,-898.1377,25703.6984
56206.584,27781.6951,53783.6105,41847.1098,36485.0163,39017.2899,5919.3224,50358.6531,44329.226,55908.68,124.231,-890.6722,25704.1007
56219.9503,27791.1723,53784.0575,41857.9727,36505.5352,39020.732,5922.8092,50374.6569,44335.3951,55913.4632,136.8821,-879.2728,25709.2416
56208.4168,27789.3394,53787.4997,41854.4859,36507.9492,39019.4356,5920.9317,50365.1798,44323.191,55915.4749,137.9102,-880.3904,25710.4933
56179.8513,27783.0362,53784.7728,41836.068,36486.268,39006.9187,5919.4118,50328.4782,44308.0366,55904.5672,120.8782,-893.9803,25705.1289
56162.2828,27777.3589,53784.5045,41819.483,36472.7676,39001.7778,5920.3506,50303.2655,44295.1173,55896.7441,110.9987,-904.3068,25701.955
56175.1127,27783.0809,53786.4715,41830.4801,36486.4469,39005.7564,5925.1785,50311.5356,44295.8325,55901.0804,121.4147,-892.2368,25704.9948
56195.4528,27792.7369,53790.7183,41841.8348,36511.6596,39004.5494,5931.0794,50336.6143,44312.2834,55915.8772,139.1172,-874.1766,25712.8179
56185.9757,27794.8827,53792.5065,41835.4869,36513.0901,38994.6699,5930.8112,50325.349,44313.2669,55915.2067,133.127,-874.5342,25710.1357
56162.2828,27794.078,53789.4219,41829.6754,36491.5878,38989.082,5932.8675,50292.0002,44293.955,55904.4778,118.0172,-886.8724,25704.6372
56142.211,27791.1723,53784.7281,41823.864,36465.928,38986.3104,5930.4088,50257.9361,44278.9346,55895.9395,110.8199,-897.8695,25700.7033
56152.8057,27794.3015,53785.6221,41833.654,36480.5907,38987.8303,5928.4866,50265.8039,44280.8121,55898.2193,121.2358,-893.8909,25703.5643
56171.8941,27799.9341,53789.4666,41847.1098,36503.2554,38993.3288,5934.5663,50278.4997,44293.6867,55904.5672,132.6799,-880.9716,25707.677
56166.8873,27809.8136,53793.9817,41852.6083,36502.2272,38998.3803,5938.9025,50262.4065,44292.8374,55906.1319,136.6138,-881.1504,25708.3029
56150.5258,27812.5405,53793.2664,41842.6841,36475.6286,38989.3055,5936.8461,50236.702,44272.8996,55897.5041,117.7043,-895.5896,25701.4185
56132.9126,27806.0138,53792.3276,41833.1623,36450.0582,38979.9178,5935.0133,50216.6748,44257.0299,55892.0503,104.8744,-905.5585,25697.3505
56141.2722,27805.6115,53789.3772,41842.6394,36466.1068,38988.0985,5934.4769,50236.2549,44258.371,55891.2903,118.3748,-894.5614,25699.2728
56162.3275,27816.9662,53791.1206,41857.3469,36489.7996,38998.872,5939.1707,50265.044,44277.7723,55897.1912,141.0842,-876.7247,25711.4768
56160.3606,27820.4978,53790.8524,41860.8338,36486.3127,39003.7894,5943.194,50265.1781,44283.4049,55896.0289,142.4253,-872.3885,25715.366
56140.7804,27810.2607,53782.8505,41848.8532,36454.2603,38995.9216,5939.4836,50229.5941,44263.8248,55887.5352,123.5604,-887.5877,25710.2698
56133.002,27804.7174,53785.3092,41844.4276,36435.1273,38993.4182,5941.4506,50205.0966,44248.4468,55883.5119,116.4079,-893.712,25709.3757
56150.0788,27811.1994,53790.8524,41857.928,36448.6724,39003.7894,5947.8432,50221.6369,44257.4322,55885.7471,132.0541,-879.094,25712.7732
56169.1672,27822.4647,53797.6474,41869.8639,36468.5655,39016.8875,5953.5652,50245.0615,44278.264,55897.9511,148.505,-861.2573,25720.5516
56171.4023,27816.8768,53795.6357,41873.4401,36463.0222,39010.7632,5952.5818,50233.7068,44278.9346,55896.61,151.5448,-862.9113,25721.5798
56147.3519,27811.6465,53792.9088,41859.7162,36443.0845,39005.9352,5948.2008,50202.325,44259.9803,55885.7918,137.5526,-880.1222,25716.7518
56126.7436,27809.8583,53794.1158,41847.4674,36433.8309,38999.3638,5946.7256,50184.1307,44254.6159,55882.0367,129.3719,-887.6324,25713.8014
56149.0506,27815.491,53800.2402,41853.0107,36453.5004,38996.8157,5950.2572,50203.7555,44258.4157,55885.1212,139.9666,-876.233,25718.4952
56180.7901,27822.1518,53803.0565,41867.4499,36475.9415,38999.4532,5952.6265,50223.5144,44274.0172,55895.8948,158.3397,-863.8501,25725.8266
56177.6608,27821.3918,53801.0895,41865.93,36477.5062,38999.9002,5948.9161,50223.2015,44268.1611,55894.956,152.7965,-870.1086,25726.5866
56159.6006,27812.4064,53799.1226,41853.3683,36459.893,38991.0042,5942.3447,50198.4358,44245.854,55884.0036,139.9219,-884.369,25718.0929
56151.6434,27808.7407,53795.5463,41848.2274,36442.101,38983.2705,5942.2106,50182.9684,44237.9415,55884.406,135.0492,-889.0182,25716.3048
56164.9203,27805.9691,53792.3723,41852.2507,36454.4839,38986.3104,5941.1377,50194.1442,44253.3642,55885.5683,148.3709,-876.7694,25717.4671
56182.2653,27807.3549,53789.7348,41861.7725,36472.9911,38993.3288,5939.886,50206.6612,44261.8579,55886.1047,157.401,-864.9677,25718.6294
56185.618,27804.8068,53786.9185,41861.3702,36473.0358,38989.3502,5939.2154,50195.3512,44258.7286,55886.5517,148.3262,-867.2923,25715.6342
56174.1292,27799.4871,53784.2363,41848.1827,36450.237,38981.6165,5935.5944,50165.9811,44247.061,55878.9074,130.9365,-883.2961,25711.6556
56159.1089,27791.664,53781.1071,41831.6871,36428.7794,38969.2783,5925.4915,50147.8761,44234.857,55869.2068,112.921,-899.5235,25698.9598
56163.9369,27787.9983,53778.2907,41835.2634,36435.7531,38966.3726,5918.92,50155.9228,44233.8735,55868.6703,118.3748,-896.2154,25693.9977
56193.8882,27797.0731,53780.0342,41851.1331,36460.5188,38973.9722,5925.5809,50175.2794,44245.6752,55875.2865,132.2776,-883.922,25696.8141
56196.3469,27799.353,53780.8388,41849.6579,36464.408,38971.5135,5926.3855,50184.2648,44244.5576,55877.9687,134.9151,-885.7548,25697.0376
56173.3693,27795.4191,53779.3636,41835.174,36440.2235,38967.3114,5924.5527,50172.5972,44236.1087,55879.1757,121.4147,-898.3612,25692.4778
56160.7182,27793.8545,53779.6766,41827.2167,36419.3022,38964.9421,5921.8258,50161.2425,44237.271,55879.9356,112.2504,-907.7489,25688.4545
56174.9786,27796.939,53778.6484,41832.3576,36427.2147,38974.9557,5922.5857,50182.4766,44252.3807,55880.9191,121.7723,-899.3447,25691.539
56191.9659,27802.1693,53781.7776,41845.1428,36448.2701,38979.2472,5925.5809,50207.3318,44275.1348,55889.0104,134.2446,-882.5362,25702.9384
56188.4344,27797.9672,53783.834,41844.7852,36454.1262,38979.6495,5927.6819,50212.0703,44281.2145,55891.335,132.9482,-881.955,25705.6653
56174.0398,27794.5697,53780.8388,41834.3246,36439.2847,38975.0898,5923.8374,50192.6243,44266.3282,55885.4342,120.4312,-897.0201,25698.9598
56161.6123,27788.043,53786.0245,41831.7765,36428.377,38971.4241,5926.0279,50171.7925,44254.2583,55884.853,115.6479,-907.0337,25696.8141
56172.967,27792.8263,53789.5113,41840.3596,36445.5879,38978.0849,5933.4934,50186.4552,44262.886,55891.335,132.5458,-891.5216,25706.6488
56194.2905,27804.5833,53791.8806,41852.653,36469.7278,38986.9809,5939.5283,50208.7623,44276.0736,55900.9463,146.3592,-876.5012,25714.9637
56205.1982,27807.5784,53792.4618,41856.9893,36478.579,38991.4513,5940.1095,50208.8517,44272.3632,55904.6566,145.7781,-876.8141,25713.712
56187.7638,27799.0401,53789.556,41844.6958,36456.9426,38984.4328,5933.1357,50186.6341,44260.9638,55904.7908,129.4613,-891.4769,25706.6041
56171.447,27795.5979,53789.1537,41839.5996,36440.6705,38986.4892,5933.2699,50177.8722,44257.611,55899.6946,120.6994,-896.3495,25705.2183
56182.6229,27802.1246,53788.0808,41846.3945,36455.825,38992.703,5935.9968,50199.151,44265.1659,55898.0852,128.1202,-889.5993,25706.6935
56196.3469,27810.5289,53784.0575,41858.9115,36480.1884,38997.7992,5936.5779,50235.182,44276.9229,55898.9793,141.6206,-877.7529,25707.5429
56196.4363,27809.1878,53780.3918,41862.1749,36478.9814,38994.4464,5935.818,50238.0431,44277.1018,55901.5721,138.402,-883.3855,25704.5925
56179.9407,27801.9458,53777.2626,41851.5354,36452.4722,38984.9693,5931.3029,50211.4892,44257.7451,55891.8267,122.4875,-899.7023,25696.2776
56163.1322,27797.3413,53772.8816,41841.6113,36433.1156,38984.2093,5924.8656,50195.7983,44240.9366,55881.992,111.0882,-913.3369,25690.6003
56175.4704,27798.2801,53770.9594,41843.8017,36446.2584,38992.5689,5921.1552,50207.1083,44243.6188,55881.1426,117.6149,-908.8665,25690.7791
56205.1535,27812.3617,53771.4064,41855.6929,36472.1417,39000.6155,5921.8258,50235.8079,44262.3496,55880.0697,131.92,-896.9307,25693.9083
56209.9367,27811.5124,53774.491,41862.8901,36472.6335,39006.3822,5923.8821,50238.2666,44268.7422,55879.9803,129.7742,-896.5284,25691.5838
56190.4013,27805.6115,53772.3899,41852.3848,36450.1476,38999.9002,5920.3953,50216.049,44259.2651,55880.6956,110.4623,-906.7655,25684.9676
56178.1079,27796.7602,53765.4161,41838.2585,36428.69,38998.1121,5915.7461,50202.5038,44239.4167,55870.7267,92.2233,-920.6682,25678.3515
56190.6248,27795.8214,53764.4327,41844.9193,36451.2652,39001.1519,5913.2874,50222.6651,44250.0114,55875.7335,107.1543,-910.6547,25684.9229
56201.1302,27800.113,53766.1314,41857.0787,36474.4216,39008.1704,5915.6567,50246.5814,44270.2621,55885.9706,130.6236,-894.025,25689.7956
56198.3138,27801.0517,53769.2159,41850.4179,36475.0475,39005.7564,5917.4448,50247.699,44269.681,55890.2621,127.0473,-895.9025,25688.5439
56177.8843,27796.7602,53765.4161,41836.4704,36458.5519,38999.0956,5915.3438,50230.4882,44264.6742,55883.646,110.7752,-910.5653,25683.6712
56170.1506,27796.0449,53768.7689,41831.8659,36444.9173,38994.804,5915.8802,50218.6865,44257.4322,55881.5449,105.9026,-916.1979,25685.7723
56186.0651,27795.7767,53771.3617,41841.0748,36460.5635,38993.7311,5917.9813,50232.5892,44259.3545,55887.2223,113.9045,-905.8714,25692.299
56202.0242,27804.0469,53775.6979,41851.2225,36483.7646,38998.2462,5922.9881,50256.3715,44276.5206,55898.0852,129.3719,-892.2368,25697.0376
56198.135,27798.3695,53775.4297,41846.7969,36483.9882,38996.7263,5923.3904,50259.0537,44281.438,55896.0289,124.9909,-896.0366,25694.3107
56181.0583,27791.9769,53776.5473,41835.1293,36461.1894,38985.5951,5919.2777,50228.4318,44269.3681,55890.6645,110.1941,-909.2242,25688.8121
56171.76,27792.0216,53777.5755,41827.3062,36444.7832,38979.7837,5919.4565,50203.7108,44261.7685,55887.5799,103.8909,-917.4943,25686.3534
56189.1943,27801.2753,53778.3355,41835.4869,36464.8998,38984.5669,5924.1951,50215.8254,44270.575,55893.1679,120.3418,-901.5352,25695.16
56212.2613,27807.3549,53778.9613,41840.8513,36493.5547,38990.7807,5928.9336,50243.184,44285.4166,55900.1416,132.6799,-884.7266,25700.7033
56205.9581,27804.5386,53777.2626,41840.8066,36490.6043,38991.2277,5927.4137,50244.6145,44283.4944,55899.9628,126.332,-888.7947,25697.5293
56188.5685,27801.1411,53777.0391,41827.172,36464.5422,38984.7457,5925.2679,50227.3142,44271.2456,55896.0736,113.4127,-901.2669,25692.0308
56181.6841,27798.9954,53777.4414,41823.864,36454.4392,38983.047,5925.5809,50214.0373,44258.1475,55886.82,106.6178,-909.4924,25689.6615
56197.2409,27807.5337,53779.0954,41837.2303,36479.6966,38991.496,5931.0794,50237.5513,44266.9094,55896.4759,121.7723,-896.4837,25693.4613
56217.2234,27814.4181,53782.1352,41849.7026,36500.7073,38998.3803,5938.3661,50270.2296,44288.2329,55912.7033,140.816,-877.7529,25699.7645
56204.2147,27813.3899,53778.8272,41841.8348,36497.6227,38992.7477,5935.5944,50261.1548,44284.299,55904.8355,134.4234,-881.7315,25700.1221
56195.3634,27808.8748,53778.246,41841.5219,36489.2632,38988.5008,5935.3262,50243.7204,44274.3748,55898.8452,119.3136,-894.8743,25695.4283
56177.6608,27801.9011,53777.7096,41834.0564,36466.1962,38986.3998,5933.2252,50227.0013,44265.5683,55898.5323,106.3496,-906.7655,25691.852
56188.1214,27802.7505,53776.9496,41841.7454,36483.3176,38996.0557,5933.6722,50241.9323,44272.3632,55901.3039,118.5536,-895.0084,25695.9647
56208.4168,27805.9244,53779.3189,41856.3634,36513.7607,39006.5163,5934.4321,50264.1946,44291.4963,55909.6187,136.2562,-879.7646,25702.7596
56205.7346,27807.2655,53779.0954,41856.8552,36509.4244,39005.8458,5937.2932,50264.4181,44292.0327,55910.6916,134.3787,-879.0493,25703.8772
56184.724,27802.2587,53774.7145,41846.8863,36481.1271,38997.7992,5931.9735,50245.4638,44278.6217,55903.9861,118.2407,-896.6178,25698.4681
56171.0,27794.7485,53772.0323,41835.4869,36461.547,38991.3172,5929.1571,50223.0674,44268.2058,55894.509,105.5449,-906.5419,25691.8073
56189.8202,27793.8992,53772.2558,41837.7221,36477.1932,38993.2841,5929.9618,50232.5445,44278.3982,55898.8452,116.9443,-898.8529,25693.9977
56207.2098,27797.1625,53772.3899,41846.2157,36499.7238,38996.9051,5927.9501,50250.6495,44299.9899,55908.0988,130.6236,-887.8559,25697.7081
56194.7823,27799.1295,53770.2888,41851.4907,36498.9191,38996.8604,5925.2679,50249.7107,44292.2562,55903.2261,131.6965,-892.6392,25697.0823
56173.861,27795.1956,53773.0604,41848.2274,36474.6451,38993.5076,5926.0726,50236.2549,44278.3087,55895.8054,115.9161,-903.0551,25689.7062
56162.7299,27786.6125,53773.284,41841.656,36451.0417,38989.6631,5924.0609,50213.635,44262.8413,55882.8861,100.8511,-917.3602,25682.4195
56179.0913,27792.3346,53774.8933,41845.277,36468.3867,38997.218,5924.7315,50227.4036,44272.5867,55888.4293,110.6411,-906.8996,25686.9793
56201.1749,27793.631,53772.6134,41848.6297,36491.9454,38997.5756,5925.5809,50249.1295,44285.6401,55891.0221,123.0687,-895.5896,25692.4778
56198.7609,27792.0663,53767.8301,41845.0981,36490.6043,38995.7875,5923.7927,50251.2306,44279.0687,55883.2884,118.7325,-896.9754,25691.9414
56177.035,27784.2879,53768.3666,41835.0399,36471.5606,38988.7244,5922.1387,50228.3424,44262.9755,55879.7121,102.8627,-906.3631,25686.4429
56161.1205,27783.7068,53767.696,41828.0214,36450.0582,38988.8138,5921.0211,50202.5485,44260.8744,55884.5848,98.6159,-915.0803,25685.2806
56177.6161,27792.4687,53774.5357,41837.9009,36471.9182,38995.4299,5928.0396,50226.1966,44271.4691,55889.4575,109.4341,-901.4457,25689.9744
56201.7113,27795.6426,53778.7378,41843.31,36495.164,38996.8157,5927.9501,50261.1995,44292.6139,55895.6712,119.5371,-888.3476,25693.8189
56207.2992,27793.9886,53777.3967,41849.2556,36494.3594,39000.4814,5928.2631,50262.4065,44299.3194,55895.1348,118.8219,-888.5711,25692.4778
56191.7871,27793.7204,53778.4249,41844.9193,36480.1437,38999.9896,5928.3078,50237.4619,44288.2776,55889.2787,105.679,-895.9025,25691.2261
56178.4208,27784.4667,53779.5871,41835.4422,36466.0174,38996.9945,5929.023,50218.4182,44279.0687,55892.1397,100.4934,-901.5352,25693.2825
56201.756,27788.9371,53780.6153,41847.5121,36490.2467,39005.1752,5937.2932,50235.5397,44288.4564,55899.3816,118.1066,-884.5031,25700.7033
56226.6558,27801.2305,53785.5774,41859.8056,36524.1319,39012.4172,5944.5798,50266.1616,44306.7849,55908.2329,138.1338,-870.0639,25706.917
56224.8677,27803.7339,53785.3092,41855.2905,36519.751,39010.4502,5944.1328,50267.6815,44306.7849,55907.16,137.642,-870.3768,25706.023
56208.0592,27802.974,53786.248,41849.792,36493.1524,39007.4998,5944.1775,50251.3647,44299.8558,55905.0143,123.2028,-883.7879,25701.7761
56194.4693,27797.5202,53783.6999,41847.2439,36482.6918,39004.8176,5943.8199,50232.6339,44294.3126,55904.6119,112.3846,-891.8792,25699.7645
56212.1272,27801.2753,53785.3539,41853.6812,36501.4672,39012.596,5940.3777,50254.5834,44300.2582,55910.6916,122.4428,-884.2349,25704.4137
56233.8084,27812.4511,53787.455,41859.135,36523.4613,39018.7651,5942.2553,50280.3773,44312.1493,55924.1027,139.2961,-872.8802,25709.8228
56223.2584,27805.4774,53787.3656,41858.3751,36523.0143,39014.8759,5944.0881,50281.0478,44317.3349,55926.1143,137.1503,-873.1484,25712.6838
56206.1816,27801.4988,53789.1537,41855.3799,36507.0552,39005.8458,5944.9375,50264.7758,44315.502,55921.5099,124.0969,-880.9268,25710.8957
56199.4761,27801.2753,53790.6289,41841.9689,36489.7102,39003.7,5945.2951,50247.1626,44311.5234,55923.5215,111.1329,-885.1737,25710.091
56218.2516,27802.7505,53787.4997,41846.6181,36505.4458,39011.7466,5945.2951,50268.7544,44320.7771,55924.1027,126.4662,-876.8141,25714.0696
56244.4925,27806.0585,53785.8456,41865.1253,36526.68,39020.5085,5947.9326,50298.7057,44334.2775,55930.54,146.3592,-859.8715,25721.4457
56243.062,27814.2393,53787.1867,41873.9766,36532.9832,39021.4026,5950.7489,50303.2655,44339.8654,55931.1658,147.0745,-856.6082,25722.5186
56226.9688,27810.5289,53785.1751,41862.756,36513.3584,39013.4454,5947.8879,50289.9438,44329.6283,55926.6955,133.3505,-870.4662,25716.6177
56212.6637,27804.2704,53782.7164,41855.827,36494.8958,39009.735,5945.6974,50267.7709,44312.0152,55919.3194,122.9793,-877.3506,25710.7615
56219.0562,27805.4774,53779.2742,41853.1895,36508.4857,39011.8808,5941.9423,50270.5425,44318.3184,55917.4418,126.8685,-874.7131,25711.7003
56228.3546,27804.4045,53775.7874,41856.8552,36528.3787,39014.6524,5942.5682,50294.4589,44332.1317,55916.7713,135.0045,-868.8122,25710.5827
56223.4372,27797.4308,53774.9827,41852.1166,36521.9861,39010.8973,5941.3612,50300.3597,44331.3718,55911.3175,132.4117,-873.7743,25705.8889
56204.17,27789.7418,53772.524,41837.6774,36498.8297,39008.6621,5935.5497,50277.248,44311.3446,55898.1746,110.9987,-895.1426,25696.4117
56187.6297,27780.5775,53766.7125,41824.9816,36477.9979,39000.392,5927.1455,50258.8302,44295.4302,55890.0386,90.7928,-907.7489,25688.7674
56202.963,27788.043,53766.8914,41830.793,36491.9901,38999.9002,5930.4982,50279.3491,44303.1639,55897.9958,95.3972,-899.747,25691.2708
56227.9522,27796.9837,53764.8797,41846.0816,36523.8637,39009.6456,5934.7004,50311.0439,44324.2639,55907.7859,116.2738,-882.1785,25694.4895
56220.7103,27799.8447,53770.6017,41851.6695,36529.094,39012.149,5936.9802,50313.7261,44327.5273,55913.2397,119.8947,-880.4798,25696.9929
56195.8104,27795.8661,53776.1897,41841.2089,36510.855,39014.3842,5938.0084,50295.3976,44319.5254,55906.1766,108.3165,-894.0697,25697.2164
56193.8882,27799.0848,53778.246,41837.9456,36499.9473,39017.1558,5941.2271,50285.1158,44317.7819,55902.9579,105.992,-894.5614,25699.0492
56209.445,27814.6863,53787.4997,41845.7687,36515.1912,39026.2753,5948.022,50302.5502,44337.2726,55916.5478,125.9744,-878.6023,25709.331
56232.8249,27822.9117,53796.3063,41860.4761,36538.9735,39034.0984,5956.4263,50337.2848,44361.3678,55934.608,146.6274,-859.1115,25722.6527
56242.7044,27821.6153,53799.4355,41865.2594,36545.8131,39033.7855,5959.779,50351.9028,44371.5602,55939.1677,152.7518,-854.3283,25727.6595
56218.8327,27810.4395,53793.1323,41851.8931,36520.7344,39030.1198,5953.2523,50323.0244,44350.4602,55925.9802,137.5973,-869.7063,25725.3349
56201.8901,27797.9672,53786.248,41843.9358,36498.2486,39022.0731,5943.954,50296.9623,44333.5176,55913.5973,123.6498,-882.4915,25716.1707
56215.9717,27805.4774,53787.5891,41859.8056,36520.0192,39026.2306,5944.2669,50314.7095,44349.3873,55921.7334,134.2446,-871.7626,25718.3164
56225.0912,27808.8748,53786.1586,41865.7511,36546.0813,39032.2655,5942.2553,50332.7698,44358.9985,55927.3213,143.9452,-864.8336,25720.9092
56225.4936,27799.353,53782.6717,41864.5442,36542.6838,39028.0634,5940.1095,50324.8572,44345.0063,55923.0745,137.0609,-870.1533,25714.8743
56210.2497,27786.4784,53778.559,41850.1943,36512.956,39013.8477,5930.1406,50297.8563,44322.0735,55910.5575,110.6858,-894.5614,25698.8704
56199.4761,27779.9964,53775.5191,41839.1526,36490.4255,39005.6223,5925.4915,50274.4764,44311.8811,55903.4944,99.197,-903.5021,25692.0308
56214.1389,27786.9254,53772.8369,41845.5452,36508.6198,39011.7913,5925.6256,50293.833,44323.1463,55906.4448,115.0668,-891.4769,25695.6518
56230.6792,27794.2568,53774.5357,41857.6151,36528.8258,39018.0051,5928.3525,50324.6784,44333.2046,55912.3009,126.0191,-879.8987,25696.1882
56226.3876,27790.0547,53771.2723,41855.3352,36526.233,39016.0382,5927.1455,50327.9418,44327.7955,55906.9365,123.5157,-884.4137,25693.8189
56214.5412,27790.3676,53774.4015,41851.446,36507.9045,39007.6786,5928.8889,50316.5871,44320.4194,55908.2329,113.0998,-890.5828,25694.4448
56207.5675,27790.5464,53776.3685,41851.3119,36493.063,39010.6291,5935.9968,50304.2042,44325.6497,55907.6518,112.6528,-894.472,25697.0376
56217.6704,27794.0333,53779.453,41857.5257,36511.3914,39020.9109,5939.2601,50321.1021,44338.8373,55909.7975,124.8568,-880.6139,25702.8043
56232.8696,27802.9293,53780.3024,41865.3935,36540.091,39030.7903,5939.9307,50350.517,44348.9403,55917.4418,133.6187,-865.7724,25710.7168
56234.5684,27798.5036,53779.2295,41867.0923,36540.5828,39029.2257,5940.8695,50356.7308,44351.3095,55929.5565,131.6071,-870.4662,25715.4107
56213.8259,27789.8759,53779.8107,41854.6647,36513.6713,39022.0284,5938.4555,50338.4918,44345.8557,55926.7849,116.6314,-882.9832,25710.5827
56191.5636,27777.0013,53775.7874,41844.8299,36491.0066,39019.3909,5932.197,50316.5871,44336.3786,55916.6819,101.8792,-893.2203,25702.6255
56205.377,27772.1733,53769.9759,41848.4509,36501.0202,39020.0168,5928.3078,50333.9767,44340.7595,55919.4982,106.9754,-890.0017,25699.7198
56220.4868,27774.2296,53769.5289,41855.1117,36518.3651,39022.8778,5925.9385,50346.3149,44348.0462,55923.7003,121.817,-884.0561,25700.7033
56220.5762,27777.4036,53769.5289,41861.4149,36523.3719,39021.3579,5927.1455,50350.2041,44342.6818,55919.5429,120.3865,-883.2514,25696.3223
56199.6102,27771.771,53767.9642,41853.5471,36500.439,39018.0498,5927.1902,50329.0147,44325.2474,55908.2776,101.8345,-897.6012,25689.3486
56192.0553,27768.9546,53773.5522,41846.8416,36481.8424,39018.0051,5929.6489,50312.9661,44320.5982,55908.0094,94.0561,-909.3136,25688.3651
56203.3653,27774.5426,53778.559,41855.067,36497.7568,39018.8545,5934.8345,50330.8922,44336.8256,55914.0444,106.0814,-899.9705,25693.3719
56224.2419,27786.0761,53785.8009,41873.7084,36531.6421,39036.11,5942.6129,50365.2692,44356.5398,55924.9073,128.2096,-877.1718,25704.9054
56230.858,27792.6028,53788.7961,41877.5976,36542.058,39039.9545,5944.3116,50370.9018,44357.2104,55927.6342,132.2329,-875.2942,25710.0463
56216.9105,27795.1956,53788.5725,41873.4848,36524.6236,39037.1382,5945.9209,50352.2158,44345.4534,55927.0978,122.7111,-884.7713,25713.3991
56207.8804,27788.3112,53785.935,41862.4878,36507.8151,39030.6562,5946.5915,50332.725,44344.0229,55924.8179,115.1115,-890.3593,25709.5993
56219.5927,27791.8875,53784.9069,41871.4732,36527.2611,39040.938,5949.7654,50353.1098,44353.1871,55923.9239,130.713,-877.3506,25715.366
56241.2739,27801.767,53787.0079,41885.7336,36552.5186,39053.2762,5955.8004,50377.205,44362.3066,55931.8364,152.3048,-860.1397,25725.1561
56240.6033,27805.4327,53789.6007,41886.3595,36554.7538,39055.7796,5957.9015,50381.8542,44377.3717,55948.3767,154.8529,-858.0387,25727.7042
56227.2817,27799.8894,53787.2314,41872.3226,36533.7431,39052.2033,5957.3203,50367.4597,44367.671,55939.7489,136.5244,-873.2378,25721.1775
56210.2944,27790.7252,53785.5774,41860.4314,36513.4478,39047.5094,5950.8383,50345.1079,44352.9636,55930.3612,120.4312,-890.2252,25712.8179
56221.8279,27796.0002,53788.2596,41867.6287,36520.9132,39049.1188,5948.9161,50357.3567,44360.1608,55933.7139,129.6848,-880.6139,25713.4885
56240.2457,27808.8301,53790.6289,41876.48,36545.5002,39050.281,5949.1396,50384.0894,44371.0685,55939.3018,142.5594,-868.7228,25712.952
56231.6626,27803.6892,53789.6007,41870.5791,36541.1639,39041.9662,5944.8481,50377.6073,44364.2288,55934.8762,138.9384,-876.68,25708.437
56221.2914,27797.0284,53787.8573,41865.617,36518.7675,39038.837,5943.6858,50359.1895,44350.9072,55926.4719,122.8899,-888.437,25702.849
56203.4547,27791.7534,53784.8175,41857.928,36494.4935,39037.9429,5942.8811,50345.1079,44336.8703,55918.3359,107.5566,-898.5847,25699.541
56215.3906,27796.5814,53786.4715,41870.7132,36512.9113,39040.8486,5946.2339,50368.4431,44348.0462,55921.644,123.9628,-885.129,25707.5876
56242.8385,27801.5882,53790.9418,41888.1029,36542.5497,39051.6222,5950.2125,50396.6957,44369.1015,55936.1279,142.3806,-867.2923,25716.7518
56237.787,27802.0352,53790.5395,41888.6393,36539.1076,39053.2315,5948.2902,50406.2623,44372.2755,55939.4807,140.4136,-866.3088,25719.9705
56220.4421,27792.6028,53788.7514,41877.5082,36519.751,39043.7096,5948.5584,50381.9883,44369.1462,55938.3184,130.0871,-876.0542,25718.3164
56210.1156,27788.4007,53784.5045,41865.5723,36500.0367,39035.2607,5947.6197,50355.6132,44359.8926,55932.5963,116.542,-891.2534,25715.5001
56210.7861,27784.9138,53777.2179,41869.2827,36506.6081,39032.2208,5941.2718,50373.3605,44363.1113,55933.0434,119.9394,-890.5828,25711.4321
56222.3643,27785.4949,53774.8933,41874.7365,36525.2495,39029.0916,5936.6673,50399.4226,44370.0403,55936.6196,132.7246,-877.6188,25713.3096
56219.8162,27782.1869,53774.178,41873.8425,36525.026,39026.9905,5936.3544,50388.6938,44370.3979,55936.0385,131.0706,-881.508,25708.0346
56204.5276,27778.253,53771.6299,41864.723,36502.8083,39021.0897,5931.7499,50364.1069,44355.8246,55934.4739,114.1727,-898.9424,25697.2611
56193.307,27782.5445,53777.1285,41855.5588,36486.4916,39018.6757,5932.197,50347.8348,44348.3591,55932.6857,101.4769,-906.4972,25692.9249
56204.5723,27789.2947,53775.9215,41861.0573,36502.853,39024.7554,5933.6722,50374.6122,44355.9587,55933.8033,106.5284,-896.7966,25694.1319
56227.8628,27798.3695,53779.9001,41867.3605,36532.0891,39033.249,5936.6226,50404.3847,44372.7225,55942.297,123.6051,-882.9385,25703.4302
56227.6393,27801.4541,53788.2596,41876.8376,36545.2319,39040.491,5945.0269,50405.7705,44377.2823,55948.0637,129.9083,-875.6071,25708.6158
56214.4071,27795.9108,53790.0925,41867.8075,36517.5605,39036.3783,5948.5137,50388.515,44366.5981,55943.7722,119.3136,-881.7315,25707.4982
56203.6335,27794.525,53795.0993,41863.8289,36494.6723,39032.5338,5950.883,50372.1982,44362.2172,55941.4029,109.9259,-886.7383,25711.7897
56220.8891,27802.1693,53801.0001,41873.2166,36507.234,39039.9098,5954.2805,50388.1574,44382.2891,55946.5885,131.0259,-873.5508,25719.7469
56238.7705,27806.0585,53794.831,41880.4586,36523.4613,39043.4861,5953.2076,50401.8813,44393.4202,55949.0025,144.1687,-864.5207,25723.1891
56237.787,27801.6776,53793.3111,41877.7317,36524.5789,39037.0488,5949.8549,50396.4275,44393.5096,55946.0074,140.816,-864.923,25722.4292
56216.687,27790.457,53793.5346,41867.0923,36509.648,39031.3715,5943.1046,50368.6219,44376.3882,55941.4029,123.5604,-877.6188,25718.0929
56203.9465,27785.7184,53788.1255,41854.5306,36486.0445,39024.9342,5937.919,50348.9971,44364.0947,55934.6974,110.2388,-888.7053,25713.3991
56209.9814,27781.8292,53783.2528,41860.9679,36496.9075,39024.5765,5933.6275,50369.1584,44370.2638,55932.5069,117.3466,-887.3641,25710.538
56222.6772,27788.2665,53783.0293,41872.3673,36519.7062,39024.5318,5936.8908,50392.5383,44374.8683,55934.5633,133.3505,-878.2446,25710.5827
56225.1806,27791.4405,53782.8058,41876.1224,36529.5857,39025.8729,5938.1425,50395.5781,44377.6399,55935.7256,132.814,-877.3953,25710.4486
56214.8094,27788.2218,53780.66,41866.7346,36513.9395,39024.8448,5935.058,50380.9154,44372.1414,55927.366,117.0337,-890.3146,25705.0842
56199.2526,27786.0761,53777.6202,41858.3304,36496.8628,39025.3365,5934.9239,50371.2595,44368.6545,55928.0366,110.06,-901.8034,25700.5244
56208.7297,27789.5182,53774.4462,41864.1865,36508.2622,39027.527,5935.1027,50389.2303,44376.2094,55928.4836,116.0502,-896.0366,25699.228
56229.3828,27797.699,53774.6698,41880.548,36536.023,39033.7408,5939.0366,50415.9629,44390.1569,55933.4904,133.2611,-882.9832,25704.0113
56228.2205,27791.1276,53775.5191,41878.5363,36532.5361,39032.8467,5939.126,50410.6879,44378.7575,55929.5565,131.2047,-882.7597,25702.2232
56206.7181,27779.9964,53776.0109,41871.8755,36507.7704,39028.421,5941.093,50392.8065,44368.4757,55925.9355,119.7606,-896.126,25701.1056
56193.7988,27770.4298,53774.6698,41861.549,36486.1786,39019.4803,5937.472,50372.9582,44362.8877,55924.6391,105.8578,-900.9987,25697.0376
56198.4479,27769.5358,53774.4015,41860.9679,36501.6013,39021.939,5930.6324,50382.7482,44377.6846,55929.6459,116.0949,-893.5779,25700.748
56207.7463,27769.6252,53776.7261,41867.4499,36521.3603,39022.9225,5926.0279,50404.2506,44382.5126,55931.5234,123.5604,-886.7383,25705.2183
56208.3721,27770.3404,53773.5522,41864.4994,36521.0474,39020.9556,5920.6635,50409.3021,44377.1034,55928.2154,117.0784,-892.2368,25702.9831
56194.0223,27767.39,53768.0089,41856.1399,36496.9969,39015.9041,5916.059,50387.8444,44362.8877,55919.6323,98.8394,-907.6595,25695.6965
56186.9591,27766.7195,53765.9973,41849.8367,36479.6966,39017.2005,5918.2048,50365.3586,44352.0695,55914.849,91.821,-915.3932,25695.4283
56200.0126,27773.1121,53766.3549,41857.034,36492.5712,39025.6494,5920.7976,50386.4586,44363.4689,55919.2747,103.8015,-908.3748,25698.3787
56219.5033,27787.1937,53768.6348,41871.3838,36513.9842,39030.3433,5922.094,50417.4381,44377.6399,55924.8179,122.0852,-892.3262,25696.9482
56222.1855,27791.4405,53772.3005,41871.5626,36517.5605,39027.2588,5924.1951,50424.099,44377.5505,55921.3758,123.5604,-891.4322,25696.5905
56214.0048,27794.4803,53778.8719,41864.1865,36499.9026,39034.2325,5928.9336,50407.8269,44362.8877,55915.3855,115.6032,-900.3729,25698.1999
56213.8259,27800.6047,53779.9001,41868.9698,36487.1621,39041.698,5932.9569,50383.6423,44358.0598,55911.3622,111.267,-902.608,25701.0609
56228.9804,27811.3782,53782.2247,41884.8842,36514.6101,39049.7446,5937.0697,50396.5169,44372.499,55912.5692,129.5507,-887.6771,25709.1522
56249.6781,27820.4083,53786.8291,41897.1777,36539.5546,39059.2217,5940.9142,50427.5858,44383.6749,55924.2815,149.1308,-867.6052,25716.1707
56246.1913,27814.2393,53790.316,41896.9095,36538.884,39059.2664,5944.9375,50431.2068,44379.428,55928.6177,151.9024,-868.3652,25716.4836
56221.2467,27809.8136,53793.9817,41884.0796,36515.9512,39050.3258,5945.3845,50407.0222,44366.8664,55922.2251,138.3573,-881.3739,25714.159
56204.3041,27801.5882,53797.6921,41872.412,36498.2039,39045.5872,5943.4623,50387.3527,44352.3824,55921.8228,123.1134,-886.0677,25715.1425
56217.0893,27805.7903,53799.3461,41874.1554,36515.7276,39045.6766,5943.5964,50400.6743,44359.4009,55926.2931,134.2893,-874.8919,25719.3446
56232.4673,27810.8418,53802.6989,41879.788,36536.4701,39045.319,5949.4078,50412.6996,44375.9859,55934.1609,150.9637,-863.5372,25724.3514
56216.4187,27807.2655,53798.005,41876.9717,36533.8773,39039.9545,5950.0784,50400.2273,44363.6924,55932.6857,145.4204,-870.645,25720.5963
56187.4062,27795.8661,53791.4783,41859.7162,36508.1728,39025.2918,5943.0599,50367.7279,44340.2231,55924.2368,123.2922,-888.0347,25709.331
56168.3178,27785.182,53788.4384,41847.0651,36485.5081,39017.424,5944.3563,50339.52,44326.812,55921.0628,110.954,-896.126,25705.1289
56178.4208,27789.1606,53790.1819,41850.0155,36500.6626,39016.3511,5947.9773,50344.4374,44326.1415,55922.6274,118.196,-891.2981,25708.0346
56190.6248,27796.1344,53785.8456,41854.7988,36530.1669,39017.2005,5947.0832,50354.2721,44326.0074,55925.4438,128.4778,-884.1008,25708.884
56188.2555,27802.8399,53783.1634,41853.5471,36524.8024,39008.6174,5945.9656,50333.2615,44319.3018,55926.6955,127.8073,-884.9502,25706.6935
56162.2828,27801.7223,53784.1469,41841.5219,36495.9687,39000.6155,5944.401,50301.4326,44308.8859,55920.3923,112.921,-902.4292,25696.5458
56145.9213,27802.8399,53782.7164,41840.0466,36483.6752,39000.9731,5948.8714,50290.4356,44292.6586,55908.9482,109.8812,-913.3816,25691.539
56166.172,27809.8136,53783.7446,41855.2458,36513.5372,39010.3608,5956.7839,50301.7455,44302.1804,55912.4798,131.16,-897.6012,25700.9268
56181.6841,27825.7281,53786.9632,41859.5821,36531.3739,39014.1159,5961.8354,50309.4345,44310.6741,55918.6488,142.0677,-878.8258,25707.4088
56181.6394,27836.3675,53791.1654,41861.6831,36529.1834,39015.3229,5966.7528,50303.7125,44312.0599,55924.3262,144.884,-872.9696,25714.2484
56173.5481,27843.073,53798.005,41860.9679,36504.2835,39013.5348,5968.9432,50279.8408,44303.0298,55921.6887,133.3058,-881.6868,25716.7071
56165.5015,27835.1605,53799.3461,41859.8056,36488.5032,39010.7632,5972.8771,50260.216,44300.1688,55913.8656,125.6615,-883.6538,25716.4836
56177.8843,27838.7815,53800.5978,41873.1272,36500.3496,39019.2568,5975.6041,50277.6057,44305.5779,55918.2018,143.677,-868.2758,25725.0667
56189.999,27844.6823,53800.7766,41886.4042,36520.3768,39027.8399,5974.9782,50302.8631,44320.1065,55925.6673,163.7489,-856.5634,25734.1415
56183.5617,27838.8262,53797.3344,41886.4042,36513.2242,39025.0683,5971.3125,50290.7038,44312.641,55916.4584,156.1046,-865.7724,25727.6595
56162.2828,27827.3374,53794.7416,41876.1671,36490.2914,39015.6806,5964.4729,50253.0187,44291.0939,55905.2378,136.7033,-885.7548,25719.1211
56145.8319,27817.1003,53793.7135,41867.0923,36469.1466,39008.528,5959.1979,50235.8526,44278.6217,55896.9676,126.2426,-899.2553,25712.505
56154.5491,27817.2344,53792.5512,41874.3342,36472.1417,39011.6572,5959.1085,50236.0314,44290.1552,55903.2261,134.8257,-887.0065,25711.7897
56172.8328,27813.077,53786.7397,41880.1457,36488.9503,39010.8973,5957.365,50257.8914,44284.4331,55906.4001,146.3145,-877.1718,25713.1755
56164.4733,27809.6348,53783.1634,41876.5247,36480.2331,39006.9634,5955.4875,50251.2306,44271.0221,55903.6285,142.917,-884.1455,25712.6391
56145.0273,27809.8583,53783.4764,41865.4382,36450.5947,38997.4415,5948.4243,50219.804,44259.2651,55896.4759,125.7509,-900.2835,25707.1406
56135.8631,27802.7952,53783.6999,41852.6083,36429.9417,38989.529,5942.7917,50197.7652,44246.2564,55890.0386,111.4011,-910.297,25700.748
56152.6716,27804.7174,53784.5939,41860.7891,36444.4703,38990.8701,5946.0104,50207.7788,44260.8744,55892.0056,120.6547,-896.8413,25703.5196
56177.7502,27814.1052,53785.3986,41869.4168,36470.3536,38998.2462,5951.4195,50224.2297,44271.782,55895.716,130.1765,-884.5925,25706.6935
56184.2322,27815.938,53784.0575,41863.8736,36467.2691,38996.3239,5950.3913,50219.4911,44267.2223,55894.8219,130.0871,-884.7713,25704.816
56165.7697,27811.87,53782.7164,41854.2176,36445.8114,38986.7127,5947.3962,50200.358,44252.336,55884.7189,117.5255,-897.8248,25699.5857
56158.6618,27804.4939,53785.0857,41850.6414,36434.0544,38982.4659,5945.5186,50179.9285,44245.2729,55889.9939,115.4691,-904.7538,25703.5643
56172.4752,27805.0303,53788.5725,41858.688,36445.6773,38992.0324,5947.7538,50193.1161,44252.7384,55898.0405,129.4166,-891.9239,25709.1522
56194.9611,27818.352,53789.6454,41876.7035,36470.89,39003.2977,5952.6265,50209.6564,44277.9064,55902.7791,151.5895,-875.8754,25717.2883
56193.7988,27817.0109,53791.97,41877.8658,36474.1534,39004.7282,5957.1862,50207.7341,44277.1465,55900.6333,151.9024,-878.647,25720.8198
56180.2983,27806.1926,53788.2596,41865.3488,36442.5927,38996.1898,5953.4311,50185.9635,44258.2369,55894.3748,135.4963,-893.6673,25711.7003
56159.2877,27803.5104,53784.3704,41849.0767,36423.862,38986.668,5948.5137,50166.5175,44245.8987,55894.0619,119.2689,-903.5915,25706.8276
56173.9951,27807.3996,53783.1187,41849.8814,36440.6258,38987.2044,5947.7985,50177.7828,44252.8278,55895.4924,124.6333,-894.8743,25708.5711
56192.1895,27805.9691,53779.1848,41852.2954,36460.9212,38983.3599,5939.7966,50195.8877,44269.5469,55898.0405,138.7149,-884.2349,25708.8393
56192.5471,27796.8496,53775.1615,41847.8251,36449.6559,38978.4425,5934.4321,50193.3843,44268.6975,55895.3136,130.266,-888.6606,25706.917
56172.967,27790.9487,53770.9594,41835.7104,36424.9796,38970.6641,5933.0016,50171.6584,44250.4585,55892.7655,111.5799,-903.0551,25700.3009
56160.3606,27786.9701,53767.9195,41826.3227,36414.3401,38970.2171,5931.7499,50157.9344,44241.7413,55884.9871,104.7403,-912.6663,25695.6965
56177.035,27790.904,53768.8583,41826.0098,36427.5724,38977.9061,5929.3807,50178.2745,44249.8326,55886.0153,118.2407,-906.0949,25697.3505
56199.789,27796.3132,53768.5007,41837.4985,36450.237,38988.8138,5934.1192,50202.8167,44264.853,55890.5751,133.7975,-893.4885,25702.4467
56204.5723,27806.0585,53772.971,41841.3877,36447.2866,38988.9926,5940.8247,50215.6913,44270.2174,55893.0784,134.3787,-885.6654,25704.3242
56186.7356,27806.1479,53774.8933,41833.1176,36429.1817,38982.7341,5939.3942,50197.7205,44260.7403,55885.2106,122.2193,-895.3661,25702.402
56168.4072,27803.0187,53781.1071,41834.861,36420.3304,38981.2589,5944.5351,50182.119,44258.5051,55892.0503,120.3865,-898.1824,25707.3194
56179.0019,27805.075,53786.8738,41845.5005,36438.9718,38989.6631,5953.6546,50198.9275,44278.4876,55909.4399,135.2727,-881.955,25720.5516
56200.3702,27812.2276,53787.1867,41859.6268,36464.5869,38992.2559,5958.3485,50216.1384,44291.4963,55915.9666,149.2202,-865.1018,25726.5419
56200.9513,27813.2558,53790.2713,41859.8056,36471.4265,38992.703,5959.9131,50220.564,44291.0939,55915.2961,146.091,-865.1912,25724.7984
56183.4723,27808.8748,53791.523,41848.1827,36446.7502,38990.8701,5958.885,50204.739,44279.8287,55913.3738,134.8257,-875.7859,25721.9374
56179.5384,27814.5522,53796.5745,41848.4509,36434.5461,38993.91,5958.6614,50197.9887,44278.1746,55913.3738,128.3437,-882.7597,25719.7917
56189.7755,27819.4696,53795.0993,41854.7988,36449.3877,39001.2413,5955.5769,50212.428,44284.9696,55910.7363,135.988,-876.7694,25720.5516
56206.4052,27830.5113,53790.8524,41863.4266,36479.0708,39011.9255,5955.3534,50232.5892,44299.7217,55914.0444,153.02,-865.5488,25720.7751
56206.1816,27831.8971,53784.281,41860.2526,36476.0309,39008.081,5954.3252,50230.6223,44292.1221,55908.7694,145.2863,-871.0474,25714.8743
56185.8416,27815.5804,53778.4249,41850.7308,36451.1311,38994.8487,5946.1892,50215.9148,44273.3914,55898.8005,123.2475,-890.0464,25702.4467
56167.5578,27804.5833,53775.5191,41842.5947,36437.8989,38990.736,5941.987,50198.5699,44259.7568,55892.2291,111.4905,-901.6693,25696.4564
56176.9456,27809.7242,53770.11,41846.7522,36450.2817,38994.8934,5938.7684,50211.8915,44265.7471,55890.0833,119.9394,-899.5235,25695.3835
56193.1282,27813.3005,53769.5289,41852.4295,36465.3021,39000.3473,5934.6557,50231.427,44271.3797,55887.5799,131.0706,-890.1805,25697.1717
56194.5587,27819.1119,53773.1051,41853.9941,36468.9231,39001.3754,5935.1474,50237.1937,44279.1581,55886.6858,128.8801,-887.5877,25701.5526
56178.4208,27816.1615,53772.3899,41846.3051,36447.823,39003.0742,5932.3758,50225.392,44277.0123,55880.7403,118.8219,-900.1493,25698.781
56169.6142,27811.6912,53771.6746,41835.8445,36438.7482,39005.3988,5930.23,50208.5835,44273.2573,55879.5333,106.6625,-909.1347,25695.2494
56189.5519,27817.9049,53775.8768,41846.7075,36456.9426,39010.8526,5934.5216,50232.7234,44279.6499,55886.82,117.0337,-899.7023,25701.8656
56215.8823,27827.1586,53784.6833,41863.6054,36493.2865,39019.5698,5941.1377,50260.1713,44299.3194,55905.5507,137.4185,-881.7315,25712.952
56217.5363,27821.1236,53784.0575,41864.4994,36490.0231,39018.2287,5940.4671,50263.6582,44299.8558,55900.5439,135.4963,-879.8987,25710.4486
56198.0009,27814.3287,53782.7164,41851.446,36464.1398,39009.4221,5936.265,50243.4969,44288.0094,55891.9162,121.3253,-892.4603,25704.0113
56188.7473,27811.5571,53783.074,41839.6443,36455.065,39004.2812,5936.9355,50219.9829,44274.9113,55889.8151,107.8248,-901.6246,25701.9997
56201.1749,27813.077,53782.5376,41847.8698,36474.6451,39007.0975,5940.8247,50234.6009,44290.1552,55899.2028,124.9909,-890.1358,25709.2863
56216.2846,27819.6931,53785.5774,41856.1399,36497.4439,39010.4055,5942.8811,50259.7243,44301.1522,55909.4399,141.7994,-873.7296,25716.573
56218.0281,27821.973,53788.1255,41857.3916,36500.7073,39010.8526,5947.262,50257.6232,44304.3262,55910.3787,142.023,-870.3768,25721.2222
56202.963,27818.8437,53788.0361,41836.6045,36481.5742,38999.1403,5947.3962,50235.1373,44293.2397,55908.7247,121.7276,-884.0561,25718.7188
56190.4013,27812.0488,53786.248,41828.5131,36473.2593,38997.3074,5949.5866,50226.599,44279.6499,55905.506,111.714,-894.025,25714.7849
56204.617,27808.249,53787.6338,41841.5219,36495.7899,39000.3026,5955.3087,50252.1247,44293.3738,55909.6634,127.2708,-882.268,25719.7917
56225.1806,27813.6581,53787.8573,41855.3352,36523.4613,39001.286,5955.9792,50270.1402,44308.3942,55916.4584,144.884,-868.8569,25723.5467
56224.8677,27804.0469,53787.4997,41849.8814,36507.4128,38990.6466,5954.4146,50262.2724,44306.0249,55915.0279,136.6585,-873.9084,25717.4671
56208.6403,27798.2354,53788.6173,41840.9407,36479.339,38987.9644,5955.7557,50248.5484,44303.5662,55913.9103,127.0026,-885.0396,25714.4719
56201.3984,27800.4706,53788.662,41840.8513,36471.8288,38989.7525,5960.539,50234.9138,44299.2747,55915.2514,122.4428,-888.5711,25716.7071
56210.3391,27806.1479,53784.9069,41849.345,36490.9619,38993.7311,5960.4496,50254.8963,44308.1707,55915.6984,136.0774,-877.3953,25719.2999
56218.5645,27807.5784,53778.8719,41855.9611,36507.7704,38998.3803,5957.365,50271.9283,44320.0618,55920.7052,149.7567,-866.3088,25719.1658
56207.6569,27801.3647,53773.4181,41842.0136,36500.8861,38993.2394,5951.5536,50264.5522,44316.7984,55920.1688,140.3242,-874.1319,25711.8791
56179.3149,27789.2947,53771.3617,41827.5297,36475.271,38982.9129,5945.9656,50242.1558,44304.4603,55911.9433,121.1911,-890.5828,25706.7829
56164.7862,27780.1305,53768.5901,41815.9962,36459.9377,38972.6758,5939.2601,50226.8672,44289.7528,55904.0308,100.7617,-907.7936,25697.4399
56176.3644,27782.0528,53766.8914,41822.1653,36475.8521,38975.7603,5939.8413,50250.2918,44299.8111,55904.5225,108.6295,-901.8928,25697.2611
56193.307,27785.1373,53765.282,41833.654,36497.2204,38984.5222,5945.5186,50272.7777,44309.02,55911.2281,122.6664,-887.9006,25700.2115
56197.3304,27790.7252,53765.1479,41844.4723,36501.5566,38992.9712,5947.1726,50268.3073,44310.4506,55913.7315,129.1931,-887.8112,25703.5196
56175.9174,27787.2831,53765.1032,41838.8844,36486.6704,38986.2657,5948.1561,50239.5183,44297.7995,55910.0658,120.2971,-899.3,25702.1785
56164.2945,27783.7962,53768.0089,41831.6871,36472.7676,38987.3832,5947.0385,50224.0956,44289.0376,55905.5954,109.4341,-906.0055,25701.3291
56183.2935,27798.6825,53773.8651,41841.2536,36492.2136,39000.1684,5952.4029,50243.8545,44305.1308,55909.6634,123.471,-890.4487,25710.8957
56205.9581,27815.5804,53781.2412,41850.8202,36518.8569,39013.1325,5960.2708,50275.9963,44323.2358,55919.1853,143.3641,-874.7131,25717.1988
56211.6802,27820.2295,53784.7281,41861.2808,36521.0921,39016.4405,5963.0424,50282.836,44323.8169,55920.3476,149.4884,-871.7626,25716.126
56198.4926,27816.2062,53788.6173,41856.2293,36500.5732,39011.389,5962.3718,50268.4414,44315.8597,55911.2728,133.0823,-881.6421,25713.712
56189.1049,27813.2558,53792.9535,41849.3897,36485.2846,39007.9021,5964.1153,50253.7787,44310.7188,55908.1435,126.6897,-885.9336,25718.54
56205.4664,27819.7825,53795.591,41854.0835,36509.0221,39019.078,5964.9646,50267.9944,44325.918,55922.091,144.7499,-872.9249,25727.5701
56219.9056,27831.5395,53794.831,41865.7959,36529.2728,39031.3268,5963.9364,50290.9273,44335.7527,55928.2154,156.1493,-860.4079,25731.4593
56208.3274,27828.2762,53793.624,41865.0806,36519.9298,39028.9128,5964.2494,50284.043,44333.6517,55922.851,152.8412,-863.8054,25727.0783
56187.4956,27816.6085,53789.2878,41850.7308,36495.9687,39014.6524,5958.4826,50264.0158,44321.4476,55915.3855,133.0823,-883.3855,25718.4058
56177.3926,27807.3102,53785.8456,41840.4937,36478.2214,39008.3492,5950.0784,50248.3249,44310.2717,55902.4215,120.0289,-898.9424,25711.9238
56192.9941,27807.6679,53785.2645,41845.9475,36488.8608,39011.1655,5948.3349,50269.2461,44322.5652,55909.6187,128.9696,-888.437,25714.0249
56207.3439,27813.8369,53783.4764,41857.3022,36510.3185,39019.5698,5947.7985,50293.9224,44334.8587,55917.3077,138.3126,-876.7694,25715.4107
56206.8522,27817.7261,53779.766,41855.1564,36513.6266,39020.5979,5951.5089,50287.9769,44332.6682,55917.4865,136.7927,-876.1436,25712.1474
56197.3304,27808.8748,53778.6931,41841.9242,36491.5431,39012.5513,5950.3913,50260.8865,44314.3845,55911.2728,125.438,-892.505,25704.6372
56186.2439,27803.5551,53778.3802,41837.3197,36479.0708,39007.4551,5948.6032,50243.7651,44301.0628,55906.713,115.6926,-903.0551,25701.5973
56200.6831,27801.9011,53776.6367,41845.3217,36501.9143,39010.8526,5947.3515,50261.2889,44311.3893,55911.1387,123.7392,-891.2981,25703.609
56221.8279,27803.0187,53773.9992,41860.3867,36521.3156,39017.6028,5949.4078,50285.6523,44320.8665,55919.7217,142.2912,-880.0775,25705.9783
56216.8658,27804.181,53778.559,41860.4761,36517.3817,39013.6689,5954.1911,50286.2334,44323.3699,55923.2533,145.1075,-878.7811,25707.4535
56193.7094,27799.1295,53779.6766,41846.3945,36499.545,39002.4483,5950.7042,50262.3171,44311.1211,55916.4137,128.746,-888.7947,25704.4137
56184.2769,27797.2072,53778.7378,41842.2818,36483.2282,39004.2365,5949.2737,50254.9857,44314.4739,55915.0726,119.9394,-892.3262,25705.4418
56196.7492,27798.146,53777.2179,41844.517,36493.8229,39002.046,5944.3563,50273.1353,44320.9559,55920.6605,129.059,-888.0794,25706.6488
56206.0922,27798.6825,53774.7592,41846.6181,36508.0386,39000.0343,5940.4671,50292.3578,44333.4728,55924.2815,133.574,-879.4069,25706.9618
56189.1049,27787.7748,53765.4161,41836.6045,36496.5051,38989.6631,5931.7052,50285.2052,44319.0783,55913.195,121.2806,-889.957,25699.4963
56165.8144,27776.4648,53760.4094,41816.3538,36468.7443,38983.3152,5922.3622,50262.9876,44306.6061,55907.7859,101.8345,-909.1794,25695.473
56161.7464,27772.8438,53763.1363,41808.7989,36456.3614,38984.0305,5926.609,50245.7321,44311.7917,55915.162,96.2019,-917.3155,25695.6965
56173.1011,27776.1519,53756.9672,41813.2693,36471.7394,38982.2423,5924.6868,50256.7738,44317.3796,55914.1785,105.4555,-909.2242,25696.1435
56195.8104,27789.6971,53758.4424,41829.586,36497.8909,38988.7691,5930.0065,50290.3461,44324.8004,55918.7382,123.5604,-893.712,25700.5244
56203.4994,27795.6426,53765.8632,41835.1293,36501.0202,38994.2676,5934.2086,50295.6212,44330.88,55920.1688,124.6333,-894.1144,25704.1007
56186.1992,27789.7418,53771.7193,41823.5064,36482.3341,38991.943,5933.6722,50265.8486,44318.0501,55913.2397,106.6625,-905.9608,25699.0045
56180.343,27785.9867,53775.6532,41819.3936,36478.5343,38994.0888,5935.3262,50259.1431,44312.8645,55911.2728,101.3428,-904.7091,25697.6634
56195.9893,27793.2286,53781.1071,41838.035,36509.335,39012.3278,5944.2669,50286.0993,44332.9364,55921.8228,123.6051,-886.9618,25708.3476
56219.0562,27808.8301,53786.8291,41858.9562,36531.8656,39022.0284,5954.9063,50312.3403,44350.1472,55932.0152,141.3077,-867.3817,25717.8247
56218.6092,27813.971,53787.902,41863.516,36527.887,39024.1295,5958.885,50315.693,44352.3824,55934.5186,144.124,-866.4429,25716.7071
56204.7511,27811.11,53787.6338,41856.9446,36511.302,39024.3083,5954.951,50307.3782,44333.3834,55928.9306,132.814,-879.3622,25711.9238
56191.206,27806.7291,53788.5278,41847.5121,36494.7617,39015.9041,5951.196,50290.1673,44327.2144,55923.3427,121.7723,-889.6887,25708.884
56202.9183,27814.6416,53792.0594,41849.1215,36508.1728,39018.4522,5956.3369,50303.8466,44345.0063,55933.1775,126.4215,-880.5245,25714.2037
56224.4207,27818.9331,53793.9817,41865.8406,36535.5313,39030.3433,5957.4544,50330.8028,44355.6458,55942.8781,139.9666,-870.198,25718.7188
56221.9173,27813.524,53792.0594,41864.3206,36533.6537,39024.6212,5951.6877,50337.5977,44350.2814,55937.2902,133.4399,-875.1154,25715.0531
56201.6666,27802.8399,53790.0478,41852.0272,36510.1844,39016.5299,5944.6245,50309.7028,44334.9481,55924.2368,113.8151,-891.4322,25708.0793
56183.3829,27797.7884,53790.5842,41842.3712,36491.4984,39010.8526,5939.1707,50297.3199,44324.1298,55917.4418,100.2252,-902.2951,25703.7431
56198.135,27804.4045,53786.5609,41847.6462,36504.1047,39015.1888,5937.6508,50313.0108,44339.5078,55929.2436,112.2057,-891.2086,25703.8772
56208.2827,27806.0585,53782.3141,41858.688,36520.198,39017.6475,5938.5002,50345.4655,44344.2017,55932.0599,127.092,-878.0211,25705.4865
56198.5821,27805.9244,53778.559,41857.3916,36526.4565,39018.3628,5936.8014,50343.2304,44342.0112,55926.7402,122.5322,-880.0775,25700.8821
56179.8066,27801.0964,53777.4861,41845.0981,36504.9541,39011.4337,5932.8228,50312.1614,44319.3018,55918.8277,105.1873,-899.5235,25693.2825
56173.6822,27796.3579,53776.2344,41839.9125,36495.6111,39006.9634,5933.1357,50299.9574,44316.4408,55915.5196,101.9239,-907.436,25691.0026
56189.3284,27799.2189,53777.799,41853.0107,36509.4692,39013.9371,5934.3874,50313.5473,44337.7197,55922.6274,119.1795,-894.6508,25696.4117
56205.0641,27805.388,53777.9331,41866.6005,36531.0609,39024.5765,5936.2203,50341.0399,44357.3445,55928.8859,135.541,-878.9152,25703.2514
56199.4761,27809.456,53784.0128,41869.4168,36527.7082,39024.9342,5937.919,50341.4869,44366.2852,55928.9306,136.8374,-878.4682,25705.8889
56187.8085,27805.7903,53787.3656,41860.4314,36511.302,39027.1693,5941.1377,50329.1041,44352.6953,55923.0745,124.0522,-886.023,25707.2747
56186.7803,27796.6708,53785.7115,41853.9494,36493.3312,39024.8001,5939.4836,50319.1799,44340.8489,55918.8277,113.3233,-895.7684,25705.5312
56209.4897,27806.8185,53790.9418,41862.6666,36514.0289,39031.6397,5944.2669,50336.4354,44349.6108,55928.6177,123.6498,-884.9949,25709.1522
56229.4722,27819.9166,53796.5745,41873.2166,36540.8063,39042.1003,5949.1396,50362.1846,44367.6263,55942.8781,140.1007,-868.4546,25716.0813
56227.5946,27822.1518,53797.2003,41875.9435,36545.6343,39041.0274,5948.0667,50365.8056,44370.3979,55943.2805,141.1289,-866.7111,25717.4224
56211.6355,27806.7738,53795.2334,41860.5655,36521.5838,39029.0022,5944.4904,50350.3829,44361.5466,55938.8548,122.4875,-879.4516,25716.8412
56207.8357,27805.9244,53795.591,41855.4693,36506.6975,39032.1314,5945.9209,50332.1886,44359.6691,55932.0152,116.2291,-884.5925,25713.4438
56226.1194,27815.3569,53795.0993,41868.2098,36524.266,39041.6086,5952.7606,50350.4723,44363.9159,55930.5847,125.5721,-874.6684,25715.1872
56246.6383,27817.6367,53799.2567,41882.4703,36545.3213,39049.2082,5956.6498,50378.2779,44375.8518,55943.2805,145.1075,-861.0338,25722.8315
56245.1184,27813.7922,53801.5813,41877.2846,36545.0084,39047.42,5959.1532,50381.8542,44380.8138,55949.9413,147.1192,-858.0387,25727.0336
56232.6908,27812.764,53802.0283,41868.791,36525.3836,39038.9711,5956.3816,50362.0505,44370.4873,55943.6381,134.5128,-870.3321,25722.4739
56219.101,27809.2772,53798.5861,41860.0738,36506.6975,39027.7505,5950.2572,50340.5482,44355.8246,55934.608,120.2971,-878.8258,25714.4719
56230.3215,27810.9759,53798.8991,41871.4732,36529.2728,39036.1547,5953.0288,50361.2459,44368.431,55940.6877,134.9151,-868.991,25718.2717
56247.6218,27821.3024,53801.2683,41882.515,36551.2669,39040.8933,5958.885,50383.9105,44382.1102,55946.9908,150.3378,-862.8219,25726.9889
56243.2855,27819.8272,53799.1226,41878.8046,36550.8199,39040.1781,5954.6381,50379.7531,44382.6467,55946.4991,145.3757,-866.0853,25724.7984
56225.7171,27809.456,53798.8991,41860.7444,36529.9433,39037.0488,5948.8714,50355.1662,44365.1229,55939.3018,125.9744,-881.955,25717.78
56207.8357,27797.2072,53796.3063,41850.552,36508.5304,39027.9293,5942.7023,50335.6308,44355.7352,55934.6527,109.7471,-893.3544,25714.5166
56221.7385,27801.9011,53798.4073,41863.516,36529.1834,39033.9196,5946.1892,50352.7075,44366.5534,55941.7605,128.6119,-878.647,25719.9705
56237.9658,27807.2655,53797.3344,41877.5082,36550.5964,39034.9925,5948.1114,50375.998,44381.395,55945.605,143.23,-868.3652,25721.1775
56232.4673,27803.4657,53790.0031,41874.1107,36542.6838,39024.7554,5942.1659,50379.0826,44374.4212,55939.123,137.955,-876.3671,25716.2154
56217.0446,27794.4803,53786.9185,41860.0291,36517.337,39018.9886,5937.2038,50356.1944,44365.0335,55934.3845,119.8947,-892.5945,25709.2416
56200.9066,27792.0663,53787.2761,41853.1001,36499.4109,39013.2219,5931.5264,50332.9039,44352.0248,55929.4671,109.3447,-906.6314,25703.6537
56214.72,27790.3229,53785.041,41860.2079,36516.13,39021.3579,5930.6771,50352.6181,44358.5515,55933.1775,119.9394,-893.4885,25707.9899
56232.1097,27800.8282,53785.6221,41872.412,36533.9667,39027.9293,5936.2203,50375.5063,44376.9693,55936.7537,135.4069,-877.3953,25716.126
56235.7754,27803.7339,53788.2149,41875.273,36530.9268,39026.6329,5937.5614,50380.5578,44373.706,55940.33,130.8918,-881.5974,25715.2766
56215.5247,27796.0002,53786.2033,41861.9961,36515.0124,39019.1674,5932.3758,50365.9844,44353.5894,55931.4787,114.3515,-894.2485,25708.4817
56196.6598,27789.2053,53784.6833,41853.413,36499.2321,39018.2287,5931.3029,50359.3683,44345.9004,55925.6226,106.439,-899.5682,25702.8937
56202.2477,27790.1888,53782.3141,41859.4927,36509.9609,39017.8263,5930.9006,50377.6073,44362.1725,55926.9637,113.5916,-893.0415,25702.9831
56215.48,27793.0945,53776.9049,41864.5442,36531.4186,39017.7816,5929.6042,50390.929,44369.7274,55926.6955,121.817,-886.8724,25704.0113
56222.1855,27797.3413,53775.6532,41864.2312,36529.094,39020.5532,5930.8559,50388.962,44359.8926,55922.7169,119.7159,-882.8044,25703.6984
56208.0145,27792.0216,53771.764,41854.1729,36504.0153,39013.0877,5931.1241,50369.9183,44347.018,55915.5196,105.7237,-898.093,25699.7645
56188.5238,27781.2034,53770.0206,41844.2041,36487.8327,39007.8574,5929.8277,50348.863,44348.8061,55914.0444,99.7335,-907.1678,25697.574
56197.5986,27780.0411,53770.9594,41848.1827,36501.4225,39016.4405,5929.5148,50366.4315,44353.947,55917.7995,107.6907,-895.6343,25699.0939
56210.5626,27793.7651,53771.6299,41863.0689,36524.4448,39028.9128,5931.3923,50393.6112,44368.118,55924.2368,123.6498,-879.8093,25703.8772
56203.1865,27801.32,53774.0439,41865.0806,36520.1533,39029.8516,5932.3758,50395.8464,44376.8352,55929.333,127.4496,-876.0095,25706.3806
56183.0699,27791.9769,53776.9943,41851.5354,36497.578,39016.5299,5931.7052,50370.9018,44356.4951,55926.4719,109.7918,-891.2086,25703.2514
56186.4227,27789.4288,53782.8058,41856.0505,36487.2515,39018.2734,5934.2533,50363.3022,44354.707,55925.5779,106.886,-892.6839,25702.8043
56204.7958,27798.0566,53786.0692,41867.4499,36502.0037,39027.7952,5939.0366,50390.8396,44376.3882,55930.1823,122.0405,-877.2165,25708.437
56220.0397,27805.1645,53785.3539,41875.6753,36527.8423,39033.2043,5943.2387,50407.2458,44380.8585,55932.2387,132.0094,-864.8336,25713.0414
56219.4139,27808.9643,53786.7397,41873.1272,36529.3622,39030.2092,5945.608,50408.8998,44385.2395,55937.7372,132.2329,-868.544,25714.5613
56193.2176,27805.835,53787.3209,41860.4761,36508.0386,39024.6212,5946.7256,50389.2303,44374.7342,55937.6031,119.0007,-880.748,25711.6556
56192.6812,27803.0187,53786.695,41856.4975,36498.2039,39023.0566,5947.8879,50372.1535,44364.3183,55931.5681,110.954,-888.3029,25706.3806
56212.2166,27801.1411,53780.1683,41864.41,36512.8219,39023.6825,5947.5303,50379.0826,44373.0801,55936.3067,124.2757,-876.2777,25709.3757
56231.7073,27806.7738,53777.5308,41872.099,36533.6984,39027.527,5948.1114,50407.6928,44385.463,55943.0122,137.8208,-866.13,25714.2931
56227.684,27805.6115,53780.213,41869.8192,36540.0016,39024.6212,5947.3068,50405.3682,44386.1783,55943.0569,133.4399,-875.0707,25712.5497
56207.6122,27799.353,53779.5871,41859.6715,36520.2427,39020.285,5942.7917,50379.8425,44371.739,55938.1843,116.6761,-884.7266,25706.1571
56190.8931,27786.7019,53778.5143,41850.4179,36498.785,39015.8594,5937.919,50367.2361,44364.4971,55931.5681,103.1309,-895.232,25698.6022
56208.4168,27792.0216,53783.5658,41857.3916,36513.0454,39023.5037,5942.8364,50389.5432,44375.0918,55938.7207,115.9608,-882.4021,25700.5244
56228.9357,27794.2121,53785.8456,41862.3537,36532.3126,39027.3482,5943.6858,50405.1,44380.0986,55944.9345,130.4895,-872.7461,25705.0842
56227.5499,27788.4007,53781.7776,41857.8386,36532.715,39023.9507,5941.0483,50410.0174,44380.5903,55941.3582,125.438,-879.4069,25702.8043
56213.2895,27788.4901,53788.4384,41848.0486,36510.4973,39018.2287,5941.0483,50398.3945,44376.4776,55932.0152,111.8928,-888.0794,25700.8374
56201.4878,27788.6242,53793.9817,41844.1594,36494.1806,39014.6971,5941.5847,50378.9485,44373.2589,55936.6643,104.8297,-889.6887,25701.5526
56219.9056,27793.318,53790.8524,41855.5588,36514.6995,39015.9488,5944.8928,50393.7453,44380.8585,55940.8218,119.0454,-882.0444,25708.9734
56238.6811,27804.3598,53791.8359,41871.5626,36536.1124,39021.4026,5952.0006,50421.9532,44384.1219,55948.2425,134.4681,-869.2145,25717.7353
56235.4624,27806.0138,53792.1935,41874.4683,36532.9832,39026.2753,5954.4593,50431.2068,44382.6914,55948.9131,140.7266,-864.2077,25718.9423
56209.8473,27796.492,53789.7795,41862.9348,36510.9444,39022.7884,5950.7936,50406.4858,44375.4494,55938.2737,128.4778,-877.2165,25712.7285
56195.9445,27792.2899,53792.0147,41854.3965,36498.2486,39019.6145,5948.7373,50393.7006,44369.2356,55942.0288,115.9608,-886.7383,25710.4486
56213.2448,27801.007,53791.3442,41866.0194,36517.4264,39027.4376,5950.7042,50416.097,44377.1929,55944.398,122.9793,-878.9152,25711.7003
56231.3497,27807.7573,53787.4997,41876.7035,36540.3146,39035.2607,5948.7373,50440.9075,44397.1306,55945.918,141.3077,-868.4099,25715.5448
56224.823,27809.0537,53783.7446,41876.3012,36540.6275,39031.1927,5945.2951,50438.4935,44391.3639,55940.4641,137.4185,-869.7957,25713.5332
56201.3984,27791.5746,53783.0293,41861.5043,36511.8831,39024.7107,5942.7023,50423.2496,44377.0587,55933.8927,116.6314,-885.8442,25703.7878
56190.3119,27776.1519,53783.0293,41857.6151,36496.5498,39022.4755,5944.2669,50407.2458,44369.5486,55930.8082,108.853,-890.8063,25701.2844
56204.7064,27778.5659,53781.867,41866.8687,36522.3885,39023.8613,5945.0269,50421.7744,44389.7545,55937.8713,123.1134,-876.9035,25709.4651
56225.0465,27786.9254,53781.7329,41874.6918,36542.505,39033.0702,5945.4292,50438.2253,44400.9751,55940.1065,140.056,-865.9512,25714.7402
56225.0912,27789.2053,53781.4647,41870.6685,36531.4186,39026.2306,5942.9258,50429.821,44395.3872,55939.8383,135.6304,-872.7014,25708.9734
56200.7278,27786.6572,53782.2694,41862.3537,36503.6577,39010.3161,5934.9239,50403.8036,44381.5291,55932.6857,119.7159,-890.2252,25700.3456
56191.6083,27786.9701,53781.3753,41857.3916,36490.4702,39015.5911,5932.8228,50397.1875,44377.2376,55930.0482,108.2271,-897.2883,25699.228
56210.6967,27787.1937,53779.5424,41862.4431,36506.2058,39026.6329,5932.8675,50408.7657,44383.5407,55935.3679,115.6926,-884.1455,25700.748
56229.8745,27797.7437,53778.5143,41872.099,36529.7198,39032.1761,5935.1921,50439.0299,44394.2696,55941.8947,134.6022,-871.9414,25703.5196
56230.4109,27803.0634,53778.9166,41878.1787,36526.5906,39032.8914,5932.9122,50438.3147,44386.0441,55936.3067,131.1153,-875.6071,25702.1785
56217.3575,27797.6543,53776.6367,41860.8338,36503.2554,39022.1626,5927.6372,50414.0407,44378.3998,55929.4224,111.3564,-891.3875,25695.5624
56205.2876,27799.0401,53773.9098,41849.3003,36488.5032,39017.2005,5924.3739,50398.7074,44369.0121,55924.9073,97.5877,-904.575,25689.438
56209.1321,27801.7223,53777.352,41854.3518,36490.1125,39021.1344,5923.0328,50416.9911,44375.9859,55930.227,108.0036,-896.1707,25695.1153
56234.3895,27810.8418,53778.8719,41870.2662,36512.956,39029.5386,5923.4798,50438.1359,44387.117,55941.3135,123.7839,-880.8374,25701.2844
56229.5616,27812.7193,53776.2344,41865.9747,36511.749,39029.0469,5920.0376,50433.0397,44379.428,55938.1396,119.0454,-887.6324,25700.9715
56206.4946,27803.8234,53773.1946,41850.8202,36495.0746,39023.2354,5917.8025,50409.7044,44364.0947,55930.3164,102.9968,-904.1727,25699.541
56186.2886,27793.0051,53767.3831,41836.4704,36482.8706,39018.3628,5916.3272,50398.5733,44349.7896,55924.5944,91.7763,-908.5089,25695.7859
56191.7871,27792.2451,53765.2373,41839.7784,36491.2748,39022.8331,5921.0658,50409.3915,44359.1774,55928.126,105.2767,-892.3262,25699.6304
56203.1865,27796.492,53768.6795,41854.2176,36516.0853,39025.8282,5929.0677,50426.0659,44364.81,55934.608,126.1979,-877.1271,25706.2465
56194.5587,27794.2568,53774.0886,41852.6083,36520.0639,39022.5202,5933.9404,50412.9678,44358.6409,55935.0997,127.539,-876.4118,25707.0959
56178.1079,27790.6805,53777.1285,41847.2886,36497.7121,39012.9089,5938.6343,50385.5646,44343.9335,55928.1707,116.7208,-887.4536,25705.9783
56164.0263,27791.5746,53775.5191,41837.4985,36482.0212,39008.3045,5937.2485,50361.1118,44332.4894,55924.8626,110.6858,-893.5332,25704.0113
56171.8047,27793.4521,53774.6251,41842.103,36500.0814,39010.0926,5939.7072,50367.1914,44340.3125,55926.4719,123.1581,-884.6819,25704.9948
56193.5306,27801.2753,53774.6251,41852.4742,36526.3224,39015.457,5946.368,50382.8824,44351.3095,55930.4506,141.3077,-871.7626,25709.6887
56182.8017,27805.3433,53772.971,41855.5588,36524.8024,39011.0761,5949.676,50372.8688,44341.8324,55927.9472,133.6634,-874.1319,25708.2134
56164.071,27808.4278,53776.6367,41846.2157,36507.8151,39003.4318,5950.7042,50350.4276,44318.6313,55920.9287,119.6265,-892.6839,25704.1454
56148.0671,27808.4725,53775.5191,41829.0049,36491.5878,38992.0771,5951.4195,50326.4219,44307.0084,55910.1552,106.9307,-901.9375,25699.3175
56157.1866,27816.1615,53781.1518,41836.0233,36503.5236,38994.3123,5953.8782,50332.3227,44322.744,55926.4719,114.7091,-889.4652,25706.5147
56178.5996,27824.3423,53782.2247,41850.0155,36521.4497,39002.8954,5955.8004,50347.5666,44329.8966,55931.747,128.4778,-876.3224,25707.0065
56173.8163,27828.6338,53784.1469,41852.206,36515.817,38998.0227,5955.6663,50332.8145,44322.9675,55924.5944,125.7509,-879.8987,25704.1901
56145.8319,27821.3918,53783.6999,41843.31,36486.2233,38992.5241,5954.1017,50298.8398,44310.8529,55915.162,110.9093,-892.9074,25700.7033
56135.9972,27821.3918,53782.7164,41844.6511,36472.7676,38991.7642,5954.7722,50284.043,44302.6274,55911.0045,103.3098,-900.4623,25700.2115
56150.4811,27827.6056,53783.074,41861.4149,36498.8297,39000.7049,5959.9578,50296.0235,44308.7965,55917.4418,120.6994,-885.129,25704.9054
56157.3654,27829.8408,53781.1071,41873.6637,36517.5158,39001.3754,5960.3155,50308.8087,44314.4739,55921.0628,133.9316,-871.7179,25708.5711
56148.6483,27826.3092,53778.8719,41872.8143,36506.6081,38999.2744,5959.1085,50305.0089,44304.952,55917.6654,131.92,-876.9482,25707.1853
56134.0749,27820.1401,53780.4365,41863.3819,36474.6451,38993.1947,5954.057,50272.8224,44294.849,55907.1153,117.3913,-892.9968,25701.0609
56124.8213,27816.385,53782.5823,41858.2857,36453.1875,38992.0771,5952.6265,50253.8234,44283.3602,55903.092,111.4458,-899.9258,25697.574
56141.6298,27814.9992,53785.1751,41871.2497,36467.4479,38999.2744,5953.6994,50272.5989,44292.0327,55905.0143,124.231,-889.0629,25704.5478
56164.8309,27820.766,53785.2645,41885.6442,36490.3361,39005.9352,5953.1182,50299.5104,44305.1308,55910.3787,142.9617,-874.7131,25710.091
56156.4714,27822.5094,53782.8505,41879.4304,36479.6519,39005.2199,5953.1629,50295.3976,44301.1969,55905.2825,137.2397,-878.6917,25707.3641
56133.1809,27815.6698,53780.6153,41863.8736,36456.4955,38995.8769,5947.7091,50265.6698,44279.9181,55895.8948,114.7985,-896.2154,25701.1056
56119.2334,27800.2918,53777.5308,41855.827,36439.4635,38991.8089,5942.0764,50235.182,44269.1892,55890.7092,101.2534,-903.3233,25696.1882
56130.901,27795.3744,53775.9662,41861.8619,36453.0087,38989.4396,5936.8908,50233.6621,44280.4992,55890.4856,109.7471,-898.8529,25694.713
56147.5754,27806.1926,53775.2956,41869.4615,36473.9299,38995.0275,5940.1989,50252.3035,44292.1668,55894.7772,124.5886,-884.6372,25699.7198
56149.3188,27805.6115,53778.8719,41870.0874,36470.2642,38995.1169,5944.8034,50253.0187,44290.5575,55903.8967,125.5274,-882.268,25701.9103
56133.315,27795.9108,53776.1897,41857.5257,36444.8726,38989.4843,5940.4671,50234.3774,44274.7325,55888.7869,110.954,-900.7305,25694.5789
56119.2334,27782.0081,53769.2159,41845.5005,36428.4664,38978.8449,5933.404,50203.8449,44259.7121,55880.2933,98.0794,-910.8782,25688.8121
56136.2207,27786.5231,53765.9526,41845.0981,36433.1603,38971.9605,5933.8063,50212.6515,44272.3632,55885.1212,104.8744,-900.954,25690.7791
56165.9038,27797.4308,53764.9691,41859.7162,36455.0203,38978.5767,5937.3379,50235.7632,44281.3039,55891.0668,119.403,-892.1921,25695.6965
56165.4121,27798.0566,53766.3996,41859.9397,36457.8813,38977.1461,5936.8014,50234.6903,44280.0522,55890.7986,122.8005,-894.1591,25696.4117
56147.173,27789.9653,53761.3481,41850.552,36436.6919,38965.3444,5931.1688,50198.1676,44258.371,55881.9026,105.0085,-907.1231,25688.991
56139.2158,27782.8574,53759.7835,41841.5666,36418.6317,38962.4834,5928.0843,50180.2415,44246.7034,55877.2981,92.8491,-916.779,25683.4477
56158.6618,27789.0265,53764.4774,41854.9776,36440.8493,38969.7254,5933.3146,50200.6263,44263.0649,55884.093,110.2388,-901.9822,25689.1251
56178.3314,27798.9954,53767.0255,41867.8522,36468.3867,38976.3862,5938.1425,50219.7593,44276.2971,55893.3914,128.7907,-886.6489,25694.0424
56182.8017,27804.2704,53770.6465,41865.3935,36464.5422,38975.7603,5941.2718,50225.2132,44273.7937,55899.2475,131.2047,-884.1902,25697.4846
56168.8095,27801.9458,53773.0157,41853.0554,36439.5529,38968.3843,5941.987,50208.4494,44268.2058,55900.991,116.8102,-897.0201,25698.4234
56154.0127,27798.5036,53771.8087,41845.724,36429.897,38963.5563,5939.3942,50199.3299,44261.3214,55896.7888,107.3331,-904.6197,25695.6965
56174.3528,27806.6397,53769.5289,41850.2837,36445.3644,38973.8828,5940.8247,50221.1004,44268.921,55896.7888,117.4361,-894.6955,25700.2115
56201.8901,27812.8982,53774.178,41862.1302,36467.7608,38984.7457,5947.6197,50244.4804,44293.8656,55915.9219,135.7645,-874.6684,25710.7168
56203.5888,27811.5124,53774.8933,41857.3916,36470.1301,38980.9012,5949.4525,50244.3016,44287.5624,55922.2251,134.5128,-874.4895,25709.1075
56185.3498,27810.0371,53774.2227,41849.5238,36447.1525,38981.3483,5949.0949,50229.9517,44277.1018,55914.849,121.7723,-883.6985,25705.3077
56165.6356,27799.6212,53771.4511,41848.0039,36432.758,38980.4989,5945.3845,50211.5339,44272.2738,55905.9978,115.335,-889.5099,25701.9997
56178.3314,27794.1227,53768.1431,41855.1117,36446.929,38978.8002,5942.1211,50228.3871,44278.3982,55907.92,121.6382,-883.0726,25701.1056
56193.1282,27789.6523,53765.3714,41859.6715,36463.8716,38973.1675,5938.3214,50239.3842,44289.7975,55912.5245,133.3952,-875.8307,25699.8539
56189.3284,27790.7252,53767.4278,41865.617,36470.8453,38972.1394,5941.6741,50237.4619,44288.2329,55907.5177,134.3787,-878.4235,25700.4797
56162.551,27781.114,53762.7786,41848.1827,36448.1807,38956.9849,5934.611,50214.3502,44264.0483,55896.61,112.921,-897.4671,25691.5838
56147.933,27779.5494,53762.3763,41835.6657,36428.8241,38954.9285,5931.8393,50197.8099,44261.1426,55894.4643,102.9521,-906.229,25686.3087
56164.7862,27791.0829,53768.1878,41849.345,36454.0368,38970.3065,5939.0366,50227.1801,44277.37,55900.991,123.6498,-891.4769,25693.4613
56186.7803,27803.1528,53768.2772,41861.2808,36475.0028,38980.2307,5943.954,50258.2937,44291.0492,55908.367,135.4963,-876.8141,25701.2397
56184.9475,27804.628,53766.042,41859.2691,36479.5625,38981.7953,5943.2387,50265.9827,44291.4516,55909.9317,127.7626,-879.3622,25702.0444
56169.1672,27796.9837,53764.835,41847.378,36458.9989,38974.911,5939.2601,50245.1062,44281.4827,55903.6732,108.5401,-893.265,25696.5011
56160.2265,27797.4308,53764.7903,41841.7454,36445.5879,38971.9158,5940.1095,50222.531,44274.7772,55896.3418,100.5381,-898.5847,25695.8306
56177.8843,27813.6581,53768.0537,41853.9047,36466.7326,38981.8847,5946.6362,50247.4308,44284.4331,55901.1698,116.989,-888.6606,25699.7645
56193.9329,27818.4861,53767.3831,41865.0806,36488.0562,38989.3949,5945.1163,50272.5989,44296.2795,55903.092,129.5954,-877.9764,25700.8821
56190.7589,27821.0342,53766.1314,41863.7395,36488.235,38987.875,5940.2883,50270.0508,44298.8276,55900.231,126.9132,-883.4749,25696.5905
56174.8445,27821.8836,53771.6299,41855.5588,36466.5538,38993.2841,5939.0366,50248.4143,44289.3952,55897.3253,110.954,-890.9404,25692.5672
56163.9369,27817.6814,53768.5007,41849.0767,36446.7055,38997.4862,5936.4885,50243.0052,44285.2825,55899.5605,102.371,-898.6294,25691.2261
56175.6045,27822.7329,53766.2655,41856.274,36469.5936,39009.3774,5938.3214,50266.5192,44300.437,55904.1202,117.749,-886.2913,25695.0259
56199.0291,27830.109,53768.6795,41866.1535,36497.7568,39017.4687,5942.3447,50297.0964,44316.7537,55910.1105,133.9316,-871.6732,25699.988
56200.7278,27831.4501,53774.0439,41865.2147,36501.646,39012.0596,5945.5633,50304.4277,44316.9326,55910.781,130.1318,-874.579,25702.6702
56188.2108,27823.0458,53777.352,41858.8221,36486.581,39009.7797,5946.6362,50292.4472,44302.851,55910.1552,121.6382,-882.4915,25704.3242
56169.6142,27815.6698,53776.7708,41841.4772,36469.6831,39000.7049,5943.2834,50273.9847,44302.1357,55911.8092,111.267,-889.2417,25703.4302
56196.034,27827.4715,53783.5211,41868.0757,36500.3049,39016.0829,5957.678,50290.972,44319.1677,55922.4933,137.1056,-866.7111,25715.9024
56219.1457,27841.5084,53789.8242,41886.9853,36530.7927,39027.1693,5967.7362,50318.6882,44325.3368,55932.1046,161.1114,-848.1145,25726.7654
56217.894,27844.9506,53792.73,41888.6393,36534.4137,39023.9507,5972.4301,50321.1021,44326.9014,55931.2552,158.9209,-850.0814,25729.7605
56206.4052,27837.2616,53792.8194,41879.0728,36513.8501,39017.0664,5970.1949,50299.6892,44314.9656,55924.6391,141.6206,-860.9891,25726.1842
56197.6433,27840.4802,53798.2285,41873.8872,36504.4624,39014.4289,5970.5079,50282.2548,44310.3164,55925.7567,137.0609,-865.2806,25724.0832
56210.3838,27843.4753,53797.1109,41878.4469,36515.7276,39018.8545,5973.3242,50300.6279,44323.4593,55932.954,150.2484,-853.8365,25724.5302
56223.616,27839.8097,53795.4122,41881.0844,36537.9006,39018.8098,5972.0278,50321.5045,44332.4894,55934.3845,157.7586,-848.5168,25724.1279
56222.0514,27831.4054,53793.8476,41869.4168,36529.2281,39009.288,5965.2328,50313.2343,44328.1531,55930.1823,143.0511,-858.3963,25718.3164
56195.3187,27813.6581,53786.7844,41851.9378,36496.4157,38995.9216,5958.0356,50287.5745,44305.8014,55920.2135,118.5089,-882.0444,25705.263
56177.7502,27797.2519,53779.6766,41839.1526,36476.8803,38985.1481,5947.9326,50271.6154,44299.4982,55913.7762,105.6343,-894.7402,25696.5011
56185.0369,27799.0401,53776.5473,41846.8416,36493.957,38982.6894,5944.4904,50281.1819,44308.0813,55912.6139,117.0784,-884.9055,25696.5458
56200.549,27806.7291,53777.799,41850.5073,36515.7723,38988.5455,5948.6032,50304.2489,44320.2853,55924.0133,122.6664,-875.9648,25701.955
56193.8435,27804.4939,53776.1003,41847.0651,36507.5469,38987.7409,5949.3631,50300.9856,44319.0336,55926.4272,120.6994,-881.5974,25701.1503
56170.8212,27796.492,53773.9992,41833.6093,36485.9104,38982.0635,5946.9938,50279.0362,44305.3544,55918.9171,102.8627,-899.1659,25695.0259
56166.7979,27796.8943,53774.2227,41825.6968,36481.1271,38980.9012,5951.4195,50267.3239,44307.2319,55918.5147,93.922,-900.3282,25696.7694
56178.242,27803.6892,53777.1732,41831.6424,36496.0134,38985.2822,5954.2805,50288.6027,44314.5186,55928.2154,108.3612,-887.99,25701.1503
56204.3041,27814.6416,53782.7164,41853.86,36528.1552,38995.4746,5961.9248,50318.8223,44330.433,55936.7537,130.6236,-871.6285,25710.091
56197.1515,27807.3996,53781.9564,41849.1215,36517.337,38991.8983,5956.0239,50318.554,44330.3883,55933.2669,125.1251,-873.9531,25708.9287
56168.3178,27799.7553,53779.9895,41835.4422,36494.1359,38990.1102,5952.0006,50296.694,44319.9724,55924.3262,105.8131,-889.3311,25702.7149
56153.6998,27798.1013,53779.3636,41832.0447,36485.1505,38993.1053,5954.4593,50279.2597,44309.6012,55923.3427,98.9288,-896.5731,25702.849
56176.9903,27799.9789,53780.7047,41844.8299,36509.0668,38996.8157,5959.5555,50298.6163,44317.3796,55930.4506,116.0502,-883.2514,25706.8276
56202.7395,27807.0867,53780.4812,41863.516,36531.195,39004.8176,5960.8072,50323.3373,44329.6283,55931.1211,136.0774,-866.3088,25711.5662
56196.8833,27812.764,53778.246,41862.3984,36526.0541,39004.5494,5959.4214,50314.799,44334.9481,55925.6226,132.4564,-866.8453,25709.2863
56175.3809,27805.388,53775.2062,41851.446,36503.3448,38998.6932,5957.4097,50283.73,44322.1629,55918.1571,120.61,-884.1455,25705.5759
56156.829,27797.8778,53778.3802,41839.5996,36485.7763,38990.6466,5954.8616,50273.5376,44319.6148,55919.4535,113.4574,-892.3709,25705.3524
56165.3227,27801.0964,53777.6649,41846.4839,36499.545,38995.6534,5954.1017,50286.3228,44328.9131,55919.2747,123.2028,-878.647,25709.4204
56185.3051,27799.8894,53777.8884,41859.0903,36521.0027,38998.425,5954.1017,50301.8796,44330.3883,55917.6207,129.9083,-867.5158,25711.1192
56181.2371,27796.0002,53781.8223,41860.2973,36522.5673,39003.0742,5956.7839,50309.6581,44328.2425,55924.6838,125.2592,-869.0804,25715.0978
56170.9553,27794.6144,53783.0293,41854.1282,36503.3448,39001.6884,5958.4826,50298.9739,44322.8334,55924.3709,121.3253,-878.9152,25715.5001
56157.1866,27796.2238,53781.9117,41846.2604,36495.2087,38997.978,5957.4097,50290.5697,44321.537,55923.2086,113.9492,-888.2582,25712.505
56173.5481,27806.9079,53784.8622,41859.6268,36518.2757,39009.1985,5962.9083,50304.5619,44330.7906,55931.6576,126.2873,-877.2165,25715.5448
56197.4198,27811.2441,53785.2645,41878.2681,36544.2038,39019.2568,5965.4117,50332.0992,44342.2347,55938.2737,142.1124,-865.5488,25718.8529
56193.4859,27802.7058,53781.3753,41865.4829,36535.4419,39007.9916,5957.6333,50330.4899,44334.8587,55929.3777,134.2446,-871.3603,25712.5497
56170.24,27789.3841,53770.87,41843.4888,36508.0386,38997.7545,5950.5254,50297.1411,44321.3135,55925.3544,113.6363,-890.0911,25701.6867
56163.6239,27786.6572,53767.2937,41846.7522,36495.7005,38996.4581,5952.3135,50277.0692,44310.2717,55918.6041,101.7004,-898.1824,25693.6401
56180.4771,27795.1062,53765.8185,41855.3352,36514.1183,38999.1403,5950.3019,50291.1955,44322.0735,55919.1406,112.921,-889.3311,25695.5177
56193.307,27802.8846,53764.5668,41861.1467,36531.1503,38996.4581,5947.4856,50308.8981,44331.8635,55924.8179,120.6994,-881.8656,25695.6965
56191.7871,27798.1013,53761.9293,41856.4528,36530.7927,38990.8254,5944.1775,50302.7737,44333.3834,55921.0628,115.7373,-886.023,25690.0638
56172.2517,27785.5843,53757.9954,41840.4937,36504.6412,38985.4163,5938.2319,50279.5279,44313.0881,55908.8141,95.4866,-897.4224,25681.2125
56163.1769,27781.7398,53760.6776,41832.2235,36484.0776,38983.6282,5934.8345,50267.8603,44305.9355,55907.0259,88.1106,-906.4972,25680.542
56186.378,27791.7534,53767.7407,41841.3877,36504.7306,38991.6748,5942.5235,50293.1625,44320.9559,55918.9618,108.1824,-892.4603,25689.438
56210.9649,27804.5833,53771.4958,41851.0884,36529.0493,39001.4648,5950.2125,50318.8223,44341.296,55927.1425,127.0026,-870.8686,25697.4399
56206.6734,27799.8894,53772.4346,41844.517,36521.405,38995.8769,5950.7489,50314.9331,44336.4233,55922.538,123.0687,-877.887,25696.4564
56187.7638,27792.7816,53771.6299,41835.7551,36501.5119,38992.3453,5949.989,50287.351,44321.9841,55915.5196,106.0814,-895.5002,25695.3835
56179.5831,27799.0401,53779.4977,41838.9291,36500.2155,38998.4697,5954.4593,50285.0264,44328.1531,55927.0531,106.1261,-894.025,25702.402
56194.7376,27804.6727,53784.9069,41848.8532,36525.7859,39004.8176,5959.4661,50311.0439,44346.4369,55930.8082,117.0784,-878.6023,25704.7266
56216.374,27809.3219,53786.248,41853.9047,36550.4175,39008.1704,5962.953,50341.5316,44358.1045,55936.262,128.3884,-864.2972,25710.4486
56210.4285,27807.6679,53784.0575,41846.3498,36544.8743,39000.4814,5959.0191,50347.6113,44353.1871,55938.0949,125.7509,-871.8073,25710.8957
56185.5286,27798.7719,53777.8884,41832.4918,36515.817,38989.2608,5952.2688,50318.1964,44336.3786,55930.1376,109.0318,-893.0862,25700.7927
56164.8309,27792.5581,53768.1878,41818.9466,36489.5761,38981.2589,5943.507,50296.8729,44318.9889,55919.9005,94.0114,-905.2902,25692.6119
56179.5831,27792.2004,53762.8233,41830.9718,36503.3448,38987.0256,5942.1659,50307.11,44330.1648,55925.0861,102.5498,-894.6061,25695.92
56201.8454,27797.2072,53763.0469,41847.6462,36528.0211,38994.1782,5945.7421,50330.1322,44350.0578,55933.3563,117.4808,-878.8705,25701.9103
56201.1749,27796.2238,53763.7174,41852.0719,36531.5527,38993.4182,5946.815,50338.9388,44349.8343,55935.5915,121.8617,-876.7694,25700.8374
56173.6375,27785.629,53763.8515,41839.7337,36509.0221,38985.8186,5944.1328,50323.1138,44337.1385,55929.78,104.9638,-892.505,25696.1882
56160.2712,27782.5892,53764.2986,41832.5812,36501.5119,38985.3269,5944.1328,50308.5405,44334.1881,55929.1095,97.8559,-898.6741,25696.9482
56183.6064,27790.3229,53768.8136,41846.3051,36520.1086,38995.0275,5947.6197,50331.1157,44348.7167,55940.5088,114.4856,-885.7101,25704.4137
56196.1234,27798.9954,53771.4064,41856.4528,36538.6605,38999.2297,5946.7703,50354.138,44363.4242,55943.7722,131.4729,-876.233,25708.7499
56196.2128,27806.0138,53773.9992,41863.6948,36540.9851,39004.5047,5951.196,50356.552,44360.1161,55941.8947,129.3272,-877.3506,25709.8228
56173.9057,27795.9108,53773.2393,41852.8765,36521.3603,38997.665,5949.6313,50335.1837,44343.7994,55934.8762,109.5682,-893.9356,25705.3077
56164.3392,27785.4949,53769.8865,41841.2983,36498.6509,38993.6417,5944.401,50315.9612,44336.1104,55926.6955,95.2631,-905.1561,25697.9316
56179.5831,27784.5562,53772.1664,41846.8416,36510.0503,38997.0392,5943.6411,50327.5394,44343.8888,55933.3563,107.0201,-895.9472,25698.2446
56191.6083,27789.3841,53769.7971,41858.1516,36538.3029,39004.2365,5946.0551,50346.5384,44350.1025,55941.09,121.6382,-884.2796,25698.9598
56189.8649,27791.8428,53767.6513,41857.3916,36540.0016,39000.6155,5943.0152,50348.3266,44353.1424,55943.7275,115.2456,-890.4487,25694.4895
56169.8377,27779.5941,53762.0187,41842.2818,36510.2738,38989.0373,5937.2932,50332.0545,44339.2843,55934.3845,97.0066,-910.0735,25686.577
56159.8241,27779.6388,53761.3928,41832.9835,36494.5382,38986.1763,5933.404,50313.1449,44332.1764,55927.5448,87.2165,-919.0589,25683.0454
56176.3197,27782.1869,53760.8564,41838.3479,36509.1562,38993.6417,5935.4603,50329.3276,44342.0559,55927.7683,98.9735,-909.6712,25683.0901
56189.0155,27790.7252,53758.4424,41849.1215,36529.2281,38999.2744,5935.9074,50349.7124,44356.0481,55931.9258,113.9939,-897.4224,25686.2193
56192.7706,27789.5182,53754.3744,41853.1448,36528.1999,39000.4367,5936.4438,50353.2887,44353.0083,55925.3991,107.9142,-901.4457,25685.2359
56176.9009,27784.3326,53755.939,41846.931,36509.0668,38998.5591,5936.6226,50338.8494,44342.3241,55918.9171,95.3525,-907.8383,25680.095
56168.4966,27784.6009,53761.7952,41844.2935,36502.853,39000.9284,5940.6012,50322.7562,44344.1123,55917.7101,94.4585,-909.1347,25682.2854
56195.274,27797.0284,53767.5172,41854.6647,36527.0376,39012.4172,5947.8432,50352.484,44359.3115,55925.1308,111.4905,-895.9472,25692.2543
56212.4401,27804.4939,53771.8087,41868.031,36552.2057,39016.9322,5956.7839,50376.0874,44380.5456,55935.8597,130.6236,-883.6538,25701.2844
56210.3391,27811.4229,53775.1615,41872.859,36550.0599,39019.2121,5962.4612,50387.6656,44386.4465,55937.5584,132.5905,-880.7927,25704.6372
56188.6132,27804.2704,53775.0721,41859.8056,36522.5673,39015.3229,5957.678,50370.0525,44372.946,55933.9374,116.0055,-889.5546,25701.955
56178.9125,27792.5134,53770.4676,41853.1001,36510.6314,39011.3443,5953.3864,50349.0418,44360.2949,55928.8412,105.0532,-891.7898,25701.6867
56193.62,27794.3462,53769.1712,41861.9961,36526.4118,39010.8973,5951.4195,50359.9942,44368.8333,55931.7023,118.4642,-882.6703,25705.7995
56220.8444,27804.7174,53775.3403,41876.3459,36550.8199,39025.113,5957.0521,50388.2021,44390.4251,55945.8733,132.367,-865.9512,25713.1755
56225.27,27812.5852,53779.5424,41876.8823,36547.7353,39027.6164,5960.6731,50394.3264,44396.773,55958.3455,132.367,-863.716,25718.4952
56204.9299,27807.042,53779.5424,41863.3372,36524.0872,39014.9206,5955.9792,50374.0758,44382.1102,55951.1483,116.4079,-883.9667,25712.6838
56189.3284,27794.9274,53780.2577,41850.1496,36503.0318,39010.0926,5950.1231,50364.7774,44374.9577,55942.1629,101.7004,-896.8413,25707.9899
56207.3886,27790.904,53782.3588,41860.0291,36522.7014,39017.1558,5952.4924,50381.0495,44391.4533,55948.3767,114.6644,-884.4137,25709.5546
56225.6277,27798.7719,53782.8058,41875.4518,36554.1726,39024.4424,5955.8898,50403.7589,44403.8361,55957.8985,132.7693,-872.3438,25713.9802
56211.3225,27794.7038,53774.4462,41867.2711,36543.5779,39019.2568,5950.9724,50394.3264,44391.945,55952.4894,121.2806,-881.955,25708.5264
56189.239,27787.3725,53773.0157,41849.5685,36508.6198,39011.4784,5947.3515,50373.4052,44374.5106,55941.5817,105.232,-896.0813,25701.195
56181.6841,27786.836,53773.7757,41848.2274,36506.2505,39009.2432,5948.9161,50365.895,44363.8712,55932.1493,99.4205,-903.4127,25697.3952
56199.0738,27796.1344,53774.3568,41864.0077,36535.3525,39018.0498,5952.2688,50384.8046,44375.4047,55933.0881,114.2621,-889.197,25697.9316
56217.8046,27801.4094,53780.3918,41879.0281,36558.0618,39028.6446,5956.0239,50416.3653,44391.8556,55942.5652,135.8986,-872.9249,25703.3408
56216.9105,27796.4473,53776.1897,41878.8046,36561.0123,39032.802,5957.4991,50418.511,44389.2181,55939.9724,134.2446,-874.1319,25704.3242
56197.7774,27789.8759,53774.7145,41868.2992,36540.2251,39031.1033,5952.6712,50402.0154,44373.5719,55934.5633,118.5983,-884.4584,25701.3291
56184.1428,27787.6854,53773.3287,41860.3867,36525.5624,39022.7437,5951.5536,50386.0116,44367.3581,55930.8082,112.1163,-892.9074,25698.1999
56201.3984,27789.1606,53774.0439,41867.4052,36539.7334,39030.9244,5957.5438,50397.9474,44378.981,55934.4739,125.9297,-884.3243,25699.8539
56219.2798,27796.0896,53775.7874,41879.9669,36559.7159,39031.7291,5959.1085,50418.6451,44392.5261,55944.5769,143.0959,-872.165,25704.9054
56218.8774,27803.3316,53776.5026,41877.8211,36558.6877,39025.7835,5957.9909,50416.5441,44399.0529,55951.64,139.1619,-876.0542,25707.677
56198.2691,27801.9011,53775.8768,41866.1982,36530.9715,39020.732,5955.1746,50394.5947,44386.3571,55940.7771,121.057,-891.1639,25702.4467
56178.4208,27797.4755,53777.0838,41858.6433,36514.5653,39019.0333,5952.1794,50377.8756,44374.7342,55936.9773,109.2553,-899.0765,25698.2446
56193.1729,27805.4327,53778.246,41869.0145,36531.6868,39025.3812,5952.1347,50399.8697,44384.1666,55945.918,124.7674,-886.8724,25703.4749
56213.2001,27812.9429,53776.8155,41878.8046,36552.2504,39033.6961,5955.2193,50429.0164,44399.9022,55951.1483,141.2183,-873.1037,25707.677
56207.5227,27807.1761,53775.2956,41873.0378,36544.6061,39031.4162,5953.9676,50424.2331,44397.5776,55949.4495,132.9929,-874.7131,25705.9336
56182.8464,27799.8894,53774.4015,41861.3702,36523.1037,39021.1791,5954.9063,50403.446,44383.0937,55942.1182,116.2738,-889.0182,25699.1386
56173.414,27796.5367,53775.8321,41862.756,36517.337,39021.4026,5954.3699,50397.411,44369.6827,55938.7654,106.0814,-897.4671,25698.8257
56188.792,27797.4755,53774.8933,41869.8639,36532.1785,39028.1975,5951.7771,50414.0407,44379.6515,55944.1298,117.1231,-885.2184,25702.3573
56196.034,27794.6144,53773.1051,41870.0874,36542.1027,39026.1859,5946.4127,50422.2661,44397.0859,55950.7459,121.5041,-880.0775,25700.9715
56189.0602,27781.1587,53770.3335,41868.7016,36531.2845,39021.8496,5941.093,50408.6316,44392.4814,55945.7392,118.4195,-886.1125,25697.4846
56170.7318,27777.3142,53771.0935,41860.5208,36510.4079,39015.5911,5940.8247,50378.9932,44379.6962,55935.815,107.199,-901.3116,25694.1319
56171.2235,27784.5562,53768.5007,41857.5257,36503.4342,39013.5795,5944.2669,50382.2118,44374.8683,55930.9423,99.1523,-903.5915,25692.6119
56186.0204,27788.1324,53769.7971,41862.309,36514.4312,39018.5863,5944.4904,50398.3051,44382.1102,55937.7819,110.06,-889.2417,25696.0541
56202.6054,27788.2665,53766.1314,41867.4052,36536.2912,39019.3462,5943.2834,50418.1087,44393.4649,55943.951,127.2708,-877.1718,25698.8257
56194.827,27781.8292,53757.6377,41863.8736,36538.3476,39010.6291,5936.6226,50414.0854,44390.6039,55936.8432,117.749,-886.8724,25692.1202
56174.0845,27774.5426,53755.9837,41854.6647,36512.3749,38999.1403,5931.6605,50392.5383,44376.4329,55925.3097,96.6042,-901.8481,25684.4759
56160.3159,27770.251,53762.1081,41848.1827,36493.7335,38996.5028,5933.9404,50383.4635,44366.6875,55931.7023,87.6635,-908.2407,25681.4361
56173.6822,27779.0129,53766.3102,41861.8172,36514.4312,39004.8176,5940.3777,50401.1214,44380.7691,55940.4641,103.6227,-892.4156,25688.0522
56192.9047,27785.2267,53770.87,41877.9105,36543.7567,39013.803,5945.6974,50426.0212,44393.599,55951.0589,125.7509,-872.2097,25697.7081
56194.067,27784.8244,53769.7077,41865.7511,36537.8112,39007.9468,5942.7917,50418.4216,44393.6884,55945.5156,121.6829,-879.5857,25693.2378
56190.3566,27787.3725,53776.5026,41853.1895,36516.9793,39007.0975,5946.0998,50404.3847,44385.9994,55944.8451,104.785,-889.0629,25693.3719
56185.3051,27785.8973,53779.9895,41856.1846,36503.7918,39010.182,5948.6479,50399.2438,44383.8984,55943.5487,100.4934,-889.4652,25697.8422
56193.5306,27792.871,53777.1732,41861.7278,36522.2991,39020.5532,5949.6313,50421.5509,44396.3706,55947.7061,113.8598,-882.0444,25697.9316
56206.2711,27801.9011,53775.6532,41875.273,36544.5614,39028.5105,5952.2688,50452.3069,44407.2336,55955.9762,130.6236,-873.7743,25698.1552
56203.0524,27801.0964,53774.7145,41882.1126,36543.3544,39023.5931,5950.5254,50449.9823,44406.6972,55955.9315,130.5789,-876.3671,25695.8753
56187.0933,27795.1509,53773.6416,41875.72,36522.4332,39018.7651,5944.7587,50424.9036,44393.2414,55949.7178,112.161,-885.7101,25693.5507
56169.2119,27781.0693,53775.385,41860.8338,36506.6528,39012.0149,5942.8364,50403.5801,44380.188,55941.0006,101.0746,-893.0415,25692.4778
56188.5685,27780.9352,53777.6649,41867.3605,36524.5789,39013.5795,5943.3728,50417.9746,44387.1617,55941.4029,115.1562,-880.4351,25699.8539
56210.652,27786.2102,53779.3189,41883.0961,36550.0599,39017.9157,5946.7703,50445.3778,44401.2433,55951.9529,133.8869,-866.89,25705.0842
56203.723,27786.2996,53776.5473,41877.9999,36545.8578,39012.7748,5946.0551,50441.3098,44397.0859,55953.4281,129.7742,-871.7179,25700.435
56176.6326,27776.2413,53777.5308,41869.1039,36521.852,39007.1869,5943.9987,50424.1884,44387.3405,55944.5769,113.1445,-887.23,25694.5789
56164.3392,27770.4298,53778.7825,41865.2594,36506.027,39007.321,5944.8928,50419.6733,44376.6117,55941.3135,107.2884,-891.6557,25692.3884
56184.724,27777.9847,53778.6037,41869.4615,36515.7276,39013.5795,5946.5021,50441.3098,44399.0082,55957.5409,113.1892,-885.0396,25697.7975
56206.3158,27792.3793,53778.3355,41877.9999,36543.5332,39020.8215,5947.2173,50469.5177,44421.0023,55958.0773,122.8899,-873.4167,25704.1007
56203.2312,27792.6475,53779.1848,41881.3527,36546.2601,39025.6047,5950.6595,50473.5857,44422.8798,55957.0938,122.2193,-874.8472,25705.9783
56187.0933,27780.4881,53769.8418,41870.3556,36523.9978,39017.6028,5945.9656,50443.9473,44403.1209,55949.9413,103.8909,-885.0396,25699.1833
56173.2352,27772.8885,53765.2373,41861.2361,36510.4079,39016.217,5942.6576,50421.9532,44393.152,55940.7771,90.2116,-891.0298,25695.2941
56182.5782,27778.253,53767.3384,41865.8853,36521.0027,39018.0051,5940.3777,50431.788,44396.013,55942.744,104.3379,-884.0561,25695.7412
56197.3304,27786.3443,53765.6397,41873.5743,36541.3427,39013.5795,5938.4555,50447.2554,44398.6952,55944.8004,117.9278,-877.8423,25696.9035
56196.1681,27779.46,53767.0255,41874.066,36537.99,39010.8526,5943.1493,50440.0134,44407.6806,55950.1648,121.1017,-880.0775,25697.4399
56172.2964,27772.8885,53765.2373,41872.0096,36515.5488,39004.0129,5938.4555,50412.5655,44391.185,55946.9908,107.0648,-890.6722,25692.2543
56160.0029,27772.665,53762.6445,41860.8338,36502.5848,38999.4979,5935.2368,50398.0368,44379.8751,55939.6148,96.2019,-902.1163,25686.4429
56183.8299,27780.8011,53764.9244,41872.7696,36520.4215,39015.8594,5942.3447,50418.064,44386.3571,55941.4029,114.3515,-887.0065,25694.8471
56206.4052,27782.4998,53767.6513,41878.8046,36535.129,39025.113,5942.9258,50438.6723,44400.5728,55947.3485,132.1435,-873.9978,25694.9365
56199.9679,27781.7845,53768.5901,41880.6821,36532.5361,39023.5037,5940.4224,50440.0134,44403.2997,55944.7557,127.5837,-875.5177,25691.9414
56184.8581,27782.3657,53765.1032,41873.9766,36516.6217,39017.6475,5935.9521,50420.6568,44389.8886,55941.2241,115.1562,-888.0794,25691.1367
56174.2187,27778.9235,53760.767,41855.1117,36500.1708,39010.2714,5929.4254,50411.2691,44375.3153,55931.1658,102.4604,-902.3845,25684.6994
56199.7443,27787.9983,53761.1693,41865.5276,36521.3603,39020.5979,5930.0959,50431.475,44384.9713,55930.5847,110.1047,-895.9472,25688.2757
56209.445,27798.5483,53770.8253,41878.7152,36544.2485,39030.2092,5938.1872,50455.2126,44405.4902,55945.2027,123.7392,-881.1951,25699.7645
56200.5937,27793.9439,53767.9195,41876.0329,36537.5429,39028.421,5935.7733,50447.8365,44403.6126,55940.9559,121.4147,-881.061,25698.0211
56184.1875,27787.149,53764.7456,41861.4149,36509.6927,39024.0401,5930.0512,50416.9911,44393.6884,55934.4292,106.3049,-894.1591,25691.5838
56174.174,27778.3871,53758.4871,41854.7541,36497.5333,39023.8166,5929.2912,50406.6646,44379.7857,55933.2669,97.9453,-903.5468,25687.3816
56192.2342,27785.8078,53758.7106,41862.1749,36516.8899,39025.3812,5933.4934,50425.6189,44385.6865,55942.1182,111.4458,-891.5216,25692.746
56207.2992,27791.5299,53764.388,41872.4567,36536.8724,39026.767,5933.5381,50450.0717,44393.599,55943.6828,119.7606,-881.6421,25696.7247
56201.6219,27791.0829,53763.3151,41872.3673,36531.3739,39025.8729,5934.611,50443.1427,44395.9683,55942.3864,116.0502,-884.7713,25693.953
56176.0068,27782.0528,53758.3977,41858.3751,36507.7704,39014.1159,5934.3427,50418.6451,44372.3202,55933.0434,99.4205,-901.0434,25687.3369
56156.5608,27779.6835,53759.4259,41847.3333,36492.1689,39012.4172,5935.6391,50397.5004,44356.9422,55930.5847,93.5644,-903.1892,25686.9346
56170.7318,27780.354,53759.9176,41855.2011,36510.6761,39015.0547,5935.6838,50403.7589,44360.6079,55931.7023,107.4672,-892.1474,25690.4215
56177.5267,27783.3492,53757.7718,41865.617,36533.162,39014.6077,5934.3427,50419.0922,44361.7254,55935.8597,119.1795,-883.4302,25693.3272
56174.621,27785.3608,53758.2636,41862.3537,36531.2845,39012.0149,5938.2319,50418.511,44354.3941,55936.8432,116.3632,-887.3194,25696.5458
56150.7046,27784.6009,53757.5483,41841.7454,36506.1164,38998.6932,5940.0201,50380.4684,44338.6137,55929.1095,99.3758,-904.0385,25691.2708
56128.5317,27782.4104,53757.8613,41831.1059,36492.5712,38992.0771,5938.5896,50360.2177,44332.4894,55925.4438,90.5693,-916.5555,25688.231
56148.9165,27790.4123,53760.6776,41844.7405,36512.8666,38999.7661,5944.401,50369.6501,44339.6866,55929.4224,108.8977,-899.3894,25693.6848
56153.4315,27796.7155,53757.9954,41845.7687,36525.3836,39002.5824,5946.1892,50381.4071,44342.2347,55928.8859,120.163,-883.162,25697.3058
56140.3781,27793.2286,53753.1227,41851.6695,36513.9842,38993.6417,5942.1211,50366.6997,44328.3319,55923.1639,109.1212,-888.6606,25692.5672
56129.5152,27792.2899,53753.6591,41847.4227,36495.477,38990.6913,5944.6245,50339.8329,44320.8665,55919.0512,101.7004,-898.1824,25692.0308
56116.6406,27785.7184,53750.7087,41835.7104,36475.5392,38987.2938,5943.2387,50317.0341,44310.2717,55917.3971,95.129,-907.7936,25692.1202
56133.8067,27793.5416,53751.6475,41841.0748,36493.4206,38989.7078,5943.0599,50321.5045,44315.0103,55917.9336,109.1659,-897.2436,25693.506
56153.3421,27807.3102,53754.9555,41863.3819,36522.2543,39006.0693,5951.0618,50341.7552,44324.8004,55924.952,130.3554,-881.6868,25699.228
56143.105,27804.8068,53751.871,41860.8338,36516.7558,39000.5708,5951.5089,50333.1274,44314.8762,55914.1785,125.5274,-884.8608,25694.1766
56121.1109,27797.4308,53749.2335,41849.8814,36486.1339,38990.3337,5945.7421,50299.4657,44293.4185,55908.68,107.5566,-899.7023,25687.8287
56109.5327,27789.6076,53747.8477,41846.8416,36468.029,38986.7574,5940.6459,50290.525,44283.5838,55904.2543,97.543,-909.5371,25685.1912
56123.5696,27789.0712,53748.5629,41856.0505,36483.1388,38990.2443,5942.2553,50309.4345,44302.851,55910.6022,111.0435,-898.2271,25689.6615
56142.3898,27797.0731,53748.0712,41867.5393,36498.9638,38995.2958,5945.0269,50319.2246,44311.747,55914.4914,121.1017,-887.9453,25692.8802
56136.9807,27799.0848,53748.4735,41862.9348,36484.3458,38991.4513,5944.4904,50309.0322,44306.4719,55913.1503,115.2456,-896.9754,25692.7907
56115.8359,27792.7816,53750.6193,41851.0884,36458.7754,38988.9032,5939.0366,50282.9701,44289.0376,55906.8918,101.4322,-908.4642,25688.9462
56104.4365,27784.2879,53748.9206,41837.5432,36437.8542,38978.9343,5934.2086,50263.4346,44275.2242,55892.1397,87.5294,-916.3767,25680.4973
56115.0759,27785.3608,53749.1441,41842.3265,36454.9756,38982.1529,5935.7733,50274.7893,44290.2446,55893.6596,98.7947,-905.2902,25680.4526
56132.2868,27786.5231,53750.8875,41852.2954,36486.268,38991.3172,5937.8743,50287.9769,44298.4253,55897.9511,113.5468,-892.3262,25685.5488
56125.0448,27780.4881,53746.8195,41850.9096,36470.1748,38984.9246,5934.2086,50278.2315,44290.9151,55896.9676,109.6576,-898.4059,25682.3301
56098.6698,27769.8934,53747.49,41837.8115,36435.4849,38973.7487,5930.5876,50247.3414,44273.5255,55885.7471,92.9385,-913.0239,25673.7024
56098.491,27769.044,53749.8146,41837.0962,36429.2711,38976.6991,5933.1805,50239.3842,44271.4691,55888.027,84.6237,-918.8354,25676.1611
56115.0759,27769.6699,53744.0479,41841.4325,36452.0699,38979.1578,5930.8559,50250.3365,44282.1085,55892.2291,95.0396,-912.1299,25677.1892
56131.8398,27772.1733,53739.354,41846.4392,36471.7394,38974.5533,5927.7266,50256.7738,44291.1386,55893.4808,105.9473,-901.5799,25676.4293
56138.0088,27773.872,53742.3491,41848.6744,36466.375,38969.1889,5930.4535,50258.1149,44285.6401,55895.2242,103.265,-905.8714,25677.8151
56116.9088,27766.5406,53746.2384,41838.7949,36430.791,38958.7283,5927.6372,50235.0479,44272.0056,55890.128,92.8044,-917.4943,25676.7422
56115.9253,27766.4065,53748.2053,41833.1176,36419.034,38959.0859,5926.8326,50222.0839,44266.6858,55887.9375,86.6801,-922.814,25676.8316
56137.3383,27775.4813,53753.7485,41847.8251,36441.654,38967.2667,5931.7499,50242.1558,44286.5342,55894.8219,103.6227,-909.8947,25683.1795
56159.243,27779.6835,53754.8661,41855.4246,36459.5354,38976.8332,5935.7733,50261.87,44306.5614,55901.1698,119.0007,-894.5614,25692.5672
56154.8173,27777.4036,53751.7369,41850.1943,36461.0553,38974.911,5938.9472,50250.7836,44307.8578,55906.9812,114.7985,-897.4224,25692.5225
56137.9641,27772.5756,53752.7651,41843.3994,36439.1953,38971.9605,5938.3661,50224.9002,44297.0395,55905.6401,106.0814,-907.9725,25689.0804
56135.2372,27770.0722,53754.4638,41835.8445,36427.4383,38971.6029,5936.3097,50216.1831,44282.8685,55900.7227,99.8676,-913.0239,25684.5653
56155.5773,27780.9352,53755.7602,41845.0534,36450.997,38979.8284,5940.5118,50241.1723,44291.0939,55906.0872,111.3117,-898.3612,25689.438
56181.863,27794.5697,53757.906,41863.7395,36478.1767,38987.4279,5943.6858,50274.6105,44306.159,55915.2514,126.5556,-883.4302,25694.3554
56176.3197,27795.4638,53754.6426,41863.6054,36475.5392,38986.4445,5941.6294,50276.8904,44304.6838,55914.0444,122.2193,-885.3972,25690.2426
56153.6103,27791.9769,53752.2733,41846.0369,36450.237,38982.4659,5941.0036,50250.6942,44294.9384,55898.2641,103.6227,-900.5964,25682.956
56131.8845,27769.357,53743.422,41829.7648,36431.2381,38968.9654,5932.9569,50232.4104,44285.7742,55888.921,87.0824,-912.8451,25673.9706
56144.7144,27769.9828,53744.2267,41839.689,36450.0135,38966.5067,5934.9686,50247.8778,44301.7334,55905.9083,104.8744,-898.3612,25679.8267
56156.1137,27772.6203,53743.6455,41848.9873,36471.203,38965.3891,5939.5283,50266.9662,44307.6342,55909.887,114.3962,-892.0133,25682.0172
56145.6978,27771.011,53745.389,41843.31,36463.3352,38961.9917,5937.025,50262.4512,44301.644,55909.127,106.1261,-898.7635,25679.2009
56130.901,27765.5125,53749.8593,41834.5034,36443.3527,38960.0694,5935.9968,50233.9303,44290.6022,55904.299,93.5644,-908.7324,25677.7257
56119.2334,27760.148,53747.6242,41823.9981,36424.8902,38959.0859,5931.8393,50210.014,44284.1202,55898.8452,82.1203,-912.8004,25676.1611
56139.4393,27772.0839,53745.9701,41841.8348,36446.4372,38973.0781,5935.5497,50231.6952,44295.9219,55904.3437,97.1407,-901.714,25680.1844
56160.1371,27777.8953,53746.8195,41855.4693,36470.8453,38981.7059,5939.0813,50262.6747,44315.0997,55907.7859,114.1727,-890.0464,25687.4263
56163.0428,27778.7,53751.424,41853.9941,36475.9862,38984.254,5942.3447,50268.0838,44323.9063,55914.1785,111.4458,-891.6557,25690.1532
56150.1235,27788.4901,53755.4473,41853.2789,36459.1777,38984.701,5943.7305,50248.7719,44310.227,55912.9715,101.611,-900.6411,25687.4263
56138.6347,27796.4473,53757.906,41852.2507,36452.1146,38982.7341,5944.1775,50243.9886,44303.9238,55909.887,96.5595,-905.8714,25686.7111
56156.9631,27805.6562,53757.2354,41864.8124,36472.9017,38989.082,5947.9326,50272.5989,44311.6128,55913.6868,108.6742,-896.6178,25689.3039
56174.7551,27817.9049,53753.3015,41873.7084,36490.6043,38999.4979,5948.8714,50294.7271,44321.8946,55916.369,123.024,-882.1785,25692.0308
56176.8115,27817.4579,53750.8875,41870.9368,36490.9172,38998.6932,5943.9987,50291.9108,44315.5915,55912.3009,118.5089,-884.5031,25686.3981
56154.3256,27805.075,53746.6854,41853.8153,36460.9659,38989.3949,5933.3593,50262.6747,44298.4253,55899.1581,97.8559,-910.9229,25678.2621
56144.4014,27793.318,53741.4551,41843.9806,36447.4654,38988.9926,5929.4254,50252.6164,44286.8471,55888.027,89.094,-919.953,25675.0435
56159.8688,27791.7981,53738.6388,41849.9708,36461.1894,38998.5591,5926.3408,50278.0974,44299.4088,55893.4808,98.1241,-908.5089,25676.6975
56178.1079,27794.1674,53738.3705,41862.5325,36487.1174,39004.4153,5926.4302,50302.8631,44321.6711,55907.92,114.128,-896.3943,25681.2125
56174.0398,27786.6125,53735.3754,41863.6054,36488.3691,39001.5543,5922.6304,50301.2985,44318.4078,55904.3884,112.2504,-899.8364,25680.0503
56149.9894,27774.7214,53733.2296,41844.2041,36469.5936,38994.7593,5917.9366,50281.0478,44301.2863,55893.1231,94.2349,-915.3485,25674.2835
56138.5453,27774.8555,53736.8953,41838.9738,36459.446,38993.4629,5917.1319,50269.2014,44290.0658,55894.5984,86.9483,-923.261,25673.5682
56162.4616,27786.6125,53744.182,41850.3284,36485.6422,38999.4532,5927.8607,50305.6347,44311.2105,55911.6751,108.6742,-901.8928,25682.6878
56180.8348,27790.01,53747.9818,41859.135,36508.0386,39001.9119,5932.7334,50327.6289,44327.3932,55916.8607,124.9909,-888.9735,25690.6003
56179.4043,27789.8759,53750.217,41861.3702,36508.128,38996.3239,5934.8345,50319.4481,44326.6779,55915.5196,119.2689,-892.1474,25690.9132
56160.1371,27781.3822,53745.2549,41848.0933,36480.3225,38984.9246,5930.0512,50297.0517,44315.8597,55904.7461,96.8724,-905.0667,25681.9725
56144.4461,27778.8788,53747.0877,41836.6939,36468.5655,38976.2074,5927.4584,50283.0595,44306.0249,55903.3155,84.9813,-910.61,25681.6149
56154.3256,27788.5348,53752.0945,41848.8085,36496.0581,38984.7457,5932.1076,50298.5269,44326.365,55913.8209,100.1805,-897.9589,25685.8617
56173.9504,27796.0896,53753.078,41858.5092,36519.3933,38987.3832,5935.2368,50310.1051,44340.0443,55923.745,114.128,-887.9006,25689.9744
56165.4121,27795.4638,53747.4006,41850.0155,36508.3516,38981.84,5933.0016,50296.9623,44334.1434,55922.8063,110.954,-892.4603,25687.2922
56148.8271,27789.7865,53744.4949,41838.9738,36484.1223,38973.8381,5934.9686,50272.1518,44317.9607,55915.7431,97.0066,-904.3515,25682.7325
56146.3684,27790.7699,53745.1208,41837.8115,36475.3157,38975.7603,5937.0697,50261.7806,44314.4292,55915.8325,86.2777,-910.1182,25681.6596
56158.6618,27799.4424,53749.7252,41848.2274,36492.5265,38984.0305,5937.2485,50289.7203,44324.711,55920.7499,95.8443,-901.1775,25687.1134
56178.9125,27805.7009,53756.386,41858.2857,36514.6101,38984.9246,5944.8034,50317.347,44347.778,55930.8082,114.4856,-886.6042,25695.3388
56177.6161,27800.4706,53757.0566,41855.827,36513.8501,38982.2423,5947.6644,50316.0506,44344.5593,55938.4078,111.6246,-893.3097,25694.8471
56155.2197,27795.3297,53756.6543,41845.0534,36488.9503,38976.8779,5943.5964,50298.9292,44330.1648,55932.5516,95.889,-908.8218,25689.2592
56144.9826,27791.5746,53755.9837,41835.5763,36479.1155,38977.012,5942.8364,50282.2548,44326.2309,55926.919,87.3953,-911.4146,25688.8121
56162.864,27794.5697,53758.2189,41843.2653,36496.1028,38985.014,5945.608,50302.0585,44341.7877,55929.8247,101.5216,-894.4273,25693.8189
56177.7949,27800.4259,53761.8846,41855.1564,36515.7276,38997.0839,5953.5652,50319.0011,44350.639,55933.7139,117.6596,-882.4021,25698.5128
56170.5083,27798.6377,53764.7903,41852.4295,36512.8219,38999.2297,5956.158,50315.1566,44345.364,55929.1095,115.2903,-882.1338,25700.0774
56157.0525,27790.8593,53769.5736,41846.2157,36497.3545,38993.6417,5957.5438,50299.108,44328.5555,55924.2368,102.6392,-892.3709,25694.3554
56151.7328,27779.8176,53767.696,41841.7007,36478.4896,38989.4396,5954.5934,50279.0362,44323.9063,55919.3641,96.2913,-900.0599,25690.3768
56162.5063,27779.5941,53761.4822,41844.1147,36496.7287,38994.9381,5947.4409,50298.4822,44335.0822,55920.9287,105.4108,-889.2417,25692.299
56168.5413,27787.149,53757.6377,41847.6909,36513.8501,38992.3453,5945.2951,50321.1915,44343.4417,55921.7334,110.954,-882.4468,25693.4613
56158.483,27782.5892,53756.8778,41838.5714,36503.9259,38987.3385,5942.4788,50314.7542,44345.4981,55920.3923,105.992,-888.5264,25688.1416
56140.7357,27772.5756,53751.1557,41825.2051,36478.5343,38981.4824,5936.712,50286.8593,44323.7275,55909.6634,88.5576,-904.3515,25679.1115
56134.7455,27764.3502,53750.217,41830.1225,36470.2195,38981.2589,5936.3097,50275.4152,44320.9559,55907.0259,89.3623,-910.1182,25680.2291
56148.5142,27767.2559,53751.2004,41834.0564,36493.7335,38988.5455,5935.1921,50291.6873,44328.8237,55913.7315,101.5663,-897.6012,25685.8617
56165.1438,27776.5542,53751.6475,41845.8134,36521.8967,38997.7992,5940.2883,50313.1449,44340.536,55919.5876,112.1163,-886.1125,25690.5556
56158.483,27774.4979,53746.9089,41841.343,36511.0338,38995.2958,5940.6012,50308.8534,44337.5409,55917.263,110.9093,-890.1358,25688.0969
56140.691,27768.15,53750.6193,41836.5598,36483.2729,38992.0771,5942.4788,50281.7631,44333.294,55916.6372,99.8229,-897.1542,25686.577
56128.9787,27764.8419,53751.7369,41830.5248,36466.9561,38992.0771,5941.0036,50273.3141,44320.9112,55908.7247,86.0095,-900.3729,25686.0405
56150.6599,27773.1121,53754.2403,41834.5481,36487.3409,38993.1053,5943.7752,50296.0235,44331.3718,55910.8257,94.9055,-889.5546,25688.8568
56165.0097,27780.8011,53754.1956,41844.517,36513.8948,38998.6932,5943.7752,50316.8553,44340.8936,55918.2912,107.7801,-879.1834,25687.471
56162.104,27781.8292,53757.9507,41848.2274,36510.3632,38999.4979,5944.8481,50314.2625,44345.9451,55919.8111,110.5517,-881.1057,25690.1532
56148.8718,27774.8108,53759.3365,41838.7502,36486.3127,38996.1898,5942.5235,50292.2237,44334.3222,55915.1173,98.0347,-898.6294,25684.3418
56142.9709,27769.4017,53759.113,41832.8047,36479.5178,38993.1947,5940.0201,50279.1703,44329.4495,55911.3175,91.0163,-907.5701,25681.9725
56149.4976,27771.011,53752.0498,41837.0962,36498.7403,38990.0655,5935.4603,50296.7834,44335.9762,55913.0609,94.9055,-902.921,25683.0007
56166.7532,27778.4318,53747.3559,41844.07,36513.9395,38987.2938,5935.5497,50314.3519,44342.7712,55922.538,104.9638,-896.886,25684.1183
56155.622,27783.5727,53748.5182,41836.4704,36506.027,38983.2258,5936.4438,50311.4909,44337.0491,55920.5264,101.7451,-899.4788,25682.6431
56151.0623,27784.0197,53748.7864,41834.3693,36496.4157,38981.6165,5936.9355,50295.1741,44332.3553,55914.1338,93.3856,-906.8996,25680.8102
56146.9048,27776.6436,53747.6242,41826.3674,36489.6208,38978.4425,5937.7402,50287.0828,44328.779,55913.2397,85.6072,-912.4428,25680.6314
56170.6424,27784.2432,53751.5134,41834.7716,36508.3516,38990.5125,5942.747,50307.1547,44340.3125,55924.4156,100.7617,-897.4671,25689.1698
56186.2439,27790.4123,53755.2685,41846.7522,36527.2611,38990.9595,5940.9589,50321.3257,44361.5019,55932.2387,119.7159,-882.3127,25696.5905
56180.9242,27786.9701,53755.5367,41845.5005,36516.8452,38985.2822,5941.0483,50319.2693,44362.0384,55931.5681,120.8335,-884.9949,25694.6236
56169.7036,27781.0246,53755.8496,41839.2867,36502.3166,38984.0305,5941.6294,50293.8777,44350.9966,55920.437,107.6907,-895.2767,25690.1979
56161.3888,27784.6903,53760.1411,41829.899,36494.4935,38983.494,5940.78,50283.8641,44338.1667,55920.4817,97.1407,-901.714,25688.6333
56179.0913,27796.2685,53762.3763,41836.6492,36511.3467,38990.4231,5946.1892,50311.4015,44349.4767,55929.9141,109.6576,-890.6722,25693.1037
56192.5918,27791.4405,53760.007,41840.6725,36527.9317,38990.2443,5945.8315,50334.2897,44360.5185,55932.954,118.7772,-883.5196,25697.0823
56184.8581,27791.1723,53757.4142,41836.9621,36523.9978,38989.6631,5938.8131,50326.8689,44353.4106,55929.5565,109.3894,-893.265,25688.678
56168.3178,27785.942,53757.5036,41824.4898,36498.0251,38983.047,5932.0182,50298.4822,44345.0063,55918.5147,90.5693,-910.2076,25680.4079
56152.1798,27778.4318,53754.4191,41817.0691,36479.1602,38976.0733,5930.4088,50289.5862,44333.7411,55912.5692,80.8686,-916.2873,25678.3515
56169.8824,27780.7117,53752.2733,41826.725,36501.4225,38989.9313,5932.4205,50313.2343,44342.1006,55920.0346,89.0046,-902.4292,25681.4361
56182.3547,27785.4055,53751.2898,41833.7882,36520.6897,38995.7875,5933.4487,50326.4666,44359.0879,55923.4768,102.2816,-892.1474,25682.2854
56181.9971,27779.3705,53750.7087,41828.8261,36509.2903,38985.8633,5933.6722,50321.6386,44358.8644,55922.1357,97.4536,-899.1659,25679.4244
56164.071,27777.0013,53751.111,41828.3343,36495.8793,38980.8118,5934.8792,50302.1926,44352.2036,55914.1338,83.1038,-912.5769,25676.1611
56153.1633,27774.6767,53751.3345,41826.5015,36485.061,38982.3318,5935.1027,50292.8048,44339.776,55913.9103,76.0406,-915.4826,25675.8034
56173.1905,27783.215,53755.4026,41837.1409,36505.2223,38993.597,5942.3894,50323.9185,44360.8761,55926.6508,93.8326,-898.4059,25684.2524
56187.0933,27790.7252,53754.7767,41848.1827,36530.7033,39003.1189,5942.4788,50347.7901,44374.5106,55929.78,108.5401,-884.1902,25689.7062
56180.2536,27792.9604,53754.0615,41844.7405,36524.5342,39001.2413,5940.1095,50341.4869,44372.8566,55929.4224,107.3778,-888.437,25687.2028
56164.6968,27787.6407,53755.6261,41829.9437,36499.6344,38997.218,5937.9637,50318.5093,44357.5233,55922.7616,87.9765,-908.5536,25678.2174
56156.6502,27785.7184,53756.4307,41829.9884,36488.0562,38993.4629,5935.9968,50307.11,44353.3659,55919.0065,79.4381,-915.0803,25678.7091
56166.932,27792.2899,53756.3413,41839.9572,36505.8035,38996.9051,5934.5663,50327.2265,44361.6807,55928.573,92.4915,-907.1231,25681.8384
56184.1428,27796.0896,53751.871,41845.2322,36515.8617,38998.3803,5928.8889,50342.3363,44368.0286,55927.0978,101.5216,-899.7917,25677.7257
56177.8843,27794.6591,53752.318,41841.6113,36517.337,38994.357,5924.4633,50339.0729,44362.6195,55922.538,93.8773,-904.3962,25674.6858
56155.5326,27790.8593,53749.5911,41833.4305,36494.6723,38984.7457,5922.8987,50315.0672,44349.879,55913.6868,78.8122,-918.5225,25671.7801
56143.2838,27783.8409,53748.8312,41825.2498,36483.8094,38978.8002,5923.7927,50301.9691,44341.9665,55913.7315,69.6927,-925.0939,25667.2204
56159.7794,27785.9867,53748.7864,41831.6424,36501.199,38983.7176,5928.4866,50321.9515,44361.7254,55924.5497,84.4449,-910.0288,25674.507
56183.0699,27789.6076,53750.9322,41848.3168,36529.4069,38991.9877,5927.4137,50344.1244,44371.3814,55929.2436,101.0746,-895.232,25680.1844
56176.3197,27787.5513,53749.3229,41841.6113,36520.1086,38994.2229,5924.955,50342.2022,44370.0403,55928.0366,99.8676,-894.5167,25681.7937
56154.9067,27784.422,53751.1557,41831.4189,36499.1874,38988.4114,5928.576,50325.1255,44364.05,55923.9239,87.3506,-904.128,25678.9774
56148.9165,27779.0129,53752.2733,41824.9369,36483.8094,38983.6282,5931.5264,50322.8456,44356.2716,55928.1707,78.1864,-909.5818,25681.8384
56160.7182,27786.9701,53752.1839,41836.6939,36504.9094,38993.15,5933.091,50344.348,44369.325,55936.4408,91.9998,-894.1144,25688.991
56176.1856,27787.596,53752.1839,41843.3994,36518.0075,38999.9449,5934.5663,50356.9096,44383.4513,55936.0832,100.7169,-888.5264,25686.4429
56177.1244,27785.0926,53752.0498,41842.9971,36513.4031,38998.6932,5935.7733,50354.138,44381.0821,55934.608,96.4254,-891.4322,25682.6431
56161.4782,27776.1072,53749.7699,41832.3576,36492.7948,38986.3104,5932.2864,50332.3227,44360.742,55925.6226,79.9745,-908.1066,25679.6926
56154.2362,27765.1995,53743.5561,41825.3839,36480.993,38982.1529,5927.9501,50308.6299,44345.3193,55914.5808,76.0406,-912.6663,25672.5848
56165.1438,27770.1616,53745.9254,41827.9767,36499.7685,38988.5902,5929.9618,50325.4384,44361.7254,55927.0084,89.9881,-899.747,25674.7752
56181.3712,27774.7214,53747.6242,41837.9456,36521.3603,38993.0159,5931.0347,50340.5482,44370.4426,55929.333,102.2369,-889.644,25677.9492
56175.2915,27770.6087,53744.2714,41837.588,36519.0357,38990.1996,5928.7101,50346.1361,44369.1462,55925.5332,98.6159,-894.0697,25674.8199
56153.8786,27760.9974,53740.4269,41825.4733,36494.4041,38981.7059,5923.1222,50320.4316,44352.9636,55918.1571,79.1699,-914.678,25667.0415
56145.3402,27755.4095,53739.9799,41816.0856,36468.1631,38979.2919,5919.0989,50299.2868,44353.053,55919.6323,72.822,-922.0988,25668.1144
56158.796,27758.0023,53739.7563,41820.6453,36490.202,38980.7671,5917.6683,50318.5987,44363.156,55924.6838,83.6849,-910.0288,25673.3
56173.414,27754.3366,53739.4881,41825.4733,36519.2145,38983.8517,5919.0989,50344.9738,44370.6661,55926.9637,91.7315,-900.8646,25674.2835
56175.068,27754.4707,53742.9303,41836.068,36514.2971,38985.1481,5923.9715,50348.2819,44379.2045,55925.7567,98.9735,-901.5799,25676.0716
56156.6055,27751.4756,53741.8127,41823.1934,36487.6986,38981.2589,5919.9929,50321.1468,44367.224,55919.9452,79.4828,-917.092,25671.6907
56151.6881,27753.7555,53741.5445,41813.8504,36472.5888,38980.9012,5922.6304,50316.5871,44359.3562,55919.8558,68.754,-920.4447,25670.1261
56171.6259,27761.9362,53747.6689,41823.864,36501.6907,38988.1879,5925.8491,50343.2304,44373.7507,55923.2086,82.7461,-904.3962,25675.714
56185.3051,27763.9031,53748.1606,41840.1361,36526.4565,38990.5125,5924.8656,50361.1118,44381.2162,55925.4438,103.3098,-894.1144,25680.5867
56175.6939,27761.668,53746.5513,41835.3081,36517.1134,38983.047,5921.5128,50355.3897,44371.739,55923.4321,97.4089,-898.8976,25677.681
56152.2692,27758.7622,53741.0975,41818.9913,36497.0863,38976.9226,5918.2942,50329.1041,44365.8829,55915.6537,78.9464,-916.0638,25674.06
56153.8786,27756.5718,53742.4386,41816.6667,36489.7996,38977.6826,5920.7529,50312.1614,44360.6973,55914.6702,72.4643,-915.2591,25674.9094
56177.6161,27764.9313,53751.2898,41832.1341,36522.0308,38995.1169,5928.3972,50345.242,44379.2939,55930.2717,98.3924,-895.5896,25682.8219
56193.7541,27772.9779,53754.0168,41848.8085,36545.1425,39002.3142,5934.8792,50374.4781,44394.5378,55932.4622,115.4691,-882.3574,25688.231
56189.5519,27777.1801,53755.8943,41845.3217,36534.9054,38999.0956,5935.9074,50374.8357,44398.6505,55937.3796,107.1543,-882.8491,25688.3204
56173.9057,27770.3851,53759.2471,41842.863,36508.128,38996.8604,5935.7285,50356.2391,44382.0208,55932.8198,92.1339,-892.9968,25688.231
56159.3771,27771.0557,53756.8778,41838.8844,36493.1971,38996.8604,5932.0629,50340.9952,44375.9412,55928.4836,83.6402,-900.5964,25684.5206
56166.7979,27771.011,53751.9604,41834.5034,36513.5372,38992.8818,5926.7431,50350.5617,44382.8702,55929.6459,88.9152,-894.025,25680.7655
56180.2983,27769.5358,53746.2384,41826.5462,36527.9764,38992.9265,5921.4681,50363.8834,44387.5194,55931.434,98.2583,-893.6226,25678.9774
56177.2138,27769.0887,53744.5843,41833.654,36523.4613,38992.0771,5920.0823,50362.1846,44386.9382,55932.6857,94.2349,-899.4788,25677.8151
56151.7775,27754.0237,53743.0644,41819.8407,36487.6539,38983.4046,5913.5556,50334.9602,44363.8265,55921.9569,64.9095,-913.5604,25669.5449
56140.0205,27749.8215,53744.2714,41808.2625,36473.0805,38977.5485,5910.0688,50321.9515,44345.5875,55915.0726,51.8113,-925.5856,25664.8064
56149.0059,27758.6728,53739.7116,41814.4763,36492.1242,38978.3084,5907.2524,50341.2634,44355.6458,55919.3194,69.2457,-914.4545,25667.4886
56162.5957,27764.2608,53738.8623,41829.6754,36510.4079,38988.9479,5910.5158,50368.2196,44367.9392,55922.2251,88.2894,-903.0998,25670.2602
56160.45,27764.7972,53742.6621,41825.1604,36500.9755,38984.5669,5911.9016,50359.413,44374.8683,55922.2698,88.4235,-905.5585,25670.2602
56150.3917,27762.3385,53743.0644,41818.589,36483.4517,38978.0849,5911.7228,50331.2945,44363.6477,55917.3077,70.5421,-916.1532,25667.3098
56147.3966,27766.5854,53744.8078,41816.4432,36478.0873,38977.4591,5915.7014,50324.4102,44366.1958,55920.1688,63.9707,-919.9977,25666.371
56165.9485,27767.2559,53748.9653,41826.725,36495.8346,38985.1481,5921.1999,50341.6657,44380.0092,55922.0016,78.1417,-905.4691,25669.9026
56188.6132,27768.8652,53753.2568,41844.517,36531.9103,38996.1898,5926.162,50377.2497,44394.1802,55928.3942,94.5479,-890.3593,25677.5022
56180.5218,27769.3123,53752.0945,41843.6676,36527.7529,38996.771,5929.3807,50383.9552,44391.1403,55933.1775,88.3788,-892.1027,25679.6032
56164.3839,27767.7029,53755.3132,41828.7367,36500.1708,38991.5407,5926.7431,50363.1234,44383.2278,55931.7917,77.9182,-901.9375,25677.5022
56159.0195,27767.7029,53754.9555,41824.9369,36492.5265,38982.6894,5923.3904,50352.037,44374.5106,55925.1308,71.1232,-908.4642,25672.9871
56173.1458,27768.5523,53752.2733,41832.4471,36504.1494,38986.3104,5928.9336,50366.0738,44384.3454,55934.608,82.6567,-899.5235,25676.2952
56191.8765,27772.7097,53748.25,41840.1361,36523.1484,38992.1218,5927.4137,50381.3177,44397.22,55936.8432,92.1339,-892.1027,25676.3399
56176.4538,27769.044,53747.043,41832.0894,36510.1844,38983.7176,5925.3126,50377.4285,44389.3969,55930.4506,89.2729,-895.7684,25675.3564
56168.586,27768.8205,53752.4074,41833.6987,36499.2768,38986.8915,5934.0298,50361.3353,44379.5174,55934.6974,85.6519,-900.954,25678.3962
56165.8144,27771.9051,53756.8331,41833.9223,36495.6558,38992.6583,5938.0978,50354.7192,44384.6583,55935.3232,84.2214,-898.8082,25684.2971
56174.6657,27782.2316,53759.0683,41845.8134,36518.8569,38999.2297,5939.7966,50383.3741,44401.4668,55939.0336,100.404,-881.1057,25691.4496
56189.2837,27792.4687,53760.5435,41857.7045,36542.9521,39012.6854,5942.1659,50406.7987,44413.3133,55944.5769,115.2456,-867.5605,25697.0376
56189.2837,27790.2782,53759.7835,41855.1117,36528.9599,39012.7748,5940.6906,50401.7025,44408.3959,55941.4029,111.714,-873.8637,25695.3835
56164.3839,27777.7612,53756.7884,41836.381,36507.5916,38999.3191,5935.7733,50375.1934,44388.1005,55933.8033,91.3292,-889.7334,25684.7441
56154.3256,27771.5921,53759.1577,41831.3295,36498.0698,39000.3473,5934.611,50360.0836,44382.4232,55924.505,81.405,-897.9142,25682.2854
56170.5083,27772.8438,53761.4375,41839.8678,36512.956,38997.978,5932.5099,50374.8357,44388.5922,55926.3378,91.1951,-894.3379,25682.1066
56185.171,27780.5775,53760.8564,41847.7803,36529.4963,38996.771,5932.4205,50394.9523,44397.8459,55933.848,105.232,-886.4254,25684.9676
56180.7007,27785.0926,53759.4706,41850.8649,36524.1319,39000.392,5935.9968,50394.7288,44396.7283,55932.2834,103.5333,-887.1853,25682.7772
56159.3324,27783.2597,53758.5318,41839.8231,36503.2554,38993.0159,5934.2086,50384.6258,44394.3143,55937.2008,85.8307,-895.0084,25679.9608
56151.0623,27781.7845,53756.8778,41835.8892,36495.4323,38990.4231,5930.6324,50375.8192,44385.7759,55931.2999,72.6879,-907.0337,25674.6858
56165.0544,27786.389,53753.9721,41841.3877,36512.9113,38995.1617,5931.3923,50392.8512,44400.8857,55933.848,88.9152,-897.9142,25678.3515
56182.6229,27789.5182,53755.0002,41851.1778,36530.9715,39000.7943,5936.712,50416.0523,44418.7671,55942.297,104.9191,-880.7033,25683.403
56176.4985,27790.8593,53753.8826,41850.7308,36522.2543,39000.3026,5937.6955,50413.0572,44413.7156,55941.3582,99.5994,-882.5362,25681.4808
56163.6686,27787.0595,53756.9672,41852.9212,36508.128,38997.2627,5938.1872,50397.6792,44399.0082,55935.4126,83.5061,-893.9803,25680.1844
56161.1205,27776.6883,53756.9672,41846.3498,36494.4935,38993.6864,5935.8627,50378.6802,44390.291,55931.8364,72.0173,-898.54,25680.1844
56177.4373,27779.7729,53755.5367,41850.4626,36515.7723,38996.5475,5933.9404,50392.8512,44397.4882,55934.9209,85.4284,-889.3311,25683.7606
56192.1895,27789.0265,53758.5765,41858.688,36536.4701,38994.5805,5932.9569,50404.2059,44406.2948,55938.2737,100.404,-881.508,25685.5488
56187.7191,27785.629,53761.3928,41851.8037,36522.1202,38988.5455,5929.6489,50390.0349,44399.1423,55937.5137,96.6936,-889.4205,25679.8714
56174.5763,27778.7894,53762.8233,41840.6725,36495.6111,38987.4279,5924.8209,50366.5209,44390.6039,55932.5516,80.0639,-902.608,25676.2505
56167.8708,27779.46,53764.6115,41837.1856,36488.6373,38993.5076,5928.0843,50353.4675,44388.0111,55926.5167,75.3701,-905.0667,25678.888
56178.5549,27778.1636,53765.0138,41845.1875,36510.1397,38996.1451,5931.3029,50364.3304,44396.6389,55930.7188,91.3739,-892.3262,25682.956
56201.7113,27785.9867,53763.0022,41857.481,36530.301,38998.8273,5933.404,50389.9008,44408.6194,55933.848,110.3729,-876.8141,25689.1251
56199.0291,27786.2549,53760.3199,41856.2293,36526.5459,39002.1354,5932.644,50397.5004,44413.1792,55930.4953,110.1494,-881.5527,25690.1085
56182.9358,27779.1023,53756.8331,41847.7356,36501.199,38997.9333,5928.576,50375.9533,44398.7399,55923.1192,95.8443,-893.4885,25683.9842
56173.2799,27778.4765,53762.0187,41844.8746,36489.889,38997.7545,5927.5031,50362.587,44387.43,55919.7217,87.3059,-896.0813,25682.7325
56192.9941,27786.7466,53767.9195,41851.1331,36510.8103,39011.2996,5929.2018,50380.7366,44397.6223,55936.3067,100.7617,-882.7597,25691.4496
56211.2778,27791.217,53764.3433,41854.7541,36524.5789,39017.1111,5929.4701,50401.4343,44409.6476,55941.4923,114.9327,-872.7908,25693.8189
56209.4897,27787.8195,53760.007,41850.6414,36516.0406,39011.4784,5923.9715,50403.7589,44405.1325,55938.1843,106.3943,-882.5809,25689.885
56191.206,27784.8691,53757.3248,41839.0632,36491.5431,39003.7894,5919.233,50378.0544,44388.5475,55930.8082,84.2214,-899.8364,25680.6314
56174.7551,27777.7612,53755.5367,41832.9835,36475.0028,39000.1684,5916.6849,50365.6268,44379.1151,55925.3544,69.9162,-908.1513,25676.5187
56180.3877,27771.9051,53759.2471,41836.2021,36492.1242,39002.1801,5916.2378,50373.1817,44392.0344,55931.3893,80.0192,-901.8034,25683.0007
56189.9543,27776.8672,53759.2471,41839.2867,36507.5022,39003.0742,5914.9861,50383.7764,44396.5495,55933.0434,89.0493,-896.1707,25683.2689
56184.1428,27774.3191,53754.9555,41835.4422,36500.9755,38997.8439,5915.1649,50372.0641,44383.0937,55930.54,86.3224,-898.1377,25681.2572
56158.796,27759.701,53748.1606,41820.7347,36475.0922,38985.7292,5914.6732,50344.8844,44358.9538,55918.6488,69.2457,-911.7723,25673.1212
56142.4792,27753.5319,53743.8244,41815.1468,36464.5422,38979.2472,5917.8025,50327.0924,44342.2347,55911.6304,62.2272,-918.4331,25669.992
56151.1964,27756.1694,53742.215,41823.5064,36488.682,38979.5601,5918.8753,50334.7367,44356.0928,55917.6207,77.8288,-906.989,25672.4507
56160.1818,27772.8885,53747.5348,41829.8542,36517.2029,38982.9576,5924.3739,50348.3266,44370.0403,55927.7683,93.6091,-888.8841,25679.6479
56155.0856,27783.9303,53751.9604,41834.2352,36521.8073,38983.6729,5926.609,50335.3179,44360.2502,55923.745,91.3739,-888.75,25682.1513
56132.1527,27778.1636,53753.2121,41826.7697,36495.2981,38979.7837,5927.7266,50314.4413,44344.4252,55921.2416,78.1864,-900.6858,25679.4244
56123.5696,27776.3307,53753.525,41823.3275,36482.2447,38978.8002,5928.576,50290.5697,44333.2493,55912.2562,67.0552,-910.7888,25675.1329
56140.8252,27782.9021,53757.6824,41828.7367,36502.6295,38976.6544,5934.3874,50295.487,44342.4135,55915.2067,83.5061,-899.6129,25677.9045
56148.6483,27788.6242,53759.4706,41834.2352,36518.3204,38979.7837,5939.3942,50302.9972,44355.6011,55920.7499,97.8559,-887.0065,25681.3467
56134.522,27784.5562,53753.7932,41828.1555,36506.5634,38973.704,5937.919,50289.5862,44339.1949,55913.955,94.8161,-894.8296,25676.6975
56108.0575,27776.4201,53748.9206,41813.2246,36482.6918,38964.7186,5932.4205,50257.2656,44309.3777,55903.092,78.2758,-912.264,25669.7685
56109.2645,27775.6602,53755.4473,41821.1371,36483.0047,38970.4406,5937.025,50243.8545,44308.2601,55904.1649,75.2807,-910.7888,25672.5848
56127.9505,27786.389,53755.0449,41829.1837,36497.9804,38974.6875,5937.6955,50256.9079,44321.4923,55908.4564,90.8822,-900.0599,25677.4127
56140.0205,27794.838,53757.0119,41838.482,36510.9444,38982.6894,5940.6012,50278.6785,44330.4777,55915.8772,106.6178,-888.2582,25684.7888
56136.8018,27795.9108,53758.4424,41842.0583,36498.2933,38982.3318,5940.2883,50274.6105,44316.7537,55910.9598,100.2699,-891.8345,25685.0123
56112.662,27787.8642,53754.4191,41829.0049,36470.9347,38973.3016,5934.7898,50250.6942,44302.7169,55906.6236,82.9697,-906.1843,25681.5255
56095.764,27786.9701,53752.2733,41818.9019,36455.6462,38963.5116,5932.2417,50237.3278,44298.3806,55901.7509,79.2593,-908.4642,25682.8666
56111.0526,27790.5911,53754.5979,41826.0098,36475.4051,38969.636,5933.2699,50249.5766,44309.0647,55902.1086,91.0163,-896.1707,25685.7276
56127.5035,27786.9254,53751.5581,41835.7998,36485.9551,38976.3862,5934.2086,50255.9245,44314.4739,55905.8636,101.8345,-883.5196,25688.991
56124.866,27785.8526,53750.3958,41837.275,36472.857,38972.8993,5934.298,50242.1111,44309.1094,55907.92,101.8792,-882.9385,25688.991
56098.5357,27780.0411,53748.0265,41826.0545,36440.9834,38962.394,5930.0065,50213.7691,44294.3573,55903.0026,84.2214,-902.2057,25684.2077
56087.9856,27775.1684,53748.8759,41820.5112,36423.0573,38962.3493,5929.2018,50192.8031,44288.68,55895.8054,74.0737,-909.0006,25683.5371
56110.6503,27771.8604,53748.7417,41826.9485,36448.0466,38964.048,5930.3194,50202.1462,44297.6654,55898.4876,86.233,-898.8529,25684.5653
56126.9224,27778.0741,53747.0877,41833.3411,36467.4032,38963.3775,5925.0444,50222.978,44301.2863,55903.0026,95.3078,-893.265,25681.4361
56124.5531,27774.6767,53742.9303,41834.2352,36458.4625,38958.4154,5922.5857,50210.5504,44292.0327,55893.3914,89.094,-901.0881,25675.4011
56101.352,27766.183,53744.8078,41823.7746,36428.2429,38949.8323,5921.1999,50187.8411,44274.956,55890.5751,70.3186,-915.2144,25673.9706
56089.282,27764.2161,53742.8856,41820.1089,36419.6151,38947.7313,5920.4847,50169.1103,44269.3233,55892.6761,61.1991,-918.2096,25672.5401
56118.4734,27771.3239,53745.1655,41833.3411,36448.9406,38953.9897,5923.0328,50187.6622,44285.9977,55904.6119,77.4711,-902.0716,25679.6926
56140.6016,27777.3589,53748.1606,41836.7833,36467.3138,38956.5378,5924.8209,50199.3746,44303.5662,55905.953,96.6936,-892.1921,25681.1231
56138.0535,27778.4318,53749.3676,41832.6259,36463.7375,38960.9188,5926.162,50201.878,44306.4272,55905.1037,93.3856,-897.7354,25679.9608
56124.4637,27771.2792,53751.871,41825.0263,36439.7764,38955.6885,5922.1387,50179.5709,44284.7908,55899.6946,79.3487,-912.8898,25674.7752
56123.8825,27765.9595,53753.1674,41819.9748,36431.2828,38951.2628,5920.1717,50166.741,44274.6431,55901.438,71.8832,-916.5555,25672.5401
56148.8271,27780.2646,53758.1295,41832.8047,36452.0252,38964.1374,5929.2912,50184.086,44295.2067,55909.7975,96.1572,-894.6508,25679.6479
56168.139,27786.7019,53759.8729,41842.2371,36474.3769,38966.3726,5932.6887,50201.9674,44308.4389,55909.2164,108.1377,-877.9317,25681.3914
56171.0894,27787.6407,53760.8117,41842.9971,36473.5276,38969.0548,5933.9404,50205.7672,44302.9404,55906.5789,103.4439,-882.8044,25683.0007
56152.2245,27785.5396,53759.8729,41827.3956,36456.1826,38962.7069,5930.1406,50184.8906,44283.852,55899.6052,90.0328,-898.4059,25680.3185
56142.3004,27785.8526,53756.5649,41820.243,36439.3294,38960.1588,5931.5264,50168.0821,44280.8121,55900.5886,83.7743,-904.4856,25680.7655
56161.3888,27793.631,53755.7602,41828.0661,36458.9095,38966.5961,5933.9851,50195.4406,44291.9433,55910.6022,93.4303,-893.3097,25684.5653
56175.8727,27805.6562,53759.7835,41837.0068,36483.8094,38975.0451,5936.9355,50222.7545,44312.6857,55926.9637,106.0814,-878.5129,25690.7344
56165.2333,27803.5998,53756.5649,41826.4568,36475.7627,38970.9771,5936.8461,50220.4746,44314.3398,55921.1969,96.6489,-886.2913,25687.024
56145.8319,27794.1674,53751.2898,41813.3587,36453.5898,38958.3707,5937.5167,50199.1063,44296.2795,55908.1435,77.0688,-902.3845,25679.8714
56139.1711,27787.6407,53755.7602,41811.3917,36438.8824,38954.4368,5938.3661,50189.808,44290.9598,55916.816,75.4595,-903.9491,25684.8335
56152.8504,27786.0761,53759.4706,41821.4053,36457.6131,38957.9684,5940.5118,50204.0684,44310.0482,55922.4486,92.9385,-889.1523,25688.8568
56165.9932,27788.4454,53759.0235,41833.0729,36482.1106,38963.154,5942.0317,50214.5737,44326.5885,55924.1474,106.5731,-875.5624,25691.2708
56163.758,27780.7117,53758.2189,41830.7483,36473.8852,38951.7546,5939.126,50203.8449,44313.0881,55919.2747,100.7617,-880.9716,25689.438
56148.8718,27769.9828,53757.6377,41822.6123,36452.2934,38950.7711,5933.3593,50185.6506,44296.7713,55912.6139,84.7131,-897.2883,25686.5323
56139.2158,27767.2559,53754.0615,41817.6055,36440.894,38952.5145,5931.2135,50178.3639,44289.7975,55908.8141,73.4478,-907.1231,25682.6431
56153.4315,27777.5377,53754.7767,41831.4189,36457.9707,38966.9538,5935.7285,50203.9343,44303.298,55918.7382,92.3574,-893.265,25689.4827
56173.5034,27785.4949,53752.8992,41842.0583,36477.6403,38974.6875,5937.7849,50232.6339,44320.5088,55925.9802,108.0036,-884.1902,25693.1484
56163.5345,27788.8924,53749.7699,41835.3528,36473.9746,38969.5019,5930.4982,50234.7797,44321.5817,55924.1474,102.5051,-888.75,25688.9015
56141.1381,27787.2831,53745.2996,41826.7697,36452.8745,38960.5165,5927.816,50208.8517,44308.2154,55913.5079,84.8919,-903.7256,25679.6032
56127.5929,27782.0975,53740.4269,41815.5044,36436.2001,38946.256,5919.233,50198.3017,44296.369,55908.1435,69.8715,-916.4214,25671.9142
56146.4578,27787.8642,53740.2481,41822.4335,36450.8629,38952.5145,5917.0872,50219.5805,44299.9005,55909.574,76.3535,-908.5983,25673.9259
56163.8474,27798.7719,53736.046,41830.1672,36474.2875,38956.1355,5917.3554,50251.6776,44305.3544,55908.0541,88.2,-902.6974,25672.9871
56156.0243,27793.0945,53729.7875,41832.0894,36469.4595,38954.7944,5911.5887,50250.0236,44304.4156,55903.6732,84.0425,-908.3301,25666.4604
56131.5268,27777.2248,53724.1101,41819.3042,36449.8347,38948.0889,5900.0999,50219.804,44292.1221,55890.2174,65.1777,-927.3738,25658.9055
56129.6046,27772.3074,53722.322,41816.2197,36444.8726,38957.9684,5901.0386,50203.7108,44283.8967,55880.1591,59.9921,-930.8606,25657.2962
56160.0477,27787.8642,53729.9663,41828.3343,36465.0339,38975.1345,5909.2641,50232.0975,44310.7635,55899.471,78.3205,-914.0521,25667.0862
56171.8941,27790.01,53734.2131,41833.2517,36483.7646,38976.2521,5911.0522,50260.0372,44327.0355,55904.2096,87.3506,-902.2951,25669.6343
56169.9718,27786.5231,53737.3424,41830.9718,36484.4352,38977.8167,5917.1319,50259.5007,44326.3203,55905.9978,86.3224,-897.6012,25671.5566
56156.6055,27783.0362,53744.4949,41826.8144,36470.6218,38980.3648,5924.0609,50237.4172,44321.7605,55904.3884,80.511,-903.5468,25675.0882
56152.1798,27789.4288,53748.7864,41821.8076,36463.3799,38986.6233,5926.0726,50229.5047,44317.2008,55903.3155,75.5042,-905.1114,25678.4856
56178.8678,27804.0916,53756.7884,41834.3693,36490.1125,39000.2578,5932.5546,50260.216,44338.3008,55915.2961,93.922,-884.3243,25690.1532
56197.1068,27810.0371,53757.6377,41844.8299,36514.2524,39001.0178,5935.058,50280.422,44351.4884,55923.7003,108.8083,-877.5294,25694.0871
56192.3236,27814.8651,53758.2189,41840.0019,36509.5139,38998.9167,5936.3991,50278.1868,44346.3475,55930.8976,105.9026,-878.1552,25694.8471
56169.4354,27805.6562,53755.7155,41824.4004,36492.1242,38985.461,5936.3097,50255.9245,44335.1269,55925.7567,87.2612,-888.7053,25689.4827
56152.0457,27802.2587,53753.3015,41820.2877,36477.685,38980.1413,5935.4156,50247.1179,44326.7673,55912.2562,82.8803,-895.0531,25687.9181
56160.2265,27798.8613,53751.2004,41825.518,36494.0464,38975.2239,5937.919,50274.2082,44337.675,55920.7499,94.3244,-887.0065,25690.3768
56177.5714,27798.0566,53747.5795,41833.207,36517.0687,38975.7156,5938.8131,50289.5415,44349.1191,55930.4059,110.4623,-877.7082,25696.2329
56174.6657,27792.7816,53745.836,41833.4305,36516.4429,38971.4241,5941.3165,50283.3724,44343.9782,55928.6624,108.4507,-878.9152,25695.3388
56156.0243,27787.5513,53746.0595,41814.2527,36492.303,38962.5281,5936.8014,50253.8681,44333.1599,55926.8743,88.0212,-890.2252,25693.1484
56143.0603,27782.7233,53747.4453,41804.0603,36479.5178,38955.2861,5934.9686,50239.0265,44334.501,55926.8743,78.8122,-900.954,25689.5721
56157.1419,27791.664,53746.6854,41816.0409,36497.7568,38960.8741,5934.1639,50257.9361,44343.2182,55928.8859,92.1786,-892.5945,25687.1134
56168.3625,27798.9954,53741.7233,41828.1108,36515.5935,38960.6953,5933.4487,50277.9633,44351.5778,55930.227,105.9473,-877.0823,25690.1532
56163.2663,27795.2403,53741.4551,41823.4617,36502.4507,38957.3425,5932.9569,50274.7893,44345.2299,55931.3893,96.9172,-881.061,25687.2475
56143.1944,27788.2665,53743.0197,41807.279,36467.5373,38947.2842,5929.023,50249.2636,44329.3601,55929.02,75.1913,-906.6761,25681.9278
56141.0487,27782.6786,53738.4152,41799.143,36463.7822,38942.1433,5924.8656,50234.0198,44321.4923,55918.7382,63.5237,-914.5886,25675.5799
56159.0195,27786.3443,53738.6835,41810.6765,36488.7267,38953.7662,5926.6537,50253.0187,44336.2445,55923.7897,78.0523,-900.7305,25680.6314
56166.2614,27794.9721,53741.1422,41822.8805,36508.7092,38964.6292,5932.7334,50266.7874,44345.2299,55929.78,95.2631,-886.6489,25685.1465
56156.6949,27798.5036,53744.0479,41825.6521,36509.7821,38963.4669,5934.8345,50264.9546,44348.672,55931.2999,96.2019,-889.2417,25685.2359
56139.3052,27790.8593,53741.4551,41812.5093,36480.1884,38958.1025,5930.1853,50243.3181,44340.983,55921.7334,77.8735,-902.8316,25679.1562
56127.6823,27785.2714,53741.9915,41810.1847,36467.0455,38963.3328,5930.99,50236.702,44332.4,55916.5031,70.7209,-909.0453,25681.4808
56140.6463,27784.1985,53746.1489,41818.7231,36485.1058,38970.6194,5934.0745,50247.9672,44338.0773,55923.2086,83.8637,-901.3563,25686.9793
56164.6968,27794.2121,53749.8146,41832.7153,36511.9278,38978.0402,5937.2038,50263.8817,44353.7682,55932.0152,100.7617,-885.5313,25689.5721
56161.5676,27796.3579,53749.6358,41832.76,36513.716,38977.2356,5940.9142,50269.2908,44356.2269,55931.2105,99.957,-883.5644,25689.1251
56142.658,27785.4055,53747.1771,41818.3655,36483.0047,38966.1044,5938.4555,50239.0712,44339.0608,55919.4088,81.405,-898.1377,25680.7208
56135.8631,27783.3492,53752.1839,41815.5491,36473.9746,38968.0713,5940.4671,50230.2647,44333.7858,55916.369,71.5703,-903.2786,25679.9161
56151.107,27792.5581,53758.8447,41830.6589,36499.2321,38982.4659,5941.5847,50256.4609,44348.4932,55926.2037,89.854,-887.4536,25686.7558
56170.3295,27801.007,53759.113,41846.171,36525.0707,38990.1996,5946.0104,50280.6455,44354.0812,55924.1921,107.4672,-871.4944,25693.059
56179.6725,27799.5765,53762.3316,41850.4179,36525.3836,38991.4066,5950.5701,50287.0381,44354.5282,55928.3495,107.6013,-870.0192,25699.0492
56157.3654,27797.0284,53763.7174,41837.2303,36501.0202,38985.0587,5948.2902,50272.0177,44344.9169,55922.9851,90.3457,-877.6188,25699.8539
56150.7493,27795.732,53767.1596,41830.4801,36488.0562,38984.8799,5948.0667,50255.6115,44339.329,55922.091,87.9765,-884.369,25699.988
56162.1487,27799.0401,53767.8301,41839.8231,36506.5634,38993.2394,5950.1678,50272.733,44349.4767,55930.54,100.0911,-877.1718,25704.1007
56169.3907,27802.0352,53759.6941,41847.2886,36521.5391,38995.9663,5948.6926,50293.4754,44359.8032,55932.0152,103.6227,-873.5508,25703.6537
56160.7629,27795.1062,53754.9555,41840.7172,36515.0571,38987.0256,5941.6741,50277.3374,44359.8479,55932.7751,99.3758,-882.9385,25699.6751
56142.9709,27788.0877,53754.5979,41825.071,36491.7666,38977.2356,5938.7684,50254.7175,44343.6652,55924.505,84.4896,-895.679,25693.8189
56135.9525,27781.114,53756.3413,41817.5608,36478.579,38974.8216,5935.2368,50241.3958,44330.88,55918.3359,76.6665,-898.8082,25691.6732
56154.1468,27779.907,53755.4473,41831.4189,36497.9357,38978.3084,5935.1027,50260.3501,44345.6322,55925.2203,84.6684,-888.5711,25696.4117
56172.967,27785.4055,53757.0566,41839.242,36514.9677,38982.8235,5938.5896,50276.7116,44355.8693,55930.0482,97.6771,-880.748,25697.7975
56176.0068,27790.5464,53759.2918,41835.8445,36514.4759,38980.5436,5938.9472,50266.7427,44354.0365,55930.227,96.0678,-885.5313,25694.1766
56157.9466,27785.9867,53753.525,41825.7415,36487.6091,38976.4756,5934.3874,50249.5766,44345.3193,55920.8393,83.7743,-897.9589,25685.4147
56150.0788,27783.4386,53752.5415,41816.4432,36473.5276,38972.8993,5934.5663,50242.871,44342.5477,55920.437,76.5324,-905.3797,25683.5818
56174.5763,27793.2286,53760.8117,41831.1954,36497.5333,38980.9459,5941.9423,50262.4512,44362.4407,55929.2436,95.7102,-889.4205,25688.9015
56185.0369,27791.0382,53756.1178,41838.482,36519.0804,38982.0188,5939.2154,50280.6455,44367.5816,55925.0861,104.5614,-878.6917,25687.2028
56179.0466,27786.1208,53747.8477,41834.1011,36515.7276,38976.0286,5931.1241,50284.0877,44355.9587,55920.3476,101.3875,-885.5313,25682.6431
56160.4947,27775.8837,53743.8244,41827.6638,36488.5032,38970.1724,5926.9667,50257.5338,44345.0958,55918.7382,88.1553,-897.9589,25678.5303
56150.0341,27772.3074,53740.561,41819.796,36470.5771,38968.2055,5924.2845,50247.6543,44338.122,55913.8656,75.5489,-908.5536,25677.368
56166.3061,27777.5824,53742.0362,41817.4714,36493.7782,38968.7866,5920.4847,50269.4249,44353.1871,55923.2533,82.8356,-899.8364,25678.8433
56181.5053,27776.6436,53739.354,41823.6405,36513.0901,38971.5582,5917.6236,50288.0216,44361.189,55930.4506,91.6868,-894.2485,25682.1066
56169.0331,27767.3006,53736.7612,41819.9301,36500.3943,38967.2667,5917.5342,50276.041,44359.8032,55932.1493,86.233,-899.0318,25681.8384
56145.3402,27762.115,53736.8953,41808.0837,36486.7151,38959.7118,5913.3321,50256.6844,44346.6604,55926.7849,67.234,-915.4826,25676.0269
56140.244,27761.3103,53737.9235,41799.4559,36472.9017,38957.8342,5911.0522,50253.5552,44343.1735,55923.5662,57.5781,-921.3835,25677.2786
56161.5229,27768.2394,53738.5494,41804.4627,36492.4818,38959.8906,5914.1815,50274.6999,44353.0977,55928.8412,69.2457,-909.5371,25680.1397
56176.8115,27775.079,53738.8623,41812.2411,36514.2077,38964.4504,5916.1037,50298.1246,44366.017,55933.9374,85.2942,-898.7188,25682.5536
56164.6074,27775.7496,53739.8905,41811.9729,36507.2787,38968.6078,5913.8685,50290.0332,44375.9859,55932.1493,79.2593,-901.6246,25681.1678
56140.3334,27771.6815,53743.8244,41805.625,36483.2282,38959.1306,5914.0027,50273.1353,44367.9839,55923.298,68.2175,-913.1134,25676.0716
56139.2158,27772.3521,53748.25,41805.625,36474.511,38958.9965,5918.92,50266.1616,44362.4854,55918.2465,67.3234,-913.2475,25676.1163
56165.8591,27785.7631,53748.697,41820.0195,36505.8482,38970.6641,5924.2845,50291.4637,44370.7556,55921.4652,87.887,-897.7354,25683.6265
56177.5714,27786.1208,53744.8972,41832.0447,36530.9715,38979.4707,5927.0561,50315.8271,44377.9081,55926.5167,102.818,-881.955,25684.2077
56166.8873,27784.3326,53749.1888,41830.7483,36531.0609,38982.3318,5930.3194,50321.9515,44381.7973,55924.5497,99.6441,-885.2184,25683.6712
56154.5044,27781.561,53746.3725,41826.278,36510.1844,38983.2705,5928.7995,50297.9457,44367.671,55911.4963,85.339,-899.0765,25679.8714
56147.5754,27777.5377,53739.8458,41824.1322,36501.1096,38984.8351,5924.955,50286.4122,44362.3066,55905.506,78.9911,-901.7587,25676.474
56161.2099,27790.5464,53743.1985,41831.8659,36525.0707,38991.8983,5931.1688,50310.9097,44385.3736,55922.1357,93.7879,-886.1572,25685.1017
56175.3362,27795.1509,53748.5629,41844.8746,36541.8345,38994.1335,5930.8559,50332.8145,44391.1403,55927.6342,109.5235,-876.3671,25688.5886
56177.5714,27787.1937,53749.0994,41844.4276,36531.9103,38986.5786,5925.8044,50329.0594,44378.534,55922.4933,104.5614,-885.3078,25684.0736
56161.7017,27777.3142,53749.3229,41833.967,36506.3399,38984.2093,5925.1785,50307.4676,44367.8051,55917.0395,85.3837,-900.6411,25679.335
56152.0904,27768.597,53751.8263,41826.2333,36497.6227,38983.4046,5926.8326,50290.7038,44364.0053,55919.4982,80.511,-899.9705,25683.3136
56158.483,27774.2296,53755.179,41831.4189,36510.0503,38987.4727,5928.4419,50310.418,44380.188,55925.9802,93.5644,-892.2815,25688.1863
56177.5714,27776.4201,53753.9721,41841.2536,36528.6916,38995.8322,5925.9385,50336.3907,44390.6933,55927.5448,103.4886,-886.6936,25691.2261
56163.8474,27764.7078,53746.9536,41836.8727,36519.9298,38987.7409,5919.8141,50329.9087,44382.7361,55922.8063,91.7763,-893.2203,25685.6829
56148.1565,27750.4921,53744.4055,41823.6405,36499.5003,38979.0237,5912.438,50302.5055,44379.5174,55922.538,72.3302,-907.3466,25680.542
56132.0633,27744.5912,53741.4551,41810.8106,36483.6752,38973.704,5907.4312,50287.4404,44377.3717,55919.7217,63.6578,-914.7674,25677.6363
56136.6677,27749.5086,53735.733,41816.5326,36502.4954,38973.7934,5905.8666,50310.4627,44380.0092,55920.884,78.0076,-906.7655,25676.2058
56152.6269,27755.7671,53730.8156,41824.2663,36525.6518,38971.1112,5904.3467,50326.4219,44384.5689,55923.9686,87.6188,-899.9705,25674.5517
56153.5209,27754.0237,53730.1898,41828.4237,36519.2592,38970.9771,5903.095,50315.9165,44384.256,55924.1921,82.5226,-902.8763,25673.5682
56145.9213,27753.8896,53734.7496,41822.9252,36495.3876,38969.7254,5907.2524,50295.1741,44372.9907,55919.4982,67.4576,-916.1085,25669.8579
56134.4326,27754.2919,53739.8905,41813.001,36481.3954,38965.9703,5907.8336,50285.1158,44368.3863,55913.5973,61.065,-922.0988,25666.5498
56157.589,27759.9245,53745.2549,41826.9932,36504.9988,38974.4192,5909.2641,50308.3616,44377.0587,55916.5925,75.7724,-907.1678,25672.0036
56180.4771,27772.5309,53751.2898,41845.0087,36537.99,38990.1102,5918.7859,50336.2119,44399.3211,55933.0434,94.8161,-891.5663,25680.0503
56176.6773,27774.1402,53754.4191,41842.3712,36532.1785,38991.8983,5918.92,50342.6492,44404.5067,55932.2834,90.7034,-897.5565,25681.6596
56156.5608,27762.1597,53750.6193,41828.2896,36500.752,38980.6777,5917.3107,50318.7329,44383.496,55921.5099,70.4974,-910.1182,25673.8365
56146.9942,27758.4046,53749.5017,41818.7231,36491.9454,38977.9508,5918.2495,50307.4229,44387.7876,55919.8111,65.4012,-909.1794,25673.3894
56166.9767,27762.3832,53752.8992,41830.5695,36522.3885,38992.3453,5925.2679,50326.9583,44402.3609,55927.8131,87.0824,-889.2417,25683.403
56187.1827,27768.1947,53756.1178,41844.964,36543.9355,38997.7098,5928.6207,50357.6249,44409.9158,55934.2951,107.6013,-874.1319,25692.7907
56175.7833,27764.7972,53755.0002,41838.9291,36524.4895,38991.0042,5923.9268,50353.691,44405.5796,55927.0978,96.1572,-882.8491,25685.9064
56159.4665,27763.0985,53750.7981,41833.4305,36501.2884,38984.4775,5926.3855,50327.7183,44390.6933,55920.884,81.0027,-892.7733,25681.6149
56149.2741,27761.4892,53748.2947,41831.4636,36499.9026,38985.5057,5925.2232,50318.1517,44391.3639,55916.1454,72.1067,-899.9258,25680.8102
56169.8377,27766.6301,53752.6309,41836.9621,36521.6285,38991.4513,5925.9832,50339.3859,44400.3046,55916.9054,84.132,-888.3029,25686.3087
56183.0252,27768.5523,53753.0333,41838.482,36538.9287,38996.1451,5925.8491,50356.5967,44404.8196,55922.4039,92.5362,-881.9103,25687.8287
56177.1244,27763.7243,53753.7932,41836.828,36527.5741,38990.5572,5922.9881,50349.0418,44408.7982,55926.919,85.8754,-887.1853,25685.9064
56157.9019,27757.5552,53753.2568,41826.6356,36503.7024,38984.1199,5919.5459,50325.5725,44390.6933,55919.1853,68.3516,-900.194,25680.7655
56146.2343,27751.1179,53753.8826,41817.0244,36493.5547,38982.9129,5917.713,50324.2314,44377.327,55919.2747,61.1544,-908.2407,25676.474
56158.036,27754.9624,53753.078,41821.4053,36507.7257,38986.4892,5916.2378,50343.8115,44392.3026,55920.9734,74.2078,-897.4671,25677.4127
56168.4966,27761.9809,53753.9721,41825.5627,36516.8005,38985.1481,5916.4613,50362.3635,44397.7565,55926.6508,83.4614,-889.644,25680.1844
56163.758,27765.0207,53756.6096,41830.2119,36519.5274,38985.9527,5917.1319,50353.7804,44396.773,55930.8976,76.9347,-893.265,25681.6149
56144.2226,27762.6514,53750.7534,41829.899,36503.9706,38982.6894,5914.852,50333.485,44376.7905,55924.5497,60.305,-904.6197,25675.1329
56138.5006,27751.7438,53745.6125,41819.483,36491.1854,38979.9178,5910.6946,50317.4812,44361.0996,55920.7499,48.6821,-915.125,25667.4439
56156.4714,27757.7341,53743.5561,41829.6754,36508.7986,38986.7127,5909.8452,50341.3528,44376.5223,55930.1376,67.6364,-904.9326,25670.2155
56169.2119,27769.1782,53747.7136,41844.517,36524.6683,38997.7098,5912.438,50360.3965,44394.0908,55934.9656,86.9483,-887.7665,25678.3068
56155.0409,27767.0324,53742.6174,41837.9009,36515.3253,38993.4182,5909.7111,50354.5851,44392.9732,55929.3777,78.8569,-895.8578,25676.3399
56134.0749,27753.2637,53737.7894,41820.9136,36488.7267,38980.3201,5905.8666,50333.1274,44379.428,55916.369,62.4955,-917.0473,25669.7237
56123.0332,27740.2103,53736.5377,41810.9447,36473.8852,38968.0713,5902.9162,50321.728,44379.9198,55910.1105,51.5431,-925.0045,25666.7286
56140.0205,27743.116,53732.7379,41816.7561,36488.8608,38968.9654,5900.9492,50334.7814,44388.4581,55918.9618,59.2768,-916.9132,25666.3263
56156.069,27751.0732,53731.9779,41822.5229,36504.4624,38970.3959,5899.5634,50354.9427,44391.8556,55922.9851,70.0057,-910.2076,25667.8015
56149.2741,27750.6262,53734.7496,41821.1371,36498.4274,38972.1841,5897.2389,50352.1264,44388.4134,55921.2416,68.5304,-909.4477,25664.5828
56131.2586,27744.0995,53737.9682,41813.1799,36478.6237,38967.7584,5897.6412,50329.2382,44373.706,55914.6255,57.2205,-919.8636,25662.6606
56125.9389,27743.4289,53741.6786,41812.4646,36473.3934,38974.1063,5900.8598,50322.3985,44371.4708,55914.5361,56.7734,-923.1716,25664.7617
56150.347,27750.0451,53746.2384,41823.3722,36502.0931,38987.2491,5905.7325,50349.8465,44384.4795,55920.3923,72.2408,-910.0735,25672.3613
56169.0778,27754.5154,53747.5795,41835.3528,36522.7461,38991.6748,5908.5041,50362.4529,44403.9702,55924.6838,83.819,-894.919,25675.1776
56168.7201,27758.1364,53748.8759,41836.4704,36514.7442,38993.6417,5912.6168,50358.966,44408.7982,55930.227,83.9978,-896.126,25679.5138
56151.4646,27757.1976,53749.6805,41823.8193,36490.2914,38988.8585,5915.0755,50344.6609,44393.7778,55929.6012,70.8103,-903.368,25676.3846
56137.0701,27750.0451,53750.1723,41815.3256,36474.7345,38981.5271,5913.645,50339.0729,44385.9547,55923.6556,64.0601,-903.6362,25674.8199
56162.1487,27753.219,53751.6028,41831.4636,36493.957,38991.183,5916.9084,50359.413,44400.4834,55931.0317,79.0358,-891.3428,25682.8219
56181.3265,27761.2209,53750.9769,41839.0632,36516.3982,38991.5407,5917.6236,50370.6336,44415.2802,55938.4972,89.407,-882.4021,25685.37
56178.5996,27759.7904,53750.0381,41839.5102,36505.9376,38981.4824,5914.8073,50363.1681,44408.2618,55932.0152,84.4002,-891.8345,25682.1066
56148.2906,27748.3463,53746.6854,41826.3227,36478.2214,38969.9489,5909.9793,50344.1691,44389.6204,55926.7849,65.3565,-910.3864,25676.0716
56132.8679,27741.6408,53743.9138,41817.1138,36470.8453,38969.1889,5901.6645,50333.038,44381.8867,55923.298,56.5052,-920.7129,25667.3545
56143.2838,27746.2453,53742.528,41818.4996,36492.8395,38977.772,5902.4692,50352.484,44392.4814,55924.8179,68.6646,-916.1532,25666.7733
56160.0477,27747.184,53740.7398,41827.0826,36505.7588,38976.7438,5901.888,50361.2459,44399.5446,55926.1143,80.7345,-911.5934,25665.924
56155.7561,27746.6923,53736.8953,41823.7299,36495.3876,38967.0432,5896.5683,50348.5054,44391.945,55924.7732,73.4478,-913.918,25664.2699
56141.0934,27744.6359,53732.7379,41813.5822,36474.6451,38960.427,5893.0814,50325.9301,44368.6545,55915.162,54.7171,-929.6536,25655.821
56131.8398,27735.0247,53731.8438,41813.3587,36463.9163,38959.4883,5895.853,50324.0079,44370.9791,55913.642,51.4984,-931.8888,25654.8375
56156.0243,27745.083,53734.1684,41828.5578,36483.1835,38968.116,5901.7986,50349.2206,44392.8391,55919.8558,73.0902,-918.2096,25664.0017
56174.621,27749.598,53739.2199,41835.8892,36507.5022,38976.2968,5903.5867,50364.0175,44402.9868,55924.2815,80.8239,-910.2076,25670.439
56171.6259,27755.633,53747.8477,41837.6774,36504.82,38975.6709,5907.6995,50361.6035,44406.5183,55927.1425,80.1533,-906.2737,25673.8365
56150.1682,27749.7321,53742.8409,41824.3557,36481.753,38963.9139,5908.5041,50348.4607,44390.4698,55914.402,59.0533,-920.2659,25667.3098
56137.4724,27752.5485,53743.8691,41816.175,36471.7841,38965.0315,5907.6548,50354.138,44390.3357,55921.1969,52.0349,-921.7858,25669.0085
56150.6599,27766.4065,53751.3345,41830.1225,36490.1572,38981.3483,5910.0688,50389.8114,44414.1626,55933.5351,71.3468,-905.1561,25677.5916
56168.3178,27773.3803,53754.1956,41842.0583,36515.7723,38991.7195,5910.2476,50408.5422,44423.0139,55937.6478,87.4847,-895.3661,25679.1115
56163.8474,27764.0373,53754.1062,41842.863,36513.9842,38992.1218,5908.1912,50403.5801,44416.6213,55935.1891,83.0144,-899.0765,25676.0716
56141.2275,27751.8779,53748.6076,41837.3644,36495.5664,38981.0354,5901.1728,50379.619,44392.8391,55921.5546,63.8366,-913.6051,25671.4672
56126.1624,27744.7701,53745.7466,41836.3363,36481.5295,38974.6428,5897.8647,50366.7444,44389.0393,55916.1454,60.0815,-916.4214,25670.0814
56143.4627,27749.7321,53745.8807,41844.6958,36499.4109,38978.3978,5899.8764,50382.6588,44395.6554,55918.2912,74.1631,-904.3962,25671.8695
56159.4665,27751.2968,53743.8244,41850.7755,36518.6781,38977.325,5893.2155,50389.4985,44395.6554,55920.7499,85.5178,-901.2669,25669.9026
56150.1682,27737.1705,53739.354,41841.2536,36505.8035,38975.6709,5887.27,50380.9601,44385.1501,55916.5031,78.6781,-909.5818,25666.6839
56127.28,27725.4581,53732.6485,41819.3489,36473.7064,38958.8624,5878.4634,50347.0749,44367.7604,55908.5906,54.4488,-929.5642,25657.1174
56122.2285,27727.5145,53733.1849,41810.9,36461.0106,38959.6224,5877.3458,50328.2547,44360.742,55900.5439,44.4353,-934.7051,25655.2398
56136.2207,27741.5961,53736.3142,41824.4451,36480.9036,38975.4474,5884.2748,50357.4014,44380.2327,55907.92,64.6412,-918.2096,25662.2136
56152.5375,27750.9838,53740.4269,41835.621,36498.7403,38984.0752,5886.957,50385.2069,44402.3162,55923.298,82.8803,-908.6877,25668.3379
56153.6551,27759.7457,53740.4269,41839.242,36498.338,38985.4163,5889.3263,50386.2798,44400.9751,55920.8393,77.2476,-911.2358,25667.2204
56141.3169,27757.0188,53742.0362,41826.5015,36473.0358,38982.5106,5891.2039,50374.8357,44388.8605,55911.4069,61.065,-923.2163,25664.8958
56139.1264,27758.047,53746.4619,41819.7513,36463.6928,38985.7739,5892.6344,50366.0738,44383.5855,55912.6586,58.9192,-927.1502,25665.8792
56155.5773,27771.1451,53749.3676,41828.379,36491.8113,38992.3453,5895.5848,50385.6093,44394.7613,55921.9569,76.7112,-908.9112,25667.8909
56176.0068,27777.1354,53753.4356,41840.2702,36515.817,38997.665,5896.8812,50408.0057,44402.4503,55931.1211,87.3059,-899.747,25674.06
56174.6657,27775.6155,53751.5134,41838.7055,36509.0221,39000.839,5895.4507,50401.2555,44397.2647,55927.2319,79.8851,-902.0716,25671.8248
56160.2712,27773.7379,53750.5746,41831.2401,36485.5081,38999.2744,5895.2272,50383.24,44386.1336,55918.2912,67.7705,-910.1629,25668.785
56153.208,27771.1898,53748.5629,41824.0875,36475.4498,38996.6816,5891.7403,50361.7376,44377.5952,55912.6139,58.4722,-916.7343,25666.6839
56159.6453,27767.5241,53747.5348,41826.725,36496.9522,38998.0227,5895.0931,50370.7677,44383.3619,55915.8325,69.961,-913.3816,25670.5731
56173.0117,27768.5076,53745.3443,41833.7435,36514.3865,38999.2744,5896.5236,50379.8425,44378.534,55916.6372,82.0756,-904.5303,25669.0979
56161.2546,27761.0421,53743.3773,41821.0477,36502.3613,38989.7525,5895.9872,50365.2245,44370.9344,55911.1834,73.1796,-909.403,25660.4701
56132.3762,27753.2637,53740.561,41803.9262,36480.8589,38973.5252,5893.752,50329.3723,44351.846,55903.7626,53.6442,-923.8422,25653.2729
56109.5327,27744.8148,53735.9565,41796.1925,36464.4527,38965.7468,5890.7568,50308.764,44340.6254,55896.7888,45.1058,-930.9053,25651.7082
56111.2314,27741.1044,53727.597,41793.4209,36473.0805,38960.9188,5887.0912,50313.4578,44343.9782,55898.8452,51.5431,-922.4117,25653.5858
56129.8728,27745.4406,53726.6582,41799.5453,36493.063,38957.0296,5887.1806,50320.4763,44349.6555,55903.1814,62.0037,-913.3369,25658.5032
56113.9584,27744.0995,53724.2442,41796.5055,36485.2399,38947.9995,5885.303,50300.4938,44337.9432,55897.817,60.752,-921.8752,25659.0396
56084.6776,27741.7749,53722.4561,41783.4073,36462.9775,38943.9315,5884.2301,50264.8652,44317.2008,55887.6693,45.0164,-935.8227,25652.6023
56077.1227,27741.9537,53724.6019,41781.8427,36460.2059,38941.294,5892.4556,50252.1694,44302.3592,55885.5683,42.4236,-936.9403,25653.8987
56090.1761,27754.7389,53724.6913,41794.5832,36481.7977,38944.3785,5895.0931,50268.8438,44311.0317,55890.8433,61.065,-922.6352,25656.5362
56102.2013,27768.15,53724.1995,41808.933,36500.8414,38943.9762,5898.8929,50277.1586,44326.6779,55895.8054,73.8055,-912.7557,25658.682
56100.3238,27773.8273,53725.5406,41813.2246,36493.2418,38946.7031,5904.6149,50267.458,44319.123,55891.9609,71.7044,-911.5487,25659.7996
56082.4424,27772.3074,53724.9595,41801.6016,36469.4595,38944.8255,5905.8219,50236.2549,44303.2086,55891.2456,57.7569,-920.8024,25655.0163
56062.9517,27775.4366,53730.1451,41789.1741,36451.9805,38938.2541,5902.6033,50222.7098,44293.4632,55889.2787,50.202,-928.5361,25656.1339
56080.8778,27779.9964,53732.6485,41801.0205,36472.6782,38950.3241,5904.2573,50235.4503,44300.9734,55891.1115,62.9425,-918.299,25659.0843
56102.7825,27783.3939,53737.3871,41819.1254,36490.7384,38957.6554,5909.4876,50260.1713,44318.5866,55898.7558,76.8006,-903.0998,25664.1805
56094.3335,27778.8788,53738.5494,41814.6104,36478.6237,38954.8391,5910.1135,50248.906,44310.54,55893.3914,74.6995,-912.4875,25659.0843
56075.2898,27774.3191,53738.3705,41794.6726,36445.5432,38945.7196,5905.956,50217.8818,44287.6071,55882.0367,54.3147,-934.571,25652.6917
56061.2082,27771.4133,53740.3375,41786.9389,36429.2264,38941.7857,5900.5022,50203.0402,44278.0852,55880.3827,48.1904,-942.8859,25649.6519
56080.6543,27778.7447,53741.0975,41808.0389,36453.2769,38950.5476,5903.1397,50216.2278,44292.5245,55883.3331,65.4459,-928.4467,25657.028
56089.7291,27781.5163,53739.2646,41817.0691,36471.0689,38951.9781,5903.4526,50227.046,44304.1921,55884.3613,80.511,-912.4875,25662.3477
56083.3365,27774.0061,53733.8108,41815.4597,36460.7424,38944.8255,5902.1562,50208.9858,44298.8724,55884.3166,76.2194,-918.8354,25658.0114
56064.114,27760.3716,53724.7807,41801.3781,36430.2993,38930.431,5894.5119,50176.9334,44280.7674,55873.4983,54.4935,-935.6886,25651.2612
56052.044,27751.9673,53717.5834,41792.7951,36417.6482,38928.2852,5888.0746,50164.1482,44265.3447,55863.3953,40.9484,-942.6624,25643.2146
56067.3773,27757.9576,53718.4328,41803.6133,36437.0942,38938.3435,5889.2816,50186.5447,44270.3515,55864.3341,51.6772,-931.3971,25645.4945
56083.113,27763.5455,53720.7574,41815.2809,36454.618,38942.8139,5889.2816,50205.633,44280.2757,55871.7102,68.1728,-920.5788,25652.9152
56083.3365,27764.0373,53720.8021,41817.0244,36449.343,38941.0704,5891.1592,50191.1044,44280.4098,55877.7004,68.754,-920.1765,25654.1222
56062.147,27752.8614,53718.7457,41807.5472,36428.377,38927.9276,5888.5664,50167.948,44263.646,55868.2233,51.9902,-931.8888,25648.6684
56052.3123,27744.2783,53716.7341,41799.2324,36418.0058,38925.6924,5885.3477,50154.4476,44260.1591,55857.4498,47.1175,-938.0132,25644.9133
56069.2549,27743.7866,53716.1976,41809.693,36433.205,38929.4922,5885.5265,50172.8207,44271.2456,55867.3292,59.5003,-926.7479,25650.8142
56092.9924,27748.7487,53716.1529,41820.0195,36451.7123,38930.878,5884.9901,50183.1472,44279.9628,55878.2816,71.2126,-919.8189,25654.9269
56090.6231,27743.0266,53715.3929,41815.5044,36439.5529,38927.0782,5881.995,50170.809,44265.5683,55872.8278,62.9425,-926.2115,25650.7695
56074.5746,27734.5777,53713.2025,41801.0652,36410.4956,38920.5962,5879.9833,50142.0647,44251.6655,55858.2991,44.8823,-941.4554,25643.2146
56066.7068,27733.6389,53709.8497,41793.2868,36398.0234,38912.5943,5874.9765,50119.4,44251.129,55853.9182,40.4119,-947.4456,25640.2194
56086.4657,27741.1044,53711.1908,41796.6396,36412.4626,38919.5234,5874.7083,50142.3329,44262.3049,55859.7296,52.2584,-937.7897,25642.544
56106.8058,27746.9158,53713.0684,41804.5074,36428.6005,38922.1162,5879.1339,50165.8469,44272.1397,55868.3127,67.7705,-927.0608,25645.4051
56104.8388,27744.0995,53714.7224,41803.8815,36422.8785,38914.1142,5882.5761,50156.7274,44262.6178,55865.9434,66.5635,-927.642,25642.1864
56088.7456,27732.2084,53710.6991,41781.351,36396.727,38905.1288,5874.7977,50127.849,44249.475,55860.8919,43.8541,-948.3397,25634.7209
56084.007,27725.1005,53706.3628,41772.2762,36383.8971,38901.4632,5868.271,50112.4263,44243.1718,55858.2544,29.4596,-960.6779,25628.686
56098.5357,27736.0082,53709.8497,41785.0614,36409.1098,38909.6886,5872.8307,50130.71,44264.9871,55864.2,46.2234,-947.6244,25634.3186
56114.6736,27743.0713,53713.5154,41798.7853,36429.7181,38927.123,5881.1456,50158.8285,44283.4496,55873.0066,66.5188,-928.1337,25644.3769
56117.6687,27749.3298,53714.9906,41799.6794,36432.3556,38930.5204,5883.3361,50164.0588,44283.1814,55877.2534,67.6811,-923.2163,25643.6169
56098.3568,27751.6097,53720.8915,41790.8728,36415.5024,38925.6924,5884.2748,50152.7488,44273.2126,55879.3098,50.7832,-938.952,25641.7394
56087.5833,27746.0217,53717.8516,41790.5599,36409.6016,38928.5088,5885.3477,50139.8295,44270.4409,55877.3875,48.6821,-944.1823,25643.0805
56106.3588,27747.184,53714.5436,41796.0137,36424.0855,38935.5719,5890.4886,50169.9597,44280.8568,55882.3049,66.3847,-929.3407,25648.132
56124.4637,27747.5417,53712.0402,41805.312,36443.6656,38935.0802,5894.0202,50186.187,44287.9647,55878.0581,75.7724,-916.6002,25649.2496
56115.4336,27745.6194,53714.0518,41801.1546,36436.4684,38926.9441,5895.2719,50172.4631,44284.8802,55884.3613,67.3234,-921.2047,25649.4731
56098.0886,27738.5563,53714.633,41797.4442,36412.999,38918.6293,5888.8346,50151.363,44271.1562,55883.646,53.823,-936.1804,25645.0921
56090.489,27732.8342,53717.941,41798.2936,36407.6793,38924.4407,5888.7452,50139.3825,44265.3447,55874.0795,53.7783,-940.0696,25642.7228
56099.6532,27738.1092,53718.6563,41802.4063,36422.8338,38929.8946,5891.4274,50161.3766,44283.5391,55879.7568,65.6247,-931.3524,25647.9979
56126.3859,27753.666,53721.562,41820.7794,36450.4158,38943.4844,5897.4177,50186.2764,44300.6605,55889.3681,78.5887,-916.5108,25652.9152
56124.0613,27759.3434,53724.2442,41817.6055,36446.4819,38948.3571,5896.8812,50189.4504,44298.023,55888.3399,77.4711,-921.16,25655.508
56105.7776,27757.2423,53726.6135,41813.9845,36421.5374,38946.0772,5899.1611,50181.8508,44289.4399,55883.3331,68.0834,-932.2464,25654.4799
56101.3967,27759.5669,53727.2394,41811.347,36417.9611,38943.9315,5901.0834,50169.9597,44290.8257,55884.6742,61.6461,-928.1337,25656.4468
56121.8709,27768.4182,53730.1451,41824.6239,36449.3877,38954.7497,5907.2077,50193.3843,44301.4205,55892.6761,77.7841,-915.3932,25662.6159
56141.2275,27778.1188,53732.2462,41838.1691,36472.6335,38964.7186,5909.4876,50218.8653,44312.9539,55896.5206,99.8676,-902.2951,25669.6343
56141.451,27781.1587,53732.3356,41839.5996,36472.1864,38964.7186,5909.7558,50212.9197,44312.5516,55892.0503,97.9006,-901.401,25669.3661
56128.3082,27779.147,53731.2627,41830.2119,36447.1972,38965.6126,5908.5041,50188.2434,44304.3262,55886.1494,80.0639,-912.1299,25664.0911
56119.0099,27779.5941,53730.7262,41821.7629,36437.7201,38965.8809,5904.1232,50180.5991,44297.0395,55882.439,68.5304,-919.5954,25662.7053
56129.5599,27778.0741,53726.9264,41821.5394,36459.0883,38969.8595,5898.9376,50206.5271,44304.4156,55883.8695,73.7607,-916.3767,25660.2913
56143.2391,27777.8059,53727.5076,41821.7182,36476.8356,38970.083,5896.8812,50224.3191,44313.0434,55890.8433,81.0474,-907.7489,25662.5265
56140.6016,27773.425,53727.597,41814.6104,36463.3799,38961.947,5891.8744,50218.0606,44308.7518,55890.7986,74.1184,-916.6002,25657.9667
56118.6522,27764.1714,53725.4512,41803.6133,36432.9815,38956.672,5887.3594,50197.2735,44292.6586,55880.2933,59.2321,-932.6488,25650.6354
56111.2314,27760.2822,53726.4794,41801.8699,36426.7677,38954.3027,5884.1854,50190.9703,44295.0279,55879.8015,49.9785,-933.2746,25648.9813
56126.9671,27760.148,53727.0606,41812.2858,36456.719,38959.7118,5887.5829,50212.8303,44310.6294,55884.6742,70.0504,-916.9579,25653.854
56149.5423,27768.7311,53725.1383,41821.0477,36479.8754,38961.2317,5889.9969,50231.3375,44328.3319,55892.6314,84.0425,-908.643,25657.475
56132.0633,27763.8584,53721.6961,41815.7279,36474.1981,38953.498,5885.6606,50223.3803,44317.469,55893.2126,76.9347,-916.9579,25658.5032
56109.6221,27760.0139,53722.8137,41807.5025,36451.5781,38942.0092,5885.7501,50200.8051,44305.7567,55884.406,63.2107,-928.7149,25654.3458
56107.2975,27756.1247,53727.8652,41805.2673,36450.0135,38938.2094,5889.2816,50183.1919,44304.0133,55880.9638,62.3167,-931.4865,25654.8375
56121.8262,27758.8964,53725.8983,41810.3635,36471.1583,38938.4776,5890.9804,50205.2307,44312.3728,55885.9706,74.1184,-922.0541,25658.3244
56141.004,27762.0256,53725.943,41815.1915,36491.6325,38948.67,5898.9823,50228.5212,44328.9131,55897.2806,86.3224,-910.0735,25661.4536
56129.4258,27755.186,53723.7972,41807.7707,36482.2894,38939.0141,5897.5071,50224.4532,44326.9461,55896.5206,77.1582,-914.2309,25659.0396
56113.1537,27747.3629,53725.3171,41794.5832,36458.239,38929.7605,5893.3496,50200.1345,44310.4953,55889.7257,59.9474,-928.5808,25655.5974
56108.1916,27746.0665,53726.7923,41789.2188,36447.1078,38925.9607,5893.1708,50185.5165,44313.9374,55892.5867,54.4041,-934.3475,25655.2398
56127.28,27754.9624,53728.044,41798.6512,36469.0125,38932.398,5899.0717,50205.5883,44322.5652,55900.678,65.0883,-921.3835,25657.2962
56139.1264,27764.1714,53729.7428,41804.0156,36487.028,38939.9976,5899.6081,50225.9731,44334.5457,55908.5459,74.7889,-909.1347,25659.0396
56135.0137,27763.2326,53730.1451,41801.5569,36481.4848,38941.7857,5902.0221,50214.4843,44331.9529,55907.2047,71.1232,-915.7509,25657.2962
56114.9418,27755.7671,53730.5474,41789.04,36465.2574,38939.3717,5903.8997,50190.6127,44320.9559,55904.4331,59.0533,-927.9996,25652.6023
56108.8622,27754.3366,53728.8934,41786.4025,36462.6199,38944.5126,5903.1397,50190.6574,44318.1843,55905.5954,59.545,-926.3903,25657.028
56133.002,27763.9478,53730.5921,41799.3665,36492.303,38955.6885,5907.2971,50220.564,44327.7955,55912.5692,76.6665,-909.2242,25663.0182
56153.0292,27768.0159,53737.3424,41818.4102,36523.2378,38964.1821,5916.4613,50247.6543,44348.672,55915.8325,96.3807,-891.1192,25670.0367
56145.6978,27768.9099,53737.4765,41822.4782,36514.7889,38958.6836,5917.3107,50240.5912,44344.2017,55911.0045,96.1572,-895.232,25675.1329
56122.9438,27766.0489,53739.7563,41813.001,36492.5712,38952.6486,5911.9463,50226.8672,44340.3125,55917.7101,82.5673,-910.61,25674.4623
56109.3986,27756.1247,53736.5824,41800.4841,36475.4945,38942.0986,5906.2243,50212.5621,44334.054,55912.6139,72.9114,-924.781,25668.3379
56120.5745,27756.6165,53734.9731,41813.5822,36488.5032,38944.6914,5905.4196,50226.8672,44332.8023,55914.0444,83.7743,-918.3884,25666.1922
56133.8514,27763.8137,53730.7262,41820.1536,36501.9143,38943.395,5897.9094,50242.3793,44339.0161,55911.9433,86.4565,-912.264,25664.4934
56126.4306,27757.7341,53725.5406,41810.0953,36491.7666,38933.4261,5894.959,50236.4337,44337.3173,55908.9929,75.1913,-919.2377,25657.8326
56102.0225,27749.8662,53720.8915,41795.1196,36464.2292,38928.9111,5890.3992,50213.1432,44322.0288,55899.5157,51.9454,-936.0015,25647.1485
56095.1829,27752.7273,53718.4775,41789.04,36453.858,38934.9908,5888.477,50201.878,44315.815,55896.3865,44.8823,-944.0035,25646.3438
56111.0526,27753.5319,53713.9624,41796.3713,36472.0523,38944.8702,5891.7403,50221.8604,44322.8781,55898.3535,62.0037,-930.9053,25650.993
56124.9554,27762.6961,53715.84,41811.5705,36493.3759,38950.2347,5894.7355,50243.5416,44332.4894,55899.3816,72.3749,-914.7674,25653.1388
56124.106,27760.7739,53720.6233,41818.9466,36496.5945,38954.4368,5899.7869,50239.7865,44337.2279,55898.7558,74.1631,-913.8286,25657.028
56113.6454,27760.3269,53726.1218,41815.2362,36480.546,38955.152,5903.1844,50218.4629,44327.9296,55895.2689,63.0766,-925.988,25655.3292
56106.6717,27757.6894,53727.9546,41810.7659,36470.3536,38958.0578,5905.6878,50219.6252,44325.3368,55897.5041,62.0484,-928.7149,25658.7267
56127.3247,27768.3735,53731.4862,41824.2663,36492.6159,38966.1938,5909.3088,50251.0965,44340.8042,55906.4001,83.5061,-908.3301,25665.5663
56143.9991,27773.425,53737.6553,41836.3363,36518.7228,38976.7438,5914.3156,50267.9497,44359.6691,55915.6537,103.5333,-892.0133,25673.4341
56134.0749,27775.5708,53735.1072,41832.3129,36513.2689,38973.704,5911.0075,50252.08,44346.1239,55911.1387,93.8326,-897.2436,25672.3166
56112.8855,27769.044,53731.7544,41814.6998,36483.9882,38964.0033,5903.542,50223.425,44328.1531,55896.163,70.2292,-917.6731,25659.0396
56113.556,27758.8964,53732.3803,41805.2226,36468.1631,38959.6671,5899.027,50214.2608,44328.1531,55897.2806,62.5402,-926.5691,25656.4021
56125.3577,27761.7127,53729.7428,41811.5705,36480.0096,38960.6506,5896.7918,50236.702,44340.4466,55906.1319,75.4148,-916.9579,25660.2913
56128.6211,27761.7574,53728.4911,41819.6172,36498.6509,38958.0131,5891.6956,50257.7573,44347.778,55908.9035,82.8803,-907.2572,25659.5314
56116.8194,27751.565,53725.2724,41806.7425,36486.581,38943.6185,5886.2865,50247.2073,44337.5856,55904.5672,69.2457,-920.6235,25653.9434
56102.2907,27739.3609,53722.769,41788.9506,36457.3896,38934.9014,5881.5032,50218.6865,44323.4593,55898.7111,51.856,-938.5943,25647.9979
56103.9448,27736.5893,53724.5125,41788.4141,36456.4955,38938.6564,5888.7899,50214.0373,44321.2241,55900.7674,46.5363,-937.3873,25650.3224
56130.4986,27742.9372,53726.1218,41794.6726,36476.3886,38944.5126,5892.545,50237.7301,44346.2133,55913.9103,57.444,-924.781,25658.3244
56152.1351,27759.5222,53736.0907,41814.6998,36504.0153,38956.3143,5902.8268,50257.0421,44362.3513,55927.5895,81.8521,-902.161,25671.6907
56151.8669,27760.3716,53738.6388,41819.5724,36504.1047,38952.8275,5906.6713,50261.1548,44360.6526,55930.4506,79.6169,-903.368,25671.5566
56138.2324,27756.1247,53743.1538,41805.7591,36483.0494,38951.1734,5911.7675,50251.4541,44352.1589,55926.8296,63.8813,-915.7956,25669.5896
56128.4423,27757.9129,53746.6854,41802.1381,36480.546,38957.9684,5916.4166,50247.7437,44357.9704,55929.5565,64.3283,-917.3155,25670.4837
56146.6813,27766.4512,53749.1441,41811.6152,36504.373,38964.048,5916.3272,50270.5425,44373.7507,55933.1328,83.9531,-903.0551,25673.8812
56160.9417,27773.3356,53746.1042,41821.6735,36520.7791,38965.9256,5912.3486,50280.8243,44375.6282,55935.3679,86.993,-894.8296,25673.7918
56150.6599,27768.4629,53741.5445,41812.2858,36507.234,38958.0578,5905.2408,50266.3404,44365.5252,55931.0317,74.6995,-909.1794,25669.5449
56125.0001,27753.219,53729.1616,41796.1925,36478.579,38941.1151,5891.8744,50238.9371,44352.4718,55916.5031,54.0018,-933.1405,25655.9551
56115.2101,27743.3395,53719.7739,41788.9506,36464.0057,38936.2425,5881.682,50226.2861,44333.607,55906.5789,41.9319,-949.2785,25641.65
56123.8378,27737.6622,53710.9673,41796.3266,36481.7083,38935.3037,5877.8822,50239.3395,44344.5593,55909.1717,51.856,-938.952,25640.9347
56128.2635,27736.9916,53709.805,41799.9476,36497.3098,38937.8518,5879.9833,50269.6037,44356.2269,55921.5546,62.719,-927.5526,25647.1932
56120.4404,27735.3376,53713.3813,41797.8466,36488.0562,38938.2541,5880.3856,50267.2344,44349.2532,55917.6207,63.3001,-929.7878,25647.6849
56102.0672,27731.3143,53714.9012,41793.7785,36468.3419,38931.191,5879.0892,50242.871,44331.6847,55907.3389,49.755,-940.3825,25645.2709
56093.3948,27729.5262,53712.8448,41791.454,36458.8201,38929.4028,5877.4352,50240.8594,44332.4,55905.7742,44.7482,-944.8081,25643.9745
56125.1789,27737.8857,53715.4377,41809.4248,36488.682,38941.8304,5884.0066,50269.2461,44352.1589,55915.2067,64.9542,-930.7265,25651.8871
56148.9612,27751.6097,53721.9644,41825.9203,36522.1202,38952.0675,5891.9191,50301.7902,44363.2007,55920.8393,82.612,-914.9462,25661.7218
56143.9991,27753.666,53727.597,41827.7979,36526.9482,38958.326,5896.5683,50307.4229,44357.9704,55923.3427,84.0425,-912.6663,25666.8627
56121.245,27748.6145,53729.2957,41819.3489,36503.4789,38957.4766,5894.1543,50291.4637,44349.879,55919.4535,71.2126,-923.5293,25665.2087
56120.8427,27748.7934,53732.3356,41820.0642,36495.6111,38968.5184,5897.4624,50278.9021,44344.1123,55920.6605,67.7258,-927.8208,25663.8676
