FC3,FCz,FC4,C5,C3,C1,Cz,C2,C4,C6,CP3,CPz,CP4
51457.1965,24129.8676,50684.765,37556.4694,33402.89,34984.4098,4552.6922,48523.9774,44116.2586,54632.3955,-3852.7697,-3652.2299,21810.6061
51433.2354,24129.2417,50679.937,37544.0866,33375.8444,34973.5469,4545.9867,48510.7005,44098.4666,54626.8076,-3866.8066,-3666.1774,21804.5264
51418.7962,24120.3904,50680.7417,37535.9952,33361.0475,34970.5964,4541.3375,48501.0892,44085.4132,54621.5326,-3879.4577,-3677.9344,21800.4584
51422.4172,24121.2845,50685.5249,37540.6891,33366.0096,34978.0619,4544.8244,48511.9075,44095.9185,54627.5675,-3873.9145,-3670.1113,21806.1805
51436.9458,24125.0396,50683.6027,37545.9194,33385.6791,34978.196,4544.5114,48532.2475,44102.6688,54632.3061,-3865.6443,-3659.4272,21808.7286
51437.0352,24121.3739,50679.7135,37549.2275,33392.6976,34973.9939,4539.5494,48533.4098,44106.9156,54633.5131,-3864.7056,-3657.2367,21805.644
51422.0148,24116.3224,50675.9137,37536.934,33378.2583,34962.1922,4532.665,48522.9939,44091.9846,54623.9018,-3883.5257,-3674.1793,21794.6917
51404.6699,24110.0192,50672.8739,37524.6406,33353.6267,34954.1456,4526.7195,48505.4702,44078.1265,54615.4529,-3898.7696,-3689.6467,21787.3156
51408.4697,24112.5226,50671.2645,37524.3276,33355.996,34953.8773,4526.4065,48505.5149,44077.9924,54612.5472,-3896.1768,-3687.6798,21787.9862
51433.8613,24115.4283,50673.0974,37537.8281,33378.3925,34960.404,4526.3171,48528.1348,44088.4978,54616.6152,-3882.7658,-3676.5486,21790.4449
51440.0303,24113.7743,50672.1586,37545.6959,33386.1709,34961.2981,4529.7146,48536.7626,44102.6241,54619.0739,-3874.0933,-3666.8479,21794.2446
51427.0663,24109.5275,50669.5211,37534.6541,33374.8609,34958.0348,4529.9828,48523.5751,44091.0012,54609.6861,-3885.3139,-3675.6992,21789.7296
51415.801,24103.4478,50673.9914,37527.8592,33350.7657,34954.8608,4531.2345,48501.5363,44072.2257,54606.5569,-3894.9698,-3686.1598,21787.3156
51421.4337,24105.7277,50680.3393,37528.2168,33355.549,34962.7733,4531.2792,48512.578,44080.5852,54613.933,-3893.137,-3680.7507,21788.8802
51439.4492,24120.9269,50682.9321,37539.1245,33377.7666,34971.6693,4535.6601,48540.3389,44098.8243,54620.415,-3880.7094,-3665.328,21792.0989
51447.1382,24121.2398,50679.4453,37536.4423,33384.7404,34967.7801,4533.9614,48551.1571,44104.8592,54620.9067,-3878.3401,-3662.02,21793.5294
51439.5833,24110.4662,50678.6853,37531.0779,33371.7763,34963.6674,4536.5095,48532.024,44096.0974,54616.4811,-3890.4101,-3669.6196,21790.4896
51416.114,24103.5819,50677.9253,37523.6124,33350.7657,34958.7053,4535.6154,48511.3263,44087.5143,54610.2226,-3901.4071,-3684.7293,21788.9696
51415.7116,24105.6383,50676.0925,37525.3558,33357.3371,34957.1407,4533.3356,48516.0649,44084.5191,54610.9378,-3896.0874,-3681.1978,21790.2213
51426.2617,24108.9016,50671.8457,37529.7368,33368.96,34956.7831,4529.5358,48526.7937,44097.0361,54618.2245,-3883.8834,-3670.8713,21791.786
51435.4259,24109.4381,50670.4152,37539.5715,33373.5645,34960.717,4529.9828,48540.7412,44101.7747,54620.9067,-3874.2274,-3666.4456,21795.0493
51430.0615,24115.6071,50677.3442,37544.1313,33369.2729,34963.9803,4538.3871,48536.9414,44095.695,54620.3703,-3880.5753,-3668.6361,21797.8656
51416.114,24109.1698,50676.1819,37526.9651,33348.2623,34953.2515,4536.1966,48518.4342,44089.1683,54614.7823,-3896.2662,-3676.5039,21796.3457
51424.3394,24111.3603,50680.384,37538.4539,33355.0125,34960.3146,4537.3589,48522.6363,44093.9516,54619.8785,-3888.1302,-3669.7984,21799.1173
51440.5668,24121.4633,50680.7417,37554.1002,33382.5499,34968.093,4541.7845,48546.6421,44103.7416,54629.4004,-3870.4276,-3655.2697,21805.6887
51447.7193,24122.715,50681.904,37552.312,33392.2952,34966.0814,4541.8292,48554.5993,44105.5298,54629.1322,-3864.9738,-3655.4039,21806.7169
51441.9973,24123.7432,50687.8495,37549.9874,33391.0882,34970.1494,4545.4055,48550.9336,44108.4802,54629.1769,-3866.5831,-3658.1755,21807.9686
51426.0381,24123.162,50689.6377,37541.2703,33367.8871,34966.3049,4547.9089,48538.6401,44095.9185,54626.7629,-3876.2838,-3667.9655,21803.7218
51425.0994,24123.4303,50685.4802,37538.8116,33364.5791,34961.9687,4546.9701,48544.094,44095.695,54625.9135,-3876.552,-3669.7984,21802.2913
51441.1479,24125.9784,50681.6357,37549.0934,33380.3147,34967.646,4545.2714,48564.2552,44108.6143,54635.2118,-3864.1691,-3661.1706,21803.7665
51448.0323,24127.7665,50678.0595,37557.2294,33389.5683,34966.0814,4547.9983,48565.8199,44112.6376,54636.4188,-3856.9719,-3657.2367,21804.5264
51435.56,24125.7548,50678.7747,37546.0535,33371.2399,34958.303,4546.1655,48547.8044,44098.6902,54626.897,-3869.1312,-3672.0335,21799.3855
51414.9964,24121.0163,50676.9419,37534.52,33346.9659,34952.6703,4540.2199,48534.0357,44086.1285,54616.3917,-3889.7395,-3685.4446,21793.4847
51420.7631,24118.4682,50673.8126,37532.5978,33352.9115,34954.682,4536.6883,48540.1154,44089.7495,54621.5773,-3886.9232,-3684.1035,21793.3506
51437.214,24125.129,50673.1421,37543.9525,33374.548,34968.093,4541.114,48565.2387,44107.0497,54629.311,-3873.1992,-3667.2503,21797.2845
51445.1712,24131.9239,50674.6173,37541.315,33379.2418,34972.3846,4541.6057,48574.3582,44110.8048,54630.1156,-3869.0418,-3660.3659,21798.3574
51443.2043,24130.404,50679.0876,37540.4656,33373.1174,34973.9045,4544.0197,48560.5896,44109.0167,54624.3042,-3874.4956,-3669.4854,21797.7762
51427.7816,24120.6586,50683.3792,37536.5764,33357.3818,34966.7966,4544.3773,48542.7529,44098.3325,54623.4101,-3885.4033,-3676.6827,21793.9764
51427.7369,24122.0444,50686.7766,37537.5599,33360.6005,34966.5731,4544.6008,48545.6139,44097.4832,54628.8192,-3881.0223,-3673.1064,21798.4915
51441.5056,24126.2466,50686.7766,37549.4957,33377.8113,34970.9988,4546.2549,48560.8131,44115.0516,54636.7317,-3862.7833,-3658.3096,21806.4487
51449.1946,24126.336,50685.7038,37557.3188,33383.4887,34973.1445,4548.7136,48578.2921,44120.0137,54639.6822,-3856.1672,-3656.1191,21807.164
51436.2305,24119.6752,50681.8146,37550.2557,33370.6141,34968.8083,4546.6125,48569.1279,44109.2402,54632.9767,-3864.1244,-3664.9704,21803.3195
51420.0926,24110.1086,50679.3112,37540.4209,33352.1068,34965.3661,4543.7515,48547.3126,44095.4715,54625.3324,-3875.8814,-3682.9412,21798.4915
51422.1042,24111.5838,50677.2548,37541.8961,33358.1418,34963.6227,4543.975,48556.8345,44099.5395,54630.5627,-3872.931,-3681.2425,21800.6372
51441.6844,24123.6091,50679.6241,37556.693,33378.3925,34970.3729,4546.9254,48583.6565,44120.5502,54641.3362,-3860.3693,-3660.5448,21806.8957
51446.8253,24123.6985,50677.2548,37557.587,33385.2768,34972.6081,4547.4172,48590.1386,44120.416,54641.6491,-3860.8611,-3657.7284,21807.1193
51436.3647,24120.6139,50672.2033,37544.8018,33369.5859,34967.199,4542.5892,48575.6993,44105.0828,54634.3625,-3872.7969,-3673.4641,21802.7383
51418.975,24115.6965,50670.7728,37536.1741,33351.3916,34960.5381,4540.4881,48551.1124,44089.7495,54629.6686,-3886.4762,-3685.6234,21797.3739
51420.1373,24115.8754,50672.8292,37537.7834,33351.168,34956.0231,4542.5892,48552.3641,44093.281,54631.6355,-3885.1798,-3679.2308,21795.8093
51442.5784,24122.8491,50678.5065,37541.1361,33364.5791,34961.5216,4542.1422,48576.6828,44112.8165,54638.5646,-3871.8134,-3664.0763,21801.7995
51445.4395,24126.3807,50680.5629,37545.2489,33368.3789,34963.8462,4542.008,48582.8072,44111.833,54637.1788,-3867.1643,-3662.6905,21803.6771
51440.835,24125.5313,50682.4851,37545.83,33365.4732,34967.2437,4546.6125,48570.0667,44103.5181,54631.2779,-3871.3664,-3668.6361,21799.8326
51429.3909,24121.1951,50679.4453,37534.073,33338.204,34958.5265,4543.7068,48544.3175,44089.2577,54623.2313,-3888.3537,-3685.981,21792.3224
51431.179,24130.1805,50681.3675,37535.5482,33339.7239,34960.9405,4542.9915,48541.8588,44088.4084,54623.7677,-3885.3586,-3683.9694,21795.0046
51452.6814,24136.3496,50683.0215,37552.0885,33370.3011,34968.4507,4542.4551,48567.6974,44104.6804,54631.6355,-3867.7901,-3667.1609,21801.7101
51461.2645,24136.0366,50683.6474,37558.794,33380.4935,34971.9375,4542.0527,48582.0025,44109.8213,54632.3061,-3862.5151,-3657.7731,21803.4983
51444.2325,24129.1076,50682.7086,37550.7474,33363.7297,34970.0153,4539.2811,48563.0929,44102.5794,54628.8192,-3874.7638,-3664.8363,21802.7383
51431.6261,24119.0046,50678.5512,37539.7503,33342.0485,34968.6742,4532.218,48539.9812,44087.5143,54619.0739,-3892.377,-3677.1297,21799.1173
51434.3977,24116.4565,50676.5395,37541.8961,33349.5587,34968.3166,4527.9264,48548.9219,44083.4016,54615.3188,-3887.3702,-3679.2308,21794.4682
51447.4958,24121.2398,50675.1537,37548.1099,33363.7297,34971.714,4530.6087,48563.3612,44098.3325,54620.415,-3868.9971,-3667.0715,21798.715
51447.5852,24119.2728,50670.2811,37545.4724,33365.6073,34971.3564,4528.4182,48572.2572,44105.3063,54617.4198,-3865.5996,-3665.9986,21801.576
51441.8185,24110.8686,50674.7961,37542.4773,33353.6267,34972.8316,4531.5027,48567.5633,44100.523,54622.4713,-3869.5335,-3670.1113,21801.7101
51426.3958,24098.7986,50671.3986,37531.7931,33341.0203,34966.6625,4528.8652,48542.7976,44088.9448,54614.4247,-3885.1351,-3682.0918,21793.1271
51419.0197,24097.1446,50666.8389,37531.7037,33345.3566,34968.8083,4524.3502,48550.7548,44088.8554,54609.4179,-3882.9893,-3681.466,21789.5955
51431.179,24106.9347,50665.4084,37541.1361,33363.1933,34973.9939,4527.5688,48584.9082,44094.7562,54613.3071,-3865.8231,-3665.1045,21795.1834
51446.1547,24116.3224,50669.9234,37551.1944,33371.1952,34976.4079,4532.665,48595.0559,44097.5726,54614.827,-3858.8941,-3657.8625,21800.2349
51425.8593,24110.198,50667.1965,37536.0847,33356.8007,34965.9473,4528.0159,48570.3349,44083.2675,54606.1993,-3874.1827,-3670.9607,21795.8093
51401.2277,24103.8948,50665.0954,37521.556,33338.3381,34957.4983,4524.529,48543.1552,44065.4308,54599.2255,-3890.7677,-3690.5855,21788.7461
51402.7923,24106.9794,50660.4016,37518.4268,33342.4509,34950.614,4525.5572,48536.2709,44066.4589,54595.2916,-3886.1632,-3685.7128,21787.7179
51413.6106,24111.4497,50660.1781,37523.523,33362.5227,34950.9716,4526.183,48551.9171,44069.9905,54599.2702,-3875.8367,-3677.0403,21789.8637
51422.1489,24123.2514,50665.9001,37524.5064,33375.0844,34953.1621,4533.872,48555.851,44072.181,54605.8863,-3868.0583,-3669.1278,21794.0211
51419.5561,24125.6207,50666.1683,37518.695,33368.7365,34948.0212,4534.6767,48531.8452,44061.6757,54606.0205,-3877.2225,-3674.4028,21791.4283
51397.7408,24120.6586,50667.7777,37509.9331,33342.7191,34938.7676,4531.7709,48501.1786,44044.1966,54598.7785,-3895.1933,-3691.256,21784.544
51388.5319,24123.3855,50670.4599,37508.3685,33344.999,34942.7462,4533.7826,48500.9998,44040.4862,54600.2984,-3896.5344,-3690.0938,21787.0921
51402.2112,24134.1591,50674.662,37526.1158,33377.7666,34950.2116,4544.0644,48510.6558,44054.7466,54605.7075,-3874.3168,-3674.8946,21798.268
51406.3686,24136.3496,50673.008,37525.177,33379.0183,34948.4235,4543.7068,48508.2418,44052.3773,54604.8135,-3869.6676,-3670.2901,21798.4915
51393.9857,24133.6673,50673.008,37517.8009,33358.41,34944.1767,4542.8127,48491.2097,44035.9265,54596.4986,-3878.3401,-3679.9461,21793.5294
51382.0052,24131.7451,50670.8622,37513.2859,33336.8629,34942.8803,4538.7,48455.0446,44026.2705,54587.4238,-3890.5889,-3693.4912,21787.2262
51381.7817,24135.4108,50666.7495,37519.0079,33338.6064,34948.3788,4537.4483,48455.4917,44024.3483,54587.245,-3891.3935,-3692.6866,21785.3934
51390.5883,24141.9822,50668.9847,37522.2266,33350.274,34951.4633,4542.2316,48472.6578,44032.4396,54596.588,-3880.9776,-3680.4825,21788.8802
51398.7243,24147.3913,50672.3374,37529.0662,33363.9085,34956.6042,4542.9468,48473.4178,44029.4445,54597.5715,-3880.0836,-3679.052,21789.6402
51377.3113,24139.1212,50666.5707,37521.1984,33343.2555,34950.7928,4537.046,48445.344,44008.0315,54589.5696,-3889.8289,-3694.3853,21784.4099
51352.4115,24124.3243,50660.491,37510.4249,33316.0758,34942.0756,4527.6135,48414.588,43989.1666,54576.382,-3903.8658,-3711.5514,21778.7325
51359.3405,24126.0678,50660.938,37512.1683,33321.7084,34939.8851,4526.4512,48414.4539,43989.3007,54574.3704,-3901.2283,-3709.7633,21780.3419
51381.5582,24129.2417,50660.3122,37521.6007,33339.2322,34947.6188,4527.7029,48433.4528,43996.8556,54579.2878,-3886.0291,-3690.1385,21782.7111
51387.012,24129.5546,50664.1567,37524.9535,33343.5237,34951.7763,4528.597,48434.481,44002.0412,54576.7397,-3879.5471,-3682.4048,21783.9181
51373.8245,24125.8889,50664.2014,37516.4151,33326.3129,34943.9532,4531.0557,48407.2119,43992.2959,54569.7212,-3889.516,-3692.016,21782.7111
51355.496,24114.4449,50664.3355,37509.3073,33305.7493,34938.0523,4530.4745,48377.6182,43981.4776,54563.5968,-3899.7978,-3703.6389,21779.6713
51356.2113,24113.372,50666.0789,37509.7543,33307.9845,34938.2311,4531.1004,48374.8913,43982.4164,54564.6697,-3897.5179,-3699.258,21781.5489
51376.6408,24125.2184,50668.9847,37521.1537,33331.3644,34947.0824,4534.0955,48395.6784,43995.0675,54569.1848,-3880.62,-3684.8634,21788.6567
51384.7768,24125.2184,50665.766,37517.8903,33336.1477,34943.4167,4532.218,48399.8358,43995.1122,54571.1964,-3878.7425,-3685.4446,21787.852
51379.0995,24117.7082,50666.213,37514.0905,33321.0826,34936.13,4531.1898,48382.9826,43987.0656,54570.4365,-3893.9863,-3697.3804,21786.6451
51363.1403,24110.4215,50667.5988,37509.3073,33295.4228,34930.1398,4531.3686,48359.5133,43977.5437,54567.3966,-3902.1224,-3703.2813,21784.7228
51369.2647,24104.4313,50666.8836,37508.7261,33297.8368,34928.5752,4531.7709,48360.0497,43982.774,54569.8553,-3896.0874,-3697.1122,21786.0639
51398.6349,24116.3671,50667.0624,37521.7348,33320.6803,34939.304,4533.3356,48376.9476,43995.3804,54574.8174,-3877.5802,-3682.9859,21791.1601
51404.6699,24121.4633,50667.2412,37517.5327,33328.861,34938.1417,4532.1286,48377.5288,43998.0179,54579.2431,-3874.5403,-3680.0802,21791.5624
51391.7506,24114.6237,50665.0507,37509.3073,33316.344,34932.5538,4528.2841,48364.4307,43988.4961,54575.0409,-3880.9776,-3689.0209,21789.372
51375.5679,24111.8968,50667.8671,37500.9924,33296.0933,34934.2078,4530.0275,48344.3141,43987.2444,54573.3422,-3887.7279,-3693.8488,21786.8686
51387.3696,24110.3321,50665.7213,37501.1712,33298.4179,34931.8385,4529.9381,48345.8787,43988.6302,54572.8505,-3887.1467,-3691.7478,21787.3156
51402.0324,24106.1747,50663.9779,37501.6183,33320.0544,34931.7938,4528.9546,48365.1459,43997.6603,54575.0856,-3881.6482,-3680.6613,21793.3059
51411.0625,24104.8783,50660.3569,37511.0954,33328.9951,34931.9279,4527.837,48368.1858,43996.0957,54576.2032,-3873.6463,-3680.5272,21794.0211
51406.5027,24107.2923,50659.284,37509.2179,33318.1322,34928.2175,4524.9313,48351.7796,43987.2444,54574.0575,-3880.1283,-3690.0043,21790.6237
51389.4707,24103.2243,50655.7077,37491.7388,33295.3334,34918.2039,4519.2093,48335.9098,43976.3367,54571.5094,-3898.6355,-3704.3989,21785.1698
51395.7739,24102.7325,50658.3452,37495.0022,33304.0953,34920.6179,4517.1976,48344.8505,43980.3153,54572.6269,-3893.6287,-3699.8838,21784.0075
51413.1635,24107.8287,50661.4298,37502.6911,33322.6472,34928.1281,4520.5951,48370.0186,43993.9052,54579.6454,-3880.7094,-3684.8634,21789.1037
51418.7962,24116.5906,50664.112,37509.7096,33334.3148,34934.7889,4525.8254,48385.0837,43998.912,54586.7085,-3875.9708,-3677.845,21794.1105
51399.0819,24112.8802,50666.4813,37496.3433,33319.1156,34931.5703,4527.6135,48372.1197,43991.1336,54583.624,-3886.1632,-3684.774,21789.9531
51383.7934,24105.5042,50666.8836,37488.386,33301.6366,34928.754,4529.804,48349.2315,43984.1151,54576.8291,-3896.4003,-3693.1336,21786.2427
51391.7506,24105.2359,50668.0906,37497.7291,33313.5724,34932.1514,4534.7661,48356.9652,43990.5971,54575.7115,-3888.3537,-3688.4397,21790.2213
51408.7826,24110.4215,50668.18,37509.039,33331.9455,34933.4031,4537.046,48378.244,44006.9586,54584.7863,-3868.863,-3676.7274,21797.0163
51409.632,24112.5226,50662.145,37509.7096,33335.6112,34926.5188,4535.079,48384.3237,44008.702,54586.485,-3869.6676,-3675.6545,21795.3622
51392.5999,24106.0853,50664.6484,37503.2276,33319.7862,34924.7307,4533.2015,48358.5298,43998.8226,54582.3276,-3876.6414,-3682.5389,21790.3107
51383.9275,24101.0338,50665.4084,37498.3102,33302.2624,34925.6694,4532.218,48343.2412,43987.7361,54580.003,-3884.241,-3692.8207,21789.5508
51395.5504,24105.8618,50664.0226,37501.6183,33307.2692,34932.375,4528.7311,48352.8972,43984.6963,54577.8126,-3882.5423,-3690.0491,21782.7111
51417.008,24114.4896,50668.1353,37521.3772,33337.5782,34944.2661,4537.8059,48385.3966,44004.0529,54585.1439,-3864.795,-3672.123,21789.2826
51422.1489,24124.1902,50669.2082,37528.038,33346.653,34947.44,4543.5727,48400.4617,44012.2783,54589.2566,-3860.9058,-3665.0151,21795.2281
51414.7282,24128.1688,50670.2811,37523.1206,33334.4042,34943.2826,4543.1256,48392.2362,44005.7516,54589.2119,-3869.3547,-3676.2804,21792.4565
51400.1548,24125.8442,50669.6105,37514.1352,33316.9699,34937.6947,4541.0693,48373.5949,43997.0344,54583.9816,-3883.4363,-3686.741,21786.7345
51401.3618,24132.0133,50670.3705,37516.6833,33322.5131,34942.8356,4544.1538,48389.6881,44002.98,54583.6687,-3877.4014,-3680.3037,21788.8802
51413.9235,24139.3,50674.5279,37530.9438,33345.5801,34952.3127,4548.5348,48414.6327,44022.1578,54586.1274,-3862.8727,-3669.0831,21796.2563
51428.2733,24146.4972,50678.9535,37536.7999,33354.9678,34958.9288,4548.8924,48431.8882,44027.2093,54587.6026,-3857.0613,-3667.1162,21798.715
51421.4784,24145.4244,50676.2713,37533.0448,33344.7307,34961.7004,4544.6903,48418.5666,44021.1743,54582.417,-3863.7668,-3674.8946,21794.1552
51415.5775,24142.0269,50681.144,37527.4122,33326.5364,34966.3496,4543.975,48403.8591,44011.1607,54578.5278,-3875.0768,-3678.5156,21794.1105
51421.2102,24138.3165,50680.2499,37519.9467,33318.4451,34966.6625,4543.2597,48409.0894,44010.7584,54579.109,-3875.8814,-3678.0685,21793.9764
51447.1382,24140.3282,50681.4122,37529.6026,33339.7686,34970.1047,4542.008,48428.0437,44023.2307,54587.692,-3861.174,-3665.5068,21798.268
51447.3617,24138.9424,50681.0993,37543.7289,33356.8454,34975.8267,4540.6669,48439.2643,44032.529,54588.7202,-3849.3276,-3661.26,21798.1339
51435.8729,24132.5945,50681.2781,37532.7766,33345.2225,34968.3166,4539.5046,48427.0155,44025.9129,54583.5793,-3857.2848,-3672.6594,21794.2446
51424.7417,24126.5148,50680.2946,37521.9136,33328.7269,34957.1854,4538.3871,48417.6278,44010.0431,54581.5229,-3872.7969,-3682.3601,21791.8307
51430.0168,24130.851,50681.3675,37521.1984,33334.5383,34957.7218,4538.6553,48424.1098,44013.8429,54582.1041,-3872.3499,-3678.8285,21793.5741
51448.971,24138.0483,50690.0847,37528.4851,33363.5956,34968.4954,4542.7233,48442.7512,44038.6087,54592.4753,-3857.8659,-3661.5282,21801.1737
51447.4064,24145.7373,50693.7057,37526.2946,33371.9552,34971.1329,4548.1771,48451.9601,44047.147,54599.3596,-3852.3227,-3656.9238,21805.8676
51436.1858,24138.54,50688.8777,37516.9069,33347.7259,34962.2816,4544.2879,48437.4762,44036.5076,54596.7668,-3865.8231,-3668.4573,21803.0065
51418.528,24133.9803,50689.4588,37505.0604,33327.9669,34949.1388,4540.5328,48416.7337,44026.8517,54591.0448,-3882.4081,-3681.2425,21798.1339
51421.4784,24134.6508,50691.8728,37505.9098,33332.482,34948.0659,4543.975,48422.3664,44034.8089,54598.6891,-3881.9164,-3676.4592,21800.4584
51439.7174,24140.4176,50692.0069,37521.3772,33357.1136,34956.5595,4550.4123,48439.4878,44049.1587,54607.8533,-3864.2138,-3663.6293,21805.8228
51441.2373,24148.0619,50689.6377,37527.9933,33367.8424,34955.4867,4552.7369,48437.8338,44042.9896,54608.6133,-3861.1293,-3659.9189,21805.8676
51431.6261,24144.2174,50688.6989,37519.0973,33347.86,34944.0873,4552.8263,48425.0486,44029.1315,54604.1429,-3871.724,-3667.9208,21801.0396
51421.5231,24141.9822,50686.8213,37508.6367,33332.6161,34942.4779,4554.3462,48413.381,44027.2987,54600.2537,-3881.5588,-3677.3086,21797.0163
51420.8972,24139.0318,50679.9817,37506.0886,33336.7735,34943.819,4551.9769,48421.1147,44037.4464,54602.4442,-3877.6249,-3675.6992,21797.6868
51434.4871,24145.1561,50679.5347,37514.1352,33360.7346,34942.9697,4551.5299,48438.3255,44048.0411,54608.5685,-3863.1409,-3666.8479,21800.5925
51448.3005,24152.9346,50684.2732,37525.937,33371.7316,34957.4536,4555.6873,48447.9368,44052.2879,54610.1332,-3856.5248,-3660.3659,21802.8277
51442.9361,24149.0901,50683.1557,37520.5725,33359.17,34955.6655,4555.1062,48439.2643,44044.0178,54605.037,-3866.3596,-3669.8878,21799.475
51424.9206,24135.9919,50680.9205,37509.3073,33344.8201,34945.9648,4552.6922,48411.9058,44035.4347,54602.4889,-3875.5238,-3677.7109,21797.3292
51426.1723,24132.8627,50676.0925,37506.7145,33341.8697,34945.339,4547.0595,48415.6609,44036.5523,54603.1594,-3876.3732,-3674.8052,21796.4798
51443.8301,24134.6508,50678.73,37515.6999,33358.6335,34952.715,4546.7019,48443.0194,44048.3093,54604.1429,-3867.2537,-3665.328,21799.3408
51447.0041,24132.7733,50681.144,37522.4054,33365.3837,34953.6091,4551.5299,48448.652,44055.1937,54603.2488,-3860.5034,-3660.9471,21802.6936
51433.0566,24129.197,50679.9817,37513.2412,33351.928,34952.3574,4550.6805,48429.1613,44048.3093,54599.4043,-3871.4558,-3673.3747,21800.0114
51414.2811,24121.508,50679.6688,37494.3763,33323.7648,34946.7695,4543.3491,48406.1837,44028.1481,54590.9554,-3890.9018,-3688.1268,21792.6353
51425.7699,24125.0843,50682.4404,37509.5755,33337.6676,34951.821,4546.5231,48411.9058,44039.6816,54594.7552,-3881.0223,-3676.0569,21798.0444
51438.5998,24133.4438,50683.6027,37524.6853,33368.6024,34963.3992,4550.01,48435.688,44051.8409,54605.1264,-3864.3926,-3659.4272,21807.8792
51446.7806,24140.4623,50684.8097,37533.4471,33378.0348,34969.0765,4555.732,48439.5772,44057.7865,54610.8931,-3856.2119,-3653.3028,21809.8909
51434.1742,24134.2932,50685.972,37523.6124,33360.6005,34963.0862,4553.7204,48428.3119,44049.8739,54608.9709,-3863.9903,-3660.2765,21805.8676
51411.2413,24120.9269,50678.8194,37510.8272,33337.2653,34955.9784,4547.4172,48418.9689,44039.3239,54596.141,-3880.3965,-3676.5039,21796.4798
51412.4483,24118.6917,50673.3656,37511.766,33345.4013,34954.4138,4547.9536,48422.9028,44043.0343,54595.2022,-3874.7191,-3675.0287,21799.8773
51430.732,24127.3195,50674.8855,37529.2003,33368.5577,34961.2087,4552.0663,48449.2332,44055.7748,54603.9194,-3858.5812,-3661.9753,21803.9006
51432.9225,24125.129,50674.9302,37530.6755,33371.8657,34962.1922,4550.8146,48449.2332,44056.1324,54602.0418,-3857.3742,-3663.8528,21801.2631
51418.0809,24113.5955,50673.5444,37518.3821,33350.274,34955.3972,4549.2947,48422.0535,44045.7165,54595.8281,-3870.8746,-3678.292,21796.4351
51407.1733,24105.5489,50675.0643,37513.7776,33329.7551,34952.3127,4548.3559,48396.8407,44035.2112,54591.3577,-3884.0622,-3689.6914,21792.0542
51411.8224,24108.7675,50678.2383,37516.4598,33340.6627,34959.2865,4547.0595,48409.8047,44034.943,54589.1672,-3877.8931,-3681.466,21794.6917
51426.7087,24112.4779,50683.558,37525.2664,33362.3439,34959.6888,4547.2831,48430.86,44048.5775,54593.6376,-3866.002,-3670.4242,21798.9832
51429.7038,24115.1601,50681.0546,37525.3558,33366.5013,34954.2797,4546.7913,48431.4859,44044.733,54595.8281,-3868.5501,-3669.2172,21799.1173
51426.7087,24113.7743,50684.2732,37517.9797,33352.9562,34951.2845,4549.9653,48411.2352,44044.6883,54593.28,-3878.7872,-3674.9393,21799.3408
51409.1402,24110.8686,50684.7203,37503.4958,33336.1477,34949.7646,4549.0712,48399.7464,44037.804,54591.0895,-3883.3469,-3682.4495,21796.6586
51418.1256,24121.2845,50686.7766,37511.4977,33353.7608,34957.6324,4555.9108,48423.2605,44042.0508,54598.0185,-3871.8581,-3670.5136,21800.2349
51443.696,24128.6606,50691.7834,37532.1954,33379.6889,34969.7024,4566.1479,48449.0097,44055.3278,54610.0438,-3854.1108,-3650.8888,21808.4604
51446.0653,24130.7616,50690.3529,37530.8543,33380.5829,34965.7238,4561.3199,48451.6472,44054.5231,54606.9145,-3858.2683,-3651.4699,21806.1805
51443.6066,24126.783,50690.3082,37530.2732,33363.0592,34956.5148,4557.2519,48435.9115,44044.1519,54597.9738,-3866.4043,-3663.4058,21801.7101
51427.6922,24120.1222,50688.073,37516.9069,33343.2555,34951.9998,4557.0284,48413.9174,44032.1267,54595.2022,-3880.0836,-3675.0734,21798.7597
51425.01,24120.3904,50684.3179,37510.0672,33344.4178,34954.682,4556.179,48420.1312,44037.7593,54597.8844,-3878.8766,-3669.3066,21799.3408
51448.9263,24133.8909,50688.9224,37523.2548,33364.132,34964.5615,4561.3199,48444.5393,44060.5134,54610.2673,-3858.4471,-3654.7333,21809.5332
51450.4015,24133.3544,50686.8213,37519.4103,33363.9085,34961.8345,4556.8496,48447.0874,44071.734,54613.5306,-3856.2119,-3656.8344,21808.7286
51444.5901,24129.1523,50686.866,37515.3869,33350.4081,34955.1737,4552.7816,48437.9232,44054.3443,54608.0321,-3871.6346,-3666.8032,21801.1737
51431.5367,24124.1008,50686.1061,37509.6202,33334.0019,34954.9502,4552.3345,48423.6181,44046.0742,54610.6249,-3881.9611,-3673.777,21802.0678
51428.0498,24121.3292,50681.8146,37508.1003,33335.7453,34954.8161,4553.0498,48429.8766,44043.3472,54611.6531,-3881.0223,-3673.4641,21803.1853
51444.0089,24124.0561,50679.6688,37515.2975,33359.4382,34953.922,4554.3909,48452.3624,44058.6805,54615.0506,-3867.1643,-3660.5448,21803.4536
51453.1285,24123.8773,50681.591,37520.9749,33370.8376,34953.475,4556.4473,48463.8512,44062.7486,54618.6715,-3857.3295,-3655.1356,21805.2864
51447.9429,24126.4701,50682.6192,37521.1537,33358.2312,34953.028,4557.2072,48457.2798,44060.111,54616.0787,-3869.3547,-3662.0647,21804.7947
51427.3793,24124.7714,50680.7417,37513.867,33341.9144,34951.3292,4553.0945,48443.4217,44052.5562,54606.6016,-3885.0456,-3675.5204,21795.4516
51429.3015,24126.6042,50682.9768,37519.6785,33350.4975,34955.0396,4555.8661,48440.1137,44056.6689,54610.5802,-3879.9495,-3671.7653,21797.6421
51452.9496,24135.7237,50688.7436,37533.0895,33375.7997,34960.5381,4558.593,48458.4868,44069.4988,54622.6501,-3864.3479,-3653.3028,21808.4157
51452.4132,24137.9142,50686.0614,37527.3228,33377.8113,34956.2019,4556.0896,48467.1146,44072.7621,54621.6667,-3861.3975,-3651.5594,21808.3262
51435.8282,24132.4157,50682.0381,37523.1653,33360.5111,34951.9998,4556.0896,48459.1126,44071.5104,54618.448,-3869.2653,-3661.9306,21805.2417
51418.4386,24127.0512,50681.2334,37515.3422,33342.9426,34949.6752,4555.9555,48440.7395,44060.6028,54612.726,-3882.3634,-3675.2969,21803.2748
51426.1723,24126.783,50684.4968,37516.3257,33351.5257,34954.4585,4556.2238,48453.8376,44065.2072,54618.5821,-3874.1827,-3668.8596,21808.8627
51444.9924,24133.8462,50685.4802,37524.2382,33369.6306,34957.8559,4554.1674,48476.9046,44071.8681,54620.9961,-3864.9738,-3658.846,21809.4438
51448.9263,24129.4205,50682.4851,37528.798,33377.4984,34957.4983,4553.4521,48482.2243,44073.1198,54622.2925,-3863.2303,-3656.7897,21808.6392
51433.1907,24122.1339,50679.6688,37529.1556,33363.4615,34952.0445,4553.9886,48468.5451,44073.2092,54619.9679,-3866.1361,-3664.7022,21807.3428
51415.6669,24116.68,50675.6902,37517.8456,33348.8435,34950.8822,4550.1888,48449.9037,44062.0333,54613.2624,-3880.3071,-3676.2804,21800.2349
51422.1042,24119.2281,50679.937,37520.4384,33359.2594,34954.2797,4550.3676,48454.2847,44066.6825,54616.4811,-3876.6861,-3671.7653,21799.5197
51436.0517,24125.8442,50681.904,37535.4141,33383.3545,34958.8841,4554.3909,48482.3138,44080.2276,54619.0292,-3866.002,-3660.8577,21801.3525
51430.732,24124.1455,50676.5842,37531.3461,33378.1242,34954.4585,4549.9653,48484.5489,44078.2607,54618.1798,-3869.0418,-3661.7517,21798.268
51419.5561,24123.0279,50672.9186,37517.935,33358.2312,34951.0163,4546.389,48466.2205,44069.4988,54610.9378,-3881.2011,-3671.3183,21791.6518
51416.2928,24119.2281,50674.7961,37512.66,33346.0271,34946.7248,4550.4123,48444.4052,44060.3346,54610.5802,-3888.3984,-3678.8285,21792.68
51426.0828,24119.8093,50677.1207,37514.5376,33342.1379,34947.6635,4551.664,48459.4256,44068.8282,54616.4364,-3878.2954,-3670.6924,21798.1339
51441.7738,24130.6275,50675.1984,37523.0312,33364.9814,34955.7996,4550.6358,48486.2924,44079.5571,54616.5258,-3867.2537,-3655.8509,21801.7548
51444.5007,24130.4487,50682.0828,37539.348,33386.5285,34965.992,4557.8778,48500.9998,44090.8223,54623.8124,-3856.5248,-3646.5079,21809.3544
51437.3481,24124.6372,50684.5862,37537.4705,33377.1855,34966.3496,4561.4094,48495.6354,44081.8369,54622.6948,-3869.3994,-3654.778,21807.8345
51430.1509,24122.0891,50683.8262,37528.2168,33362.3886,34960.9852,4559.6659,48474.8483,44066.5036,54615.3635,-3882.5423,-3668.9043,21803.0959
51443.2043,24129.7781,50689.8612,37534.6094,33367.753,34970.7752,4564.2704,48484.5489,44085.8155,54620.9961,-3869.7124,-3655.5827,21810.2038
51464.3937,24141.7587,50692.1411,37538.3645,33392.9658,34974.0386,4566.595,48507.1242,44100.8359,54625.4218,-3858.313,-3646.0608,21812.126
51463.9467,24142.4739,50693.2139,37538.588,33396.7656,34972.7869,4566.4161,48517.5401,44096.902,54631.3673,-3858.76,-3644.8985,21811.7237
51446.8253,24139.4788,50691.0235,37530.3179,33387.959,34974.9327,4565.835,48500.1504,44087.0672,54623.276,-3864.7503,-3650.7994,21807.7004
51432.6543,24136.886,50690.487,37525.7134,33375.2632,34970.7752,4563.868,48485.0854,44082.1052,54617.6434,-3875.5238,-3660.3212,21803.543
51441.2373,24141.8034,50694.2868,37531.3014,33381.1641,34970.6858,4566.2373,48488.2146,44090.2412,54625.7347,-3868.8183,-3655.225,21809.0862
51460.3704,24151.1017,50698.5337,37542.1196,33406.8239,34974.2621,4567.042,48510.2087,44098.9137,54629.8027,-3855.0496,-3640.607,21815.7023
51462.1586,24149.7606,50696.8349,37544.0419,33405.751,34974.9327,4563.2869,48518.7471,44103.7863,54629.4004,-3851.4733,-3639.2659,21816.9093
51454.3355,24144.575,50698.0419,37543.8184,33388.3613,34973.4575,4563.9127,48504.7996,44101.7747,54629.4451,-3861.3528,-3648.2066,21819.2339
51444.9477,24143.9492,50700.7241,37540.108,33377.8113,34973.368,4566.1032,48494.9201,44095.0692,54627.2546,-3871.6346,-3655.8062,21820.0386
51450.9827,24142.2951,50698.3548,37537.2469,33382.2817,34973.5916,4567.7125,48502.8774,44097.2149,54633.826,-3870.2935,-3649.6818,21820.9326
51463.3656,24145.3797,50699.3383,37546.3665,33402.4429,34981.5488,4569.6795,48516.3331,44109.7319,54641.6491,-3856.346,-3637.1648,21825.0901
51467.5677,24144.8879,50695.2703,37541.4044,33403.4264,34978.2407,4566.8185,48518.4342,44111.1177,54637.9834,-3854.0661,-3637.8354,21822.8102
51455.766,24137.9142,50691.4258,37529.8709,33381.9687,34969.7024,4562.0352,48503.4585,44103.4287,54626.5841,-3864.4373,-3653.3028,21815.3447
51442.5337,24131.7451,50692.454,37520.349,33363.685,34965.8579,4558.5036,48491.8356,44090.2859,54619.5656,-3878.7872,-3666.1327,21805.3758
51449.6416,24134.5614,50692.901,37521.0196,33367.7083,34969.5235,4560.7388,48496.4848,44088.7213,54622.6054,-3873.9592,-3662.8246,21805.6887
51470.5181,24142.7869,50690.8894,37533.0895,33388.6743,34975.6479,4564.4045,48510.6111,44099.1372,54624.8853,-3857.3742,-3654.778,21808.818
51476.7319,24138.6294,50688.2519,37542.209,33398.3749,34976.4526,4564.7621,48519.1047,44106.0662,54624.036,-3848.7911,-3648.9218,21809.4438
51474.5861,24133.6673,50685.0779,37533.9836,33383.2651,34974.7092,4561.4094,48519.4176,44097.4385,54615.8999,-3861.3975,-3659.7401,21806.5828
51459.5658,24125.4866,50681.4122,37520.5278,33366.1437,34966.2155,4557.2966,48505.8725,44085.1897,54614.827,-3874.4062,-3668.502,21802.1572
51465.556,24129.0629,50685.5249,37523.7018,33379.4206,34971.714,4559.8894,48509.4488,44093.9963,54621.2643,-3870.7852,-3659.8742,21807.2534
51476.7319,24130.0911,50689.4141,37533.2683,33397.7938,34979.7606,4562.7058,48533.2757,44114.1129,54627.8358,-3857.8659,-3647.1337,21815.4341
51471.9933,24133.9803,50689.3694,37532.1507,33400.8336,34980.4312,4561.3647,48547.1338,44124.4394,54627.1652,-3854.0661,-3643.5574,21817.8034
51461.3539,24134.3826,50695.0021,37531.1673,33397.0785,34981.5041,4565.0303,48541.0094,44115.3646,54624.6618,-3855.9884,-3649.2795,21818.8316
51446.3782,24128.437,50695.0915,37521.7795,33373.9221,34977.1678,4558.906,48519.9988,44101.2383,54620.8173,-3867.8348,-3658.6672,21813.2436
51462.3821,24135.9025,50697.6843,37533.1789,33385.2768,34983.6051,4559.3083,48525.5867,44104.1887,54625.69,-3861.4422,-3650.5312,21817.0881
51475.1673,24140.3729,50698.3995,37539.348,33404.4993,34987.4496,4563.9127,48549.7266,44112.3694,54630.1156,-3848.0312,-3639.7129,21821.2008
51474.0944,24142.2504,50691.6493,37536.487,33403.2029,34984.5439,4563.5551,48547.2232,44114.3811,54626.4946,-3843.382,-3639.847,21817.1328
51460.1469,24133.6226,50684.9885,37531.212,33386.2603,34979.4477,4557.1178,48526.4808,44102.177,54615.4082,-3858.1789,-3653.8839,21810.6955
51441.8185,24126.2913,50683.2004,37520.1702,33368.8706,34974.3962,4549.6076,48513.7403,44085.0556,54605.5287,-3869.1312,-3662.8693,21802.9171
51446.4676,24125.0396,50685.212,37520.1255,33375.7102,34973.0998,4548.043,48519.06,44090.5541,54609.2838,-3870.8299,-3657.952,21805.197
51455.453,24125.0396,50681.8146,37524.2829,33387.9143,34971.8034,4543.8409,48534.6168,44101.9088,54613.4859,-3866.5831,-3649.1007,21807.5216
51456.5706,24116.0095,50673.455,37523.5677,33380.5382,34961.0746,4537.8059,48528.2689,44103.6075,54606.8698,-3868.7289,-3656.2085,21800.2349
51439.5833,24105.3253,50673.008,37508.592,33358.5441,34960.4934,4534.4532,48514.9473,44095.4715,54605.3499,-3882.8999,-3668.6361,21795.4963
51424.8312,24101.4808,50671.9351,37497.8632,33335.6559,34956.2913,4533.5591,48504.3079,44080.8535,54607.9874,-3895.3274,-3679.0967,21796.0775
51416.5163,24098.1281,50669.7893,37492.5882,33339.5898,34953.1621,4531.3686,48507.9288,44086.0838,54605.5734,-3890.6336,-3677.1297,21799.9667
51430.6426,24099.8268,50670.1022,37506.3121,33367.3954,34954.1456,4529.4017,48521.7869,44099.1372,54606.5569,-3879.7706,-3665.9092,21801.4866
51437.7952,24098.2622,50667.6435,37504.6581,33370.9717,34950.4799,4525.2889,48517.9871,44097.0361,54608.8368,-3877.3566,-3662.9587,21796.6139
51422.7748,24088.4274,50662.7709,37499.2937,33351.168,34947.5741,4525.2889,48496.1271,44084.385,54601.0137,-3883.2128,-3670.0219,21791.473
51403.0606,24077.2516,50657.9429,37490.4424,33331.7667,34940.7792,4523.2773,48479.0951,44071.4657,54592.2518,-3897.6967,-3684.9082,21783.4711
51404.4464,24078.1009,50655.7524,37490.3083,33339.3216,34937.4712,4521.1315,48480.3915,44070.8399,54593.4588,-3895.0592,-3682.673,21784.4099
51426.664,24086.5052,50654.0984,37503.317,33356.8901,34946.546,4525.6466,48503.5926,44075.7126,54601.1031,-3875.4344,-3669.7984,21792.4118
51434.5765,24090.4391,50656.0206,37506.0439,33366.5013,34952.3127,4529.4464,48517.853,44087.2908,54604.724,-3865.9573,-3662.2435,21798.3574
51429.3909,24090.4391,50656.8253,37496.2986,33354.8784,34946.546,4528.9546,48512.7121,44085.592,54603.4724,-3876.0602,-3669.1278,21793.887
51412.7612,24086.237,50657.0488,37490.3083,33334.7619,34940.1534,4527.4794,48493.7131,44070.214,54597.7056,-3887.2808,-3685.1317,21789.0143
51411.286,24087.0416,50657.7194,37491.3812,33344.3731,34942.9697,4525.1548,48497.2447,44073.1198,54599.8067,-3887.1467,-3680.8401,21790.5343
51426.8428,24099.1116,50658.2558,37508.7261,33376.649,34951.5527,4529.7146,48526.8384,44095.4268,54606.8251,-3870.07,-3662.5117,21797.508
51434.0848,24098.0387,50662.7262,37510.0225,33377.0066,34955.2631,4533.9614,48530.1912,44103.4734,54615.587,-3863.588,-3653.5263,21801.129
51422.6854,24090.752,50659.9993,37503.0041,33357.9183,34953.1621,4528.1053,48508.1524,44093.3704,54607.138,-3876.7308,-3663.7634,21800.1008
51399.1266,24080.0232,50656.6912,37486.6873,33333.7784,34944.8919,4518.7622,48489.0193,44081.4793,54601.6395,-3890.6336,-3679.0967,21795.5858
51404.2675,24077.9668,50653.8749,37481.4123,33337.0864,34941.3604,4514.5154,48484.1913,44085.1897,54605.1264,-3888.7113,-3676.5933,21794.4682
51412.7612,24084.6276,50651.9526,37484.1392,33353.6714,34941.0921,4510.1792,48499.3905,44093.0128,54608.5238,-3882.8105,-3670.6477,21795.854
51425.1888,24094.1048,50657.4959,37504.1664,33369.4965,34953.3856,4516.7953,48517.0931,44098.2431,54609.9097,-3865.4655,-3662.5117,21799.2067
51412.1801,24084.1359,50655.216,37493.5269,33347.3682,34946.4118,4515.9906,48493.7131,44083.5357,54599.3596,-3875.0768,-3677.1297,21792.5012
51392.1082,24067.4168,50649.3151,37476.0926,33326.2235,34931.0786,4508.3016,48461.9737,44066.146,54585.278,-3896.1768,-3690.7643,21780.3866
51394.3434,24063.4829,50645.5153,37472.6951,33330.515,34928.0387,4507.0946,48469.2156,44064.939,54580.7183,-3899.3061,-3686.1151,21774.6645
51410.839,24070.546,50649.0916,37481.9487,33356.1301,34933.269,4513.4425,48491.0309,44081.2111,54586.485,-3888.0855,-3674.7605,21777.1232
51411.3307,24074.1223,50649.7622,37491.2024,33364.132,34936.9347,4516.2141,48497.2,44083.1333,54592.1624,-3882.274,-3672.123,21778.9561
51392.0635,24066.7015,50642.699,37483.6475,33338.9193,34931.7938,4511.1626,48480.8385,44074.1032,54590.5083,-3894.9698,-3683.0753,21774.1281
51382.4522,24055.8386,50641.5814,37476.3161,33318.8027,34928.2175,4513.5766,48467.2934,44066.5036,54584.8757,-3908.4703,-3691.2113,21772.2952
51395.0586,24057.6267,50645.6047,37484.2286,33334.3148,34936.9347,4518.1811,48488.6169,44075.1314,54589.9272,-3899.4402,-3679.5437,21780.0736
51411.9565,24070.5907,50650.2092,37508.8155,33365.2496,34951.0163,4523.4114,48518.5683,44090.5988,54597.4821,-3875.3897,-3662.3329,21787.0474
51409.632,24073.5412,50646.1859,37507.6979,33370.6141,34946.6354,4520.9974,48525.2291,44090.867,54595.381,-3875.1662,-3665.1939,21785.2592
51401.4512,24070.1884,50647.4376,37497.4161,33353.8949,34942.6121,4522.875,48517.2272,44083.5804,54601.4607,-3886.4315,-3672.8829,21785.9298
51391.8847,24057.5373,50645.2024,37487.0002,33336.6841,34938.6334,4520.9974,48507.7053,44074.9079,54599.3596,-3898.4567,-3685.534,21783.1582
51394.701,24053.2905,50640.285,37488.3413,33339.9028,34935.4595,4513.4425,48505.6937,44073.8797,54598.5103,-3897.5626,-3687.3221,21780.8783
51410.7496,24053.7375,50633.9371,37506.7592,33361.8969,34937.4712,4510.7156,48525.0056,44082.2393,54597.3927,-3883.6598,-3681.5107,21780.8336
51405.0722,24049.2225,50626.7399,37506.4909,33360.9581,34933.0008,4507.3628,48516.7354,44069.5435,54591.2236,-3884.3304,-3688.395,21775.8715
51393.8516,24043.5004,50626.6505,37493.661,33338.3381,34922.1379,4501.9537,48496.6636,44059.8875,54583.9816,-3898.7249,-3699.7944,21769.926
51372.2599,24035.8561,50621.6884,37482.7981,33312.5442,34917.0864,4493.773,48469.5733,44052.735,54576.4714,-3914.9523,-3711.3726,21762.9075
51375.255,24039.9241,50627.1422,37486.8214,33319.1156,34922.1379,4496.0976,48470.7803,44052.5562,54578.3937,-3905.6987,-3704.1754,21767.199
51393.4046,24048.6413,50630.6738,37497.6397,33341.7803,34930.2292,4497.5281,48495.7248,44063.5979,54583.4899,-3890.0524,-3689.6467,21771.6247
51395.5504,24050.0718,50626.4269,37492.9011,33339.7239,34928.441,4496.6787,48499.3905,44064.939,54585.8592,-3892.5111,-3690.6749,21768.0484
51393.3599,24052.4411,50626.9187,37488.7437,33331.3197,34927.7258,4500.4338,48497.647,44060.6028,54584.2499,-3903.0164,-3697.6933,21767.1543
51385.5815,24052.6646,50628.1704,37482.4405,33320.7697,34928.7987,4500.2103,48487.9017,44056.1771,54575.2645,-3910.8396,-3701.3143,21765.8132
51392.2423,24053.8716,50626.7846,37485.3909,33326.7152,34935.4595,4499.0033,48495.5013,44059.8875,54575.0409,-3904.9387,-3692.8207,21769.7024
51415.5775,24070.1884,50628.7515,37500.8583,33349.514,34943.4167,4501.1044,48519.9541,44071.2869,54581.4782,-3886.4762,-3682.7177,21775.8715
51414.7282,24075.5528,50628.3045,37499.0255,33348.9329,34941.8074,4498.1986,48518.613,44072.0022,54582.417,-3887.0573,-3682.4048,21776.9891
51397.115,24069.0261,50626.2928,37487.8496,33327.8328,34938.4099,4495.6505,48499.2117,44061.4074,54579.9136,-3899.2614,-3692.8207,21775.3351
51383.0334,24061.3818,50628.7068,37478.5513,33307.4033,34935.1466,4496.0082,48485.7112,44048.9352,54576.8291,-3909.1855,-3704.6224,21771.1329
51388.8896,24052.1282,50622.9401,37480.4735,33314.7794,34928.6646,4496.634,48489.7792,44053.942,54574.1916,-3909.1855,-3706.6787,21768.7637
51409.4085,24059.549,50623.4318,37492.9011,33337.8911,34935.8618,4496.0976,48504.7549,44062.2568,54577.0079,-3897.7414,-3697.2016,21770.5071
51404.5358,24061.1583,50625.7564,37493.5716,33341.2439,34938.0076,4495.6952,48506.7666,44055.5513,54578.4831,-3892.1982,-3695.637,21768.3613
51380.977,24055.0339,50624.7729,37481.457,33317.5063,34926.5188,4492.0743,48496.4401,44038.8769,54570.9282,-3908.9173,-3710.1209,21762.684
51359.5641,24046.8085,50623.1636,37467.286,33303.2012,34916.7287,4486.4863,48473.9542,44021.8449,54565.2509,-3925.3235,-3724.426,21755.9785
51365.912,24048.8201,50617.2627,37467.0625,33308.208,34914.4489,4488.4533,48466.6675,44019.9226,54565.0721,-3918.2603,-3714.6807,21756.3361
51379.7253,24054.3187,50615.4746,37482.0828,33333.6443,34920.9756,4497.841,48476.8152,44033.5572,54574.1022,-3895.5957,-3695.8158,21765.2321
51380.6641,24065.0475,50617.6651,37487.2684,33348.6199,34922.3167,4502.5349,48477.0387,44035.4347,54578.5725,-3885.3586,-3690.4067,21769.8365
51372.9751,24065.0028,50615.7875,37478.6854,33336.103,34914.0018,4504.9489,48456.654,44012.0548,54572.7611,-3893.8969,-3701.3143,21768.9872
51351.428,24051.7259,50609.4396,37468.3589,33316.8805,34908.2351,4502.1325,48429.5189,43998.5991,54564.5356,-3904.5811,-3713.2502,21765.6344
51348.1647,24052.1729,50611.0936,37467.5095,33323.9436,34910.9173,4505.53,48432.2011,44006.5563,54568.1566,-3897.8755,-3707.8857,21768.3166
51361.7098,24059.9513,50614.1335,37483.9157,33352.1962,34914.583,4512.4143,48445.031,44014.0218,54571.2858,-3881.6929,-3690.2279,21776.9891
51352.5456,24066.7015,50616.9051,37483.6922,33348.9329,34912.4819,4513.979,48437.6997,44009.7749,54567.9778,-3880.4412,-3685.7575,21778.7772
51336.4077,24066.2992,50619.1403,37476.4502,33329.2633,34909.7103,4514.873,48420.0418,44004.9469,54566.6814,-3893.7181,-3696.9334,21782.2194
51319.9121,24059.0125,50612.0324,37459.7311,33299.5355,34897.8192,4502.3561,48383.4743,43998.1073,54560.557,-3912.8959,-3711.1044,21780.1183
51319.3309,24060.9348,50611.6748,37464.4697,33302.2177,34896.2992,4495.5164,48382.3568,43992.6535,54568.3354,-3910.7949,-3704.7565,21782.4429
51328.4504,24064.6899,50611.4513,37477.4784,33318.4451,34898.5791,4497.8857,48398.4053,44001.1024,54572.6717,-3894.0758,-3689.2444,21787.7626
51331.8479,24067.5062,50608.2773,37474.528,33319.0262,34900.2331,4501.5961,48400.5064,43996.9003,54565.1168,-3890.7677,-3688.8421,21786.958
51313.9218,24059.996,50608.9032,37461.5639,33298.2391,34898.9367,4499.3162,48380.4792,43979.8236,54560.0653,-3910.5266,-3701.2696,21780.923
51299.9743,24056.4197,50613.91,37456.736,33277.4967,34893.8406,4500.1656,48357.0546,43966.6361,54551.4375,-3926.7093,-3712.669,21775.2904
51298.8567,24056.2409,50612.9712,37458.4794,33282.5035,34895.137,4499.7633,48351.1984,43965.4738,54545.8943,-3920.5849,-3708.0646,21769.5236
51321.432,24063.3935,50612.5242,37470.0576,33308.2527,34904.2565,4503.7866,48363.4919,43971.0617,54549.9176,-3904.134,-3694.4747,21769.2107
51323.9801,24065.6734,50612.3453,37476.8078,33312.2313,34904.2118,4504.5912,48358.2616,43969.4971,54546.5648,-3902.3906,-3695.9499,21765.098
51319.778,24064.1981,50613.0159,37477.7019,33302.6648,34900.1884,4506.0217,48339.7096,43958.9918,54537.9817,-3906.3692,-3703.1919,21762.0581
51302.9695,24064.3322,50612.6583,37463.7097,33281.6541,34894.7793,4505.4406,48308.2831,43943.3903,54529.9351,-3919.6908,-3718.6146,21756.3361
51309.4515,24067.0145,50611.8983,37467.5989,33283.3081,34899.2497,4505.4406,48309.0878,43948.1735,54529.8457,-3910.7502,-3712.9372,21757.0961
51324.7848,24069.8755,50611.6301,37477.836,33306.1516,34905.3293,4506.737,48326.6562,43959.8411,54536.9536,-3894.791,-3700.5991,21763.0863
51330.0151,24068.1767,50611.5407,37486.0615,33308.4762,34902.7365,4505.53,48339.1732,43959.6623,54536.9536,-3889.6948,-3692.6866,21766.3944
51322.3261,24062.3653,50616.771,37484.0945,33298.865,34903.5412,4507.8099,48323.4823,43948.5759,54535.3889,-3894.3887,-3698.3639,21767.6461
51304.9364,24055.5704,50618.7826,37470.3705,33274.5463,34897.4615,4504.9042,48299.6553,43932.2591,54530.4269,-3908.0232,-3709.361,21767.6461
51316.3805,24062.0077,50618.0674,37475.6008,33277.8543,34892.7677,4502.2219,48307.1208,43945.4019,54532.9303,-3899.4849,-3703.2813,21771.5353
51334.6195,24064.9581,50621.286,37485.7038,33295.4675,34899.3838,4506.2453,48329.5619,43963.5962,54542.8097,-3881.5141,-3687.5457,21777.5702
51328.1375,24059.7725,50621.0178,37484.7203,33296.898,34897.3274,4505.1724,48321.7388,43960.914,54542.0945,-3880.8435,-3685.1317,21777.4361
51317.3193,24054.0504,50621.0625,37480.697,33286.8844,34897.2827,4504.9042,48304.081,43955.4602,54539.7699,-3889.4266,-3694.2512,21776.5421
51305.3387,24048.2837,50617.6203,37470.7282,33267.5725,34892.1418,4501.2385,48286.6019,43946.6983,54534.8525,-3904.134,-3706.9023,21775.1116
51318.3922,24047.9261,50616.771,37476.1373,33276.5579,34892.4994,4504.7253,48294.2015,43954.2085,54533.8243,-3896.8027,-3705.2035,21776.0056
51341.8615,24055.9727,50618.425,37483.871,33302.4859,34906.7152,4511.6544,48318.1179,43971.017,54541.871,-3877.0437,-3689.1997,21781.0571
51355.5408,24065.271,50621.6884,37486.1509,33307.0457,34908.4139,4511.2967,48316.3744,43969.7206,54546.2072,-3879.2342,-3685.5787,21779.0455
51348.2541,24067.5062,50626.2034,37477.8807,33296.2275,34906.6257,4509.6874,48290.804,43953.0909,54546.4307,-3894.8804,-3699.1686,21775.1116
51338.9558,24068.1767,50632.0149,37465.2743,33280.5812,34908.1904,4515.0071,48282.9362,43952.8674,54546.5648,-3902.927,-3706.0082,21776.408
51350.4893,24071.6636,50630.4055,37472.6057,33290.416,34912.7501,4516.7953,48298.493,43962.7022,54548.353,-3897.1603,-3700.152,21778.6878
51382.4075,24083.2418,50634.25,37490.2189,33314.3324,34920.3944,4521.4444,48325.3598,43973.7439,54555.3267,-3877.6696,-3683.88,21785.5275
51379.0995,24082.7948,50631.5678,37490.0848,33313.4383,34919.4109,4519.1199,48333.5853,43969.05,54558.3218,-3876.0602,-3683.7906,21786.0192
51365.7331,24080.9172,50628.975,37484.6309,33291.5783,34914.7171,4518.0917,48323.527,43966.7702,54554.7009,-3888.9349,-3696.1734,21784.2311
51353.5738,24078.9056,50631.4337,37477.3443,33277.9884,34915.1641,4518.0917,48306.4502,43961.7187,54553.5833,-3901.2283,-3701.359,21779.1796
51356.7477,24077.3857,50635.9041,37484.7203,33287.1079,34916.6393,4515.633,48324.1528,43967.396,54557.8301,-3893.7181,-3695.7711,21780.7889
51377.0878,24078.8609,50638.1392,37495.7621,33317.4616,34917.8463,4516.6612,48348.6503,43976.8285,54566.1449,-3882.1399,-3683.6565,21785.9298
51378.563,24079.7102,50640.8215,37499.4725,33327.5199,34920.0368,4519.6116,48353.0313,43979.3319,54568.8719,-3875.5685,-3679.3649,21788.7014
51359.3405,24073.8094,50635.5464,37488.2966,33305.2576,34909.5762,4516.3929,48327.6844,43974.1015,54560.557,-3888.2643,-3693.1336,21780.2972
51345.706,24070.9484,50634.4736,37480.2947,33284.694,34904.9717,4514.6048,48303.7233,43964.8926,54554.9691,-3898.9037,-3701.4484,21774.9774
51356.3901,24071.3954,50636.1276,37484.3627,33291.7571,34909.0844,4516.1247,48312.977,43969.1842,54552.8233,-3891.7512,-3694.7429,21773.8599
51382.9887,24083.1524,50639.5698,37497.0138,33307.3586,34913.9124,4516.5718,48333.1829,43978.3484,54557.696,-3874.585,-3680.6166,21780.6101
51383.8828,24084.9406,50638.9439,37492.7223,33310.622,34914.0018,4512.772,48334.3005,43973.9227,54555.1479,-3875.3003,-3684.0588,21780.4313
51376.6855,24086.3711,50639.3909,37488.8331,33299.2226,34917.7122,4515.633,48330.5901,43965.295,54555.2373,-3884.3751,-3692.1948,21778.7772
51370.9188,24096.4293,50638.0945,37493.9293,33297.2109,34922.9425,4519.3434,48325.0022,43964.2668,54559.8418,-3886.6103,-3699.7944,21782.4876
51374.5844,24107.4711,50642.1626,37498.042,33312.8572,34929.0669,4524.7972,48341.5425,43984.6069,54572.1352,-3871.4111,-3680.5272,21790.9366
51397.875,24117.7529,50648.421,37513.8223,33341.6015,34939.5275,4532.8885,48374.4442,44001.326,54581.7465,-3851.6968,-3662.6458,21797.955
51408.5591,24119.2728,50652.355,37518.2927,33344.4625,34940.1981,4537.493,48380.3004,44010.8031,54581.1206,-3849.7299,-3661.9306,21800.2796
51392.287,24110.0639,50653.3831,37504.1217,33331.3197,34933.1349,4535.1237,48370.3315,43994.2628,54574.1469,-3866.449,-3672.7041,21797.061
51376.9984,24111.9862,50655.0372,37487.5814,33309.2809,34931.0338,4528.7758,48363.6707,43984.4728,54569.6765,-3883.034,-3685.534,21792.8588
51386.3415,24119.2281,50651.6397,37489.2354,33316.5675,34936.3536,4524.5737,48380.0769,43988.6302,54572.2693,-3884.1963,-3685.6234,21792.4565
51404.9828,24123.5197,50651.7738,37497.7738,33336.3265,34940.1534,4524.2608,48400.5064,44002.8012,54574.9515,-3874.9427,-3674.5816,21794.4235
51410.5707,24124.2349,50653.3831,37498.3102,33332.0796,34936.5771,4521.7574,48407.2566,44009.3726,54577.9914,-3875.3003,-3675.0287,21792.2777
51395.4163,24111.2262,50647.7058,37484.1392,33302.1283,34924.6413,4512.5037,48382.8485,43989.9266,54566.4579,-3896.4003,-3694.2512,21778.5984
51381.4688,24100.8997,50646.4988,37474.975,33286.4821,34919.4556,4504.6806,48357.4569,43981.7011,54561.4511,-3907.755,-3706.1423,21771.8035
51380.3512,24100.8103,50645.0236,37482.0381,33297.9262,34921.6014,4501.6408,48366.1294,43986.0821,54565.2509,-3902.2565,-3702.7448,21769.166
51399.0372,24109.4828,50643.5931,37491.0235,33325.5529,34927.0999,4504.5018,48388.6153,43995.3357,54568.8272,-3890.276,-3692.5524,21770.1048
51406.6815,24110.2427,50646.4988,37494.3316,33329.8445,34924.686,4508.8381,48395.4549,43995.291,54567.4413,-3884.4198,-3690.7196,21769.7471
51406.458,24111.2709,50653.9643,37498.042,33321.7531,34926.34,4517.6893,48378.6911,43988.4961,54568.6036,-3890.9912,-3692.8654,21772.4741
51395.908,24105.37,50655.1266,37492.8117,33306.8669,34925.4012,4518.7622,48367.4705,43988.6302,54566.4579,-3900.0213,-3699.9285,21771.6694
51403.1947,24112.6567,50662.6815,37503.5852,33325.2847,34936.8453,4528.7311,48388.6153,44006.0198,54575.2198,-3889.6054,-3687.6351,21780.7889
51424.1606,24130.5381,50670.8622,37516.3257,33353.5373,34946.8589,4539.4599,48418.4772,44027.4775,54589.8825,-3870.7852,-3667.295,21792.4565
51432.8331,24140.1941,50678.9535,37520.7961,33367.9765,34955.9337,4547.9536,48423.6628,44030.5173,54590.1507,-3864.482,-3662.1541,21797.2398
51435.2918,24145.3797,50689.593,37519.8126,33362.2098,34957.4536,4558.6824,48419.0583,44031.9926,54592.1177,-3865.7784,-3663.4952,21801.2184
51423.2665,24146.6761,50694.6892,37507.6532,33345.6248,34952.6703,4561.8117,48402.831,44029.0421,54594.7999,-3876.1497,-3668.4126,21800.9055
51425.2335,24146.6314,50694.108,37504.7028,33347.7259,34955.3525,4560.4259,48417.7172,44032.8866,54599.4043,-3870.8746,-3666.8479,21807.0745
51442.2655,24146.7208,50689.6377,37510.9166,33372.0446,34955.9337,4556.3579,48440.069,44047.1917,54607.4957,-3854.692,-3656.9685,21810.4273
51435.9176,24140.7752,50683.7815,37508.1897,33369.72,34950.1222,4550.7252,48439.9796,44049.3822,54606.0205,-3860.5481,-3659.7848,21807.5216
51414.6835,24130.3593,50678.2383,37492.1858,33348.5752,34940.064,4540.2199,48420.4888,44034.183,54602.1312,-3879.5471,-3675.6992,21804.2135
51401.5406,24121.8209,50676.0478,37480.25,33336.1924,34930.5868,4537.5377,48410.5647,44024.5718,54594.7105,-3889.7842,-3684.5505,21800.0561
51403.6864,24117.6635,50670.1469,37480.3394,33335.0748,34927.2341,4537.3589,48420.4888,44025.9129,54590.9107,-3885.0456,-3681.0637,21800.9502
51411.3754,24114.8025,50667.3306,37487.939,33352.7327,34929.3351,4537.94,48430.5918,44037.2676,54600.7901,-3873.1098,-3669.5749,21802.336
51415.4434,24116.9035,50669.2976,37499.3384,33368.2448,34935.683,4538.5659,48436.7162,44039.6816,54601.1031,-3871.8581,-3663.5846,21803.1406
51402.4794,24120.1669,50670.3705,37493.661,33349.4246,34933.2243,4540.8458,48423.9757,44032.976,54594.7105,-3882.8999,-3674.0452,21796.8374
51388.7107,24121.2398,50671.5328,37480.4288,33332.7949,34930.0951,4540.5775,48408.1954,44023.6777,54587.3791,-3893.7628,-3683.2094,21793.1718
51402.7029,24126.8724,50674.7067,37489.1907,33347.5918,34938.3652,4545.7184,48417.4043,44039.8157,54591.6706,-3881.4694,-3676.5486,21799.2514
51423.9371,24135.232,50678.3724,37506.0886,33366.0543,34944.7578,4551.217,48429.7425,44047.6388,54595.9175,-3864.1691,-3660.9024,21802.2466
51424.2053,24134.9638,50680.2052,37511.5871,33371.1058,34946.9483,4551.5299,48434.8834,44053.4055,54595.5151,-3865.1526,-3659.7401,21801.8889
51416.8739,24133.1756,50681.3228,37505.0604,33362.478,34943.1038,4546.1208,48422.277,44042.2297,54591.1789,-3877.3566,-3677.4874,21795.8093
51395.3269,24121.6868,50679.1323,37490.8447,33334.6725,34938.2758,4534.9896,48397.4218,44025.1082,54583.5793,-3895.9533,-3696.3522,21785.3487
51399.7972,24120.748,50673.7679,37488.6096,33340.4392,34936.5771,4531.8604,48405.5579,44025.6447,54584.071,-3894.9698,-3696.0393,21783.3817
51422.4619,24130.851,50671.041,37494.1975,33365.8308,34938.5887,4533.4697,48430.3236,44044.4648,54592.8329,-3882.1399,-3680.3931,21789.2826
51422.0148,24126.4254,50664.4696,37498.042,33364.8026,34934.7889,4529.4017,48425.6297,44037.5805,54586.3509,-3888.0855,-3685.534,21784.9463
51405.8322,24119.9434,50665.7213,37492.4988,33346.653,34933.4478,4529.2675,48409.5812,44022.2919,54581.7465,-3901.1836,-3696.2628,21780.2525
51391.1247,24114.5343,50663.9332,37485.525,33329.2186,34933.8502,4531.5921,48395.9466,44018.2239,54574.8174,-3906.5033,-3700.4203,21778.8219
51397.5173,24115.5624,50666.973,37491.9623,33333.2419,34939.5275,4536.1966,48403.8144,44027.254,54578.4831,-3892.2876,-3686.8751,21784.2758
51413.2529,24129.2864,50672.9186,37507.9662,33360.9134,34947.3059,4540.9352,48431.4859,44045.1354,54590.0166,-3868.1477,-3673.5535,21792.4565
51425.2782,24137.1542,50677.1207,37514.0011,33364.4897,34950.7928,4545.0479,48438.4596,44050.2763,54591.4918,-3863.588,-3673.4641,21792.9929
51414.9964,24137.333,50674.7067,37501.4395,33353.0009,34945.2049,4540.801,48420.1759,44033.0207,54584.6522,-3881.0223,-3683.1647,21786.958
51399.6631,24127.7218,50676.0478,37494.3763,33340.7968,34943.1038,4543.5727,48402.9651,44024.84,54583.5346,-3890.9465,-3689.0656,21787.7179
51411.6436,24128.8394,50680.2052,37501.9312,33348.2623,34946.0542,4546.7019,48417.1361,44035.1665,54590.6872,-3878.8766,-3681.0189,21792.7247
51429.2568,24138.8083,50681.0993,37517.2645,33373.2069,34954.7714,4552.4687,48446.3722,44055.5513,54597.2139,-3857.2848,-3666.088,21798.0444
51429.9721,24138.0483,50683.0215,37518.7844,33380.1359,34957.1854,4555.5085,48460.5432,44056.2218,54597.7056,-3856.3907,-3661.0365,21798.9385
51419.8691,24131.9239,50680.697,37504.6134,33361.0922,34951.6869,4550.904,48435.6433,44039.2792,54588.6308,-3872.7075,-3675.0287,21791.9201
51411.286,24128.5712,50679.0429,37501.2159,33349.2011,34949.3623,4549.4288,48416.689,44032.2161,54585.7698,-3881.4694,-3684.8634,21789.5061
51425.9487,24135.2767,50677.8359,37506.0439,33357.9183,34951.2398,4548.7136,48425.4062,44042.5873,54586.8874,-3872.7522,-3676.6827,21792.3671
51445.4395,24147.1678,50678.5065,37521.9136,33376.5596,34958.6606,4552.2451,48443.4217,44055.4172,54593.3694,-3858.2236,-3662.6011,21798.8938
51446.0206,24148.6877,50679.6241,37524.0147,33378.7054,34957.4983,4557.1178,48447.3556,44055.6854,54601.2372,-3853.5297,-3661.0812,21803.1406
51438.2869,24139.1212,50674.5726,37507.2956,33366.2331,34952.8044,4552.424,48434.1234,44041.872,54592.7435,-3871.277,-3677.5768,21796.2116
51422.0148,24124.7267,50673.7232,37486.0615,33337.8911,34942.165,4544.5561,48409.76,44031.5455,54592.073,-3891.1253,-3685.8916,21791.1154
51426.8428,24126.5148,50675.2431,37492.0964,33349.1564,34944.2214,4545.7184,48416.0185,44045.8953,54598.0632,-3884.241,-3674.6264,21795.6752
51448.1664,24129.3311,50676.8972,37510.4696,33374.0562,34954.1008,4551.4852,48443.4217,44062.525,54606.691,-3860.4587,-3655.4933,21803.3642
51446.7806,24128.1241,50674.4832,37509.6202,33375.442,34949.7646,4550.4123,48446.3274,44068.8729,54612.7707,-3856.7036,-3655.0462,21807.3875
51436.3199,24124.1455,50673.5444,37499.0255,33357.5159,34942.6121,4548.803,48434.034,44059.217,54607.7639,-3874.5403,-3668.3679,21804.8394
51421.9254,24120.5692,50672.9186,37485.4803,33339.7686,34936.3536,4547.9983,48415.2585,44047.7282,54604.4111,-3889.2478,-3679.1414,21799.5197
51425.2782,24123.6538,50675.9584,37491.8729,33348.5752,34943.0144,4550.0547,48433.1846,44051.4833,54607.5851,-3879.86,-3673.4641,21799.5644
51442.4443,24131.9686,50676.316,37509.5755,33377.0961,34950.4799,4551.6193,48452.6306,44064.4026,54610.5355,-3859.4306,-3661.3941,21801.3972
51442.2208,24132.5498,50677.3442,37509.1732,33382.9075,34954.8608,4548.7136,48463.0913,44060.5134,54609.9544,-3859.967,-3662.6458,21797.7762
51427.2898,24131.0745,50682.3063,37502.1547,33367.1719,34948.4682,4551.6193,48452.0048,44054.0761,54607.3616,-3874.9427,-3675.2075,21794.0658
51416.4269,24125.4419,50684.6309,37494.6892,33353.6714,34946.546,4551.7087,48431.62,44051.6621,54602.2654,-3886.8338,-3685.7128,21790.2213
51429.2568,24129.8676,50689.4141,37510.6037,33369.8094,34958.4818,4557.8778,48451.3342,44065.5202,54609.9097,-3873.2886,-3670.2901,21795.541
51448.9263,24142.9657,50695.3597,37528.3062,33396.7656,34969.613,4563.6892,48482.7161,44069.6329,54616.5258,-3856.1672,-3648.5642,21801.8442
51457.5541,24151.4146,50698.489,37527.144,33397.5703,34973.8598,4568.2937,48491.165,44078.1265,54616.2575,-3850.1322,-3644.5856,21805.8228
51448.2558,24150.6994,50698.176,37520.7067,33378.1242,34969.0765,4569.3219,48480.8385,44079.4677,54613.7094,-3859.0282,-3650.9782,21808.1027
51426.7087,24141.3563,50693.0351,37511.9448,33361.4945,34963.3992,4564.4045,48474.3565,44076.2043,54610.3567,-3870.6958,-3661.5729,21804.8394
51430.4638,24136.2154,50690.9341,37515.3422,33370.6141,34965.1873,4565.2986,48485.89,44081.1664,54609.2391,-3862.2022,-3653.124,21810.6061
51450.5357,24137.9589,50685.212,37524.3276,33400.1631,34970.4623,4563.3316,48506.6772,44088.4084,54612.726,-3853.0827,-3645.4797,21813.2883
51452.3238,24142.5186,50685.3908,37529.1556,33402.4876,34975.3797,4562.5269,48508.1524,44088.5425,54616.0787,-3851.1604,-3644.6303,21810.5614
51435.6941,24135.5896,50682.7533,37515.2528,33377.0066,34961.7451,4559.8,48478.2904,44084.385,54611.6978,-3867.6113,-3660.1424,21803.6324
51419.0644,24127.0065,50675.6902,37503.7193,33355.9513,34953.7879,4554.525,48460.4985,44067.2636,54601.9524,-3887.3255,-3679.9461,21799.2067
51424.5182,24122.5809,50675.2878,37499.696,33360.6899,34950.9269,4546.9254,48466.0864,44063.8214,54605.0817,-3886.0291,-3678.5156,21799.3408
51438.9575,24127.7665,50676.6289,37509.039,33376.4702,34951.9998,4541.5163,48483.3419,44080.0041,54610.8037,-3873.7357,-3668.189,21794.4682
51435.9623,24126.6936,50671.9351,37506.8039,33376.8278,34946.233,4536.4201,48483.1184,44078.3054,54606.9592,-3877.6249,-3673.4194,21788.612
51424.0265,24117.3059,50669.7446,37496.7903,33354.5208,34933.5819,4533.9614,48471.7637,44068.7835,54602.1312,-3890.2313,-3687.5457,21782.3535
51409.4085,24110.2427,50668.2247,37490.2636,33337.9805,34926.34,4532.3521,48454.2847,44057.7865,54595.9175,-3907.1292,-3698.498,21776.5421
51420.8972,24114.1319,50668.0906,37492.9905,33352.8668,34933.7608,4533.6932,48460.2302,44062.838,54596.6327,-3903.0164,-3689.7361,21779.6713
51442.2655,24122.0444,50672.1586,37511.2742,33373.6986,34947.2612,4541.561,48485.3089,44072.5386,54605.1264,-3879.5471,-3669.7984,21788.3885
51439.628,24126.1572,50677.3442,37519.6785,33380.4935,34952.6703,4544.0197,48498.7646,44081.5687,54611.966,-3863.9009,-3659.5613,21796.3457
51433.4142,24129.3311,50683.2898,37519.5891,33373.2069,34954.9055,4549.3841,48490.0475,44081.3452,54614.7823,-3864.9738,-3663.1823,21800.6819
51430.6426,24123.0726,50683.2451,37512.4365,33361.3157,34956.1572,4550.904,48474.58,44075.3102,54610.1332,-3874.9427,-3671.6312,21799.0279
51437.3481,24124.1455,50680.697,37518.4268,33374.9056,34962.1028,4553.1839,48485.5324,44078.5736,54606.1099,-3869.0418,-3661.3494,21802.7383
51447.5852,24123.162,50678.1936,37525.1323,33394.3516,34967.3331,4553.8545,48506.5877,44089.6153,54608.0321,-3855.6308,-3650.0841,21804.5264
51446.1547,24123.2514,50677.1207,37527.7251,33390.4177,34967.9142,4549.5182,48515.752,44089.0789,54614.2906,-3853.7532,-3650.0841,21804.8394
51430.0615,24122.9385,50673.4997,37519.6785,33374.7715,34959.5547,4544.6903,48497.6023,44074.1926,54606.7804,-3871.5005,-3665.5515,21798.4468
51415.7563,24111.7626,50669.3423,37509.5755,33358.0077,34951.1057,4538.2082,48467.2487,44060.1557,54597.348,-3891.6618,-3686.9198,21789.7743
51416.0693,24111.0921,50667.5988,37511.006,33360.8687,34947.0824,4534.9002,48474.58,44072.181,54598.8679,-3889.9183,-3683.7012,21788.0756
51433.5036,24116.68,50667.9565,37517.9797,33373.1174,34947.7977,4533.3356,48494.6519,44083.0886,54602.0418,-3882.8999,-3672.3465,21786.5109
51444.456,24116.233,50667.5094,37521.6901,33370.4352,34950.3011,4531.9051,48501.0445,44080.0041,54599.4043,-3877.8037,-3671.81,21786.4215
51433.7271,24112.165,50670.1469,37513.3753,33360.5558,34951.9104,4537.6271,48491.8356,44074.0138,54601.1478,-3881.0223,-3676.4592,21786.5109
51425.7699,24115.026,50677.4783,37508.0109,33350.274,34953.2515,4538.2529,48467.6957,44065.2966,54598.4209,-3889.8289,-3683.7906,21785.9298
51440.9691,24119.8093,50683.3792,37510.6037,33355.4149,34958.303,4540.2199,48483.1184,44074.2373,54602.8018,-3885.8503,-3679.052,21788.4332
51464.8855,24128.7053,50688.4307,37526.4734,33382.9522,34965.8579,4544.4667,48509.4488,44097.4832,54609.5073,-3863.3198,-3662.1988,21794.6917
51470.6522,24131.2087,50692.3646,37537.7834,33389.926,34975.3797,4549.8312,48522.234,44102.9817,54613.9777,-3854.1555,-3651.3805,21801.4866
51458.5376,24130.6275,50691.694,37534.2965,33376.1126,34973.9492,4553.2286,48512.7568,44095.1139,54613.4859,-3863.8562,-3655.7168,21804.9288
51449.1498,24126.8724,50691.694,37521.5113,33356.3089,34969.7024,4551.9769,48499.9269,44085.1003,54612.0554,-3876.999,-3669.0831,21803.6771
51461.041,24124.9949,50691.8728,37532.3743,33376.2467,34971.714,4555.1062,48510.9687,44090.6435,54615.7658,-3865.7784,-3660.4106,21806.6275
51472.7533,24121.9103,50687.2237,37539.6162,33395.201,34971.4905,4550.1888,48529.4312,44107.5414,54622.2478,-3854.7367,-3651.5146,21807.0745
51467.7465,24119.0493,50680.4734,37539.8397,33387.959,34969.7918,4544.8691,48522.0104,44106.7368,54616.7493,-3857.8659,-3653.7945,21803.3195
51443.1149,24105.0571,50674.7961,37522.0478,33363.1933,34956.5148,4539.8176,48499.614,44093.281,54607.451,-3882.4975,-3676.4145,21790.9813
51431.3132,24103.1349,50676.2266,37514.8505,33345.6248,34951.2398,4535.9284,48481.0621,44079.3335,54605.6628,-3895.8639,-3689.3338,21788.8802
51435.5153,24104.1631,50670.6387,37519.2314,33353.5373,34950.8822,4532.3968,48484.3254,44077.8136,54605.8416,-3887.9514,-3685.3999,21789.1932
51451.6979,24111.0027,50670.2363,37529.4685,33371.9999,34954.5479,4533.1568,48507.75,44087.9613,54608.9262,-3871.8581,-3670.0219,21788.2991
51443.7407,24106.4876,50673.5444,37526.9204,33377.1855,34950.6587,4534.1849,48520.6246,44093.2363,54609.7755,-3872.0816,-3671.4077,21784.9463
51434.5765,24103.8054,50673.4997,37522.8077,33365.0261,34945.1154,4532.3074,48508.9123,44083.491,54602.2207,-3883.2128,-3687.8139,21782.8006
51426.3511,24107.2029,50670.0128,37517.7562,33348.5305,34946.993,4531.9945,48492.9085,44079.0206,54600.5666,-3892.1982,-3693.3571,21782.8006
51436.8117,24113.2379,50673.902,37525.8923,33360.1534,34955.3078,4537.3589,48501.7598,44088.6319,54603.6959,-3877.9825,-3680.5719,21788.2991
51449.6416,24117.7529,50677.6124,37533.0448,33382.5052,34962.1922,4535.839,48521.3846,44095.695,54609.1497,-3863.9009,-3669.6643,21788.4332
51445.9312,24116.1436,50674.1256,37532.7319,33386.1262,34961.2087,4534.8555,48532.9181,44094.6221,54610.8484,-3865.1079,-3667.8761,21787.4944
51429.525,24113.819,50671.2645,37526.2499,33368.1107,34953.7879,4535.079,48518.1212,44091.9846,54610.9378,-3874.4509,-3673.2405,21788.0309
51418.975,24109.4381,50670.5046,37522.9418,33355.1913,34953.7432,4534.9896,48501.1339,44088.9448,54608.8368,-3887.7279,-3680.706,21787.9862
51429.6591,24109.7063,50670.2363,37524.9088,33364.8026,34957.5877,4535.2131,48522.5469,44091.8505,54611.2955,-3885.0009,-3675.5651,21790.4449
51440.7009,24117.3953,50671.7116,37536.1294,33388.719,34961.8345,4537.493,48543.781,44104.3675,54616.3917,-3867.5666,-3664.881,21795.094
51442.7125,24117.7529,50669.387,37532.419,33384.5615,34957.8559,4532.9332,48530.9511,44105.4404,54611.8319,-3870.07,-3667.4291,21789.6849
51432.699,24108.7228,50673.1421,37521.1984,33360.824,34947.753,4532.9779,48508.957,44090.9564,54610.3567,-3886.8785,-3683.3435,21784.4993
51424.4735,24111.2262,50679.2665,37518.1139,33348.3964,34952.715,4537.7612,48505.0231,44083.5804,54606.5569,-3896.445,-3686.5622,21785.5722
51435.0235,24114.8025,50678.5959,37523.6124,33351.6151,34956.9619,4539.907,48524.7374,44089.1683,54608.0321,-3885.7162,-3678.605,21787.405
51450.4015,24123.0279,50678.9535,37536.7999,33372.6257,34958.4371,4538.6553,48540.9647,44092.2976,54610.5802,-3871.8581,-3667.5185,21790.8919
51452.4132,24125.7995,50680.8311,37538.4986,33380.0465,34958.0348,4537.4483,48538.7295,44097.8855,54614.2012,-3866.1361,-3665.641,21793.3059
51441.1032,24122.8044,50684.6756,37532.5084,33366.2778,34960.8511,4540.4434,48529.5653,44086.5308,54615.3188,-3871.5452,-3673.1958,21791.473
51432.386,24121.8209,50687.0449,37525.2217,33357.9183,34960.6276,4543.8409,48517.5401,44084.6533,54611.3849,-3883.2575,-3679.9461,21791.7413
51442.1314,24127.9453,50689.5483,37531.7484,33370.7482,34968.0036,4548.1324,48537.612,44102.3558,54619.4315,-3870.2935,-3668.2338,21797.3739
51458.0011,24136.2154,50690.1294,37541.8961,33394.3516,34978.4195,4551.9769,48561.1707,44112.7717,54630.8756,-3858.4471,-3655.4039,21803.3642
51455.8554,24130.851,50688.073,37541.8961,33392.3399,34968.7636,4546.6125,48560.4107,44116.4821,54633.8707,-3860.9058,-3653.2134,21805.5993
51431.6708,24120.9269,50683.2451,37531.1673,33371.0164,34957.1407,4537.6718,48545.3457,44102.8029,54628.9086,-3878.0719,-3664.6128,21803.0512
51410.526,24113.1485,50678.5959,37512.213,33348.6646,34952.268,4529.6252,48520.6246,44092.1634,54619.4762,-3897.5179,-3679.0967,21796.5245
51429.3909,24118.5576,50677.076,37525.0429,33362.6568,34956.1572,4530.7428,48526.6149,44103.5181,54620.5491,-3887.0126,-3674.6711,21796.0775
51441.1926,24116.9035,50677.7018,37534.52,33386.1709,34958.6159,4531.9945,48539.0425,44111.8777,54622.9184,-3872.0816,-3663.5399,21797.8209
51437.6611,24113.0143,50673.7679,37531.4355,33382.2817,34954.0561,4527.837,48540.2048,44104.6804,54618.7162,-3876.6414,-3669.396,21793.7082
51428.7204,24110.198,50674.1703,37525.9817,33364.9367,34949.9881,4526.6747,48529.163,44096.1868,54613.5753,-3887.5937,-3682.7624,21787.9415
51419.0644,24107.7393,50676.8525,37517.3539,33352.1068,34948.1106,4527.39,48516.1543,44090.5094,54609.552,-3896.1768,-3691.569,21785.6616
51430.6873,24108.991,50672.7397,37522.6736,33362.6121,34953.028,4526.0489,48515.752,44099.2266,54612.9495,-3888.1302,-3678.5156,21787.8968
51441.1479,24112.7461,50675.3772,37533.0448,33378.4819,34957.8112,4531.1004,48533.0075,44111.833,54622.0243,-3871.4111,-3659.2931,21795.0046
51444.1431,24121.7315,50682.798,37537.694,33389.4789,34960.717,4537.2695,48539.8471,44113.4423,54621.8902,-3861.3528,-3657.8625,21798.9385
51429.3909,24121.3739,50683.8709,37536.5764,33381.3429,34955.7996,4537.0907,48528.3136,44102.6241,54617.6434,-3868.3265,-3666.7585,21797.3292
51419.1091,24110.1533,50685.3908,37532.7766,33364.6238,34958.6159,4536.0178,48514.8579,44100.7018,54615.7211,-3876.0155,-3675.431,21794.7811
51432.6096,24118.0658,50686.9555,37540.8232,33377.0514,34965.4108,4538.9682,48536.9414,44108.3014,54620.0573,-3865.4655,-3662.5117,21800.2796
51446.5123,24128.3923,50684.6309,37541.5832,33385.8132,34969.0318,4538.1635,48560.1872,44119.0302,54624.93,-3858.8047,-3652.2299,21801.129
51446.7359,24130.1805,50684.0497,37540.0186,33388.406,34970.1941,4537.2695,48565.1493,44116.8845,54627.1652,-3865.1079,-3657.2814,21800.9055
51431.1343,24119.6305,50682.3063,37525.177,33372.3128,34962.1028,4532.5309,48548.1173,44107.3179,54616.1681,-3886.2973,-3673.7323,21791.2495
51416.561,24112.7461,50679.6241,37514.8952,33346.9659,34953.8773,4530.4298,48530.9064,44098.556,54611.0272,-3898.9931,-3686.7857,21786.0639
51428.8098,24114.5343,50677.076,37523.0312,33358.7676,34952.4915,4531.4133,48532.0687,44099.1819,54613.933,-3893.0923,-3681.8236,21787.7179
51440.0303,24115.2048,50675.7796,37530.1838,33375.5314,34955.0843,4530.6981,48550.1736,44108.212,54619.2974,-3880.8882,-3674.224,21788.4332
51440.1197,24117.0824,50678.0148,37536.0847,33377.0066,34959.6888,4530.9663,48554.3311,44103.9205,54614.8717,-3880.8435,-3681.2872,21784.0523
51433.2801,24115.473,50677.8359,37536.487,33361.0922,34955.3972,4533.7379,48549.5031,44092.7446,54607.1827,-3887.9067,-3684.7293,21779.716
51423.2665,24119.094,50683.8709,37537.1128,33354.6102,34957.9006,4540.9352,48541.3224,44091.0012,54604.5452,-3889.0243,-3681.6895,21783.9181
51441.3267,24122.3127,50688.5648,37547.0817,33371.4187,34968.9871,4547.4619,48546.1056,44112.6376,54614.9164,-3872.8863,-3666.4456,21794.1999
51458.4482,24129.2864,50686.419,37562.2809,33399.5819,34979.2689,4550.7699,48570.469,44131.4578,54620.7726,-3853.485,-3653.4816,21799.922
51453.4414,24131.2087,50683.4239,37562.9961,33404.4099,34975.7373,4546.8807,48578.4262,44125.6464,54622.2925,-3856.3013,-3656.9238,21801.0396
51446.1547,24132.1027,50684.1838,37555.3071,33385.3662,34969.7918,4544.422,48561.3495,44112.9506,54620.3256,-3868.1477,-3667.3397,21800.2796
51429.9721,24129.2417,50682.6192,37549.3169,33361.5392,34965.4555,4535.1237,48543.5575,44109.0614,54615.4976,-3881.9164,-3677.7556,21795.6752
51438.3763,24133.3991,50681.144,37552.8485,33367.0378,34971.4011,4533.5144,48553.7499,44107.2732,54615.7211,-3875.2109,-3671.1395,21796.4798
51457.0177,24138.9871,50677.6571,37558.6599,33383.7122,34977.4808,4532.218,48576.2805,44117.4656,54615.6317,-3865.0185,-3664.2998,21795.9881
51449.5969,24130.7616,50675.109,37545.3383,33376.4255,34972.2952,4524.8866,48569.3067,44107.2732,54612.4578,-3877.0437,-3675.431,21789.1932
51436.4988,24120.4351,50671.8904,37522.2713,33350.6316,34961.2087,4518.6728,48547.9385,44090.867,54602.3548,-3897.5179,-3691.256,21778.1961
51420.5843,24110.5109,50667.9565,37510.559,33334.1807,34952.8939,4511.8332,48531.3088,44075.0867,54595.2916,-3907.9785,-3705.2929,21769.4342
51414.6388,24109.0804,50669.4317,37514.8505,33347.3682,34953.8773,4514.2919,48534.9298,44080.1829,54594.934,-3899.8872,-3697.5145,21775.5139
51422.8195,24102.4196,50666.9283,37521.1537,33365.0708,34956.6042,4514.7836,48554.197,44088.4084,54600.7454,-3889.069,-3685.1764,21777.8385
51431.179,24103.6266,50668.8505,37527.6804,33374.0562,34962.371,4520.1033,48553.7052,44092.6999,54607.3169,-3878.0272,-3680.5272,21780.7889
51420.8078,24105.3253,50671.8457,37522.9418,33359.8852,34959.51,4522.1597,48532.9628,44082.0605,54602.5336,-3885.2245,-3685.981,21780.3419
51408.3803,24103.269,50675.4667,37519.2761,33348.4858,34958.2583,4529.5358,48520.6693,44067.6659,54601.9524,-3889.963,-3689.8255,21784.4099
51415.9799,24104.6995,50678.2383,37520.349,33361.8075,34962.1922,4535.3919,48528.8948,44076.9196,54609.9097,-3877.0884,-3676.5039,21796.301
51433.3248,24114.8025,50680.0264,37533.4471,33383.6228,34965.992,4541.8292,48532.1134,44084.2956,54617.1069,-3859.0729,-3658.846,21804.6159
51428.7204,24120.4798,50679.5347,37538.4092,33392.5188,34962.6392,4544.6903,48526.6596,44072.0022,54615.14,-3854.9155,-3656.3426,21807.3875
51406.3686,24120.0775,50679.2665,37528.5298,33371.6422,34957.3195,4544.8244,48503.6373,44055.4619,54608.5685,-3866.9854,-3664.881,21807.8792
51391.84,24119.8093,50679.8476,37513.5988,33358.41,34948.4682,4547.5066,48477.1729,44039.1898,54604.7688,-3882.9893,-3675.3416,21804.2582
51397.6514,24129.4652,50684.9438,37518.4715,33368.7365,34955.0396,4552.3345,48483.7443,44045.94,54610.7143,-3875.5685,-3667.6079,21809.8015
51407.3968,24137.5118,50686.5084,37522.2713,33385.7685,34957.9453,4553.2286,48486.6947,44052.6456,54616.8387,-3868.5948,-3661.3047,21812.4837
51402.5688,24137.1095,50682.9768,37517.8903,33378.9289,34949.9434,4551.3958,48482.4479,44050.0528,54616.7046,-3872.2605,-3667.1162,21808.5945
51394.9692,24138.6741,50681.4122,37509.4861,33365.2943,34939.1252,4549.7417,48469.5733,44036.1947,54609.1497,-3882.8552,-3681.4213,21800.7267
51379.77,24137.3777,50681.6357,37503.4511,33346.6977,34935.8618,4550.7252,48444.4946,44027.9692,54605.3052,-3890.8124,-3691.8819,21797.6868
51385.4027,24147.2125,50682.1275,37507.0274,33350.4081,34937.0688,4551.4852,48444.9416,44036.3735,54605.7969,-3885.5821,-3682.9412,21797.7315
51398.9925,24152.3534,50681.0099,37516.4598,33370.7482,34940.4663,4551.0828,48455.3576,44042.8108,54605.5734,-3873.4227,-3667.8314,21800.0114
51400.0207,24154.8121,50679.3559,37534.2965,33382.237,34943.1485,4553.2286,48446.5063,44038.6534,54600.1196,-3867.0301,-3667.9655,21797.5974
51382.5417,24152.3981,50678.4618,37525.8476,33365.9202,34943.5061,4553.9439,48426.792,44022.9177,54591.4471,-3873.5569,-3677.1744,21793.3059
51368.1471,24148.196,50679.937,37514.9399,33345.2672,34942.8803,4551.4852,48404.2168,44010.7137,54582.9535,-3882.3634,-3686.3834,21790.5343
51375.0762,24154.1415,50680.9205,37521.0196,33351.6151,34950.3458,4553.0498,48415.2585,44020.772,54587.6473,-3869.6229,-3676.9956,21795.854
51396.7574,24158.4778,50678.0148,37533.2236,33374.6821,34954.4585,4554.7932,48431.8882,44024.9294,54589.3908,-3852.5909,-3664.2104,21798.8044
51390.2754,24144.7538,50672.4268,37536.2188,33370.9717,34948.7364,4549.6523,48414.2751,44006.3775,54582.9982,-3856.8825,-3666.8479,21793.2165
51368.4601,24129.1523,50666.9283,37524.3723,33348.2176,34938.8123,4542.9021,48382.0438,43991.2677,54572.6269,-3878.2954,-3682.7624,21785.7957
51349.774,24116.68,50662.4132,37510.4249,33322.4684,34925.9824,4534.7214,48351.6455,43983.2658,54556.0867,-3899.9319,-3700.2861,21778.5984
51355.496,24115.8754,50661.6533,37513.5988,33329.2633,34924.6413,4530.251,48355.4006,43982.1035,54556.936,-3896.6238,-3698.1851,21780.5207
51376.1044,24124.1008,50660.8486,37519.5891,33345.0437,34922.9872,4528.5523,48370.7786,43987.9596,54561.2276,-3884.241,-3691.8819,21783.6499
51379.0101,24119.8093,50661.7874,37518.5609,33342.6744,34922.1826,4529.0887,48377.9311,43986.7973,54556.936,-3887.4596,-3692.8654,21779.7607
51366.1802,24112.4332,50658.4793,37508.9496,33317.9981,34912.3478,4524.7078,48355.4453,43970.2123,54546.6989,-3910.0349,-3707.7069,21770.9094
51358.1783,24102.9114,50654.456,37502.1547,33299.4908,34908.5927,4521.8468,48337.3404,43958.813,54542.6309,-3921.032,-3713.8313,21768.8978
51367.4766,24106.7559,50659.9098,37507.6085,33311.7396,34915.0747,4527.3006,48352.4054,43977.7225,54556.0867,-3905.8328,-3699.0792,21778.2855
51385.2239,24112.8355,50662.6815,37522.1372,33336.6841,34926.5188,4531.8156,48365.4588,43999.0908,54566.6814,-3883.481,-3681.1978,21785.3934
51386.9226,24120.3904,50665.2743,37524.9535,33342.4062,34929.2457,4536.1072,48364.4754,44000.2978,54572.5375,-3876.552,-3678.6944,21789.2379
51380.2171,24128.1688,50674.662,37528.5298,33338.8746,34933.0455,4544.3326,48350.3938,43993.8605,54576.8738,-3872.1263,-3681.9577,21794.1552
51378.6972,24126.5148,50678.3724,37521.109,33324.7036,34929.1563,4544.2432,48335.3287,43988.9878,54573.4763,-3874.4062,-3686.0704,21795.3622
51397.2491,24131.4769,50684.0497,37529.245,33339.8134,34939.8404,4548.4006,48354.1489,43999.8955,54577.4549,-3862.1128,-3674.8946,21802.3807
51410.9731,24142.4739,50690.0847,37542.209,33360.7793,34949.0941,4554.7485,48377.1712,44017.151,54593.4141,-3843.2479,-3653.8392,21811.7684
51411.8671,24142.2951,50692.6775,37538.4092,33362.9251,34949.9881,4558.7718,48381.8203,44019.6991,54598.2867,-3838.1517,-3647.3125,21816.4176
51401.943,24134.6508,50691.1129,37525.0429,33337.3994,34943.9532,4554.4803,48359.111,44007.495,54591.5812,-3852.1439,-3654.018,21813.6907
51389.9177,24128.3923,50685.972,37513.4647,33315.0029,34935.5936,4551.664,48337.9215,43992.3406,54578.3043,-3868.1477,-3667.6526,21810.4273
51393.6728,24127.9453,50680.7417,37514.4035,33325.0612,34933.2243,4552.7816,48349.5444,44001.8177,54582.4617,-3860.7717,-3661.0365,21812.7072
51408.0226,24132.5498,50678.3724,37522.9418,33343.6131,34937.7394,4549.3841,48361.4355,44007.9421,54584.2052,-3854.6473,-3654.1522,21811.6343
51405.251,24136.7072,50678.73,37518.4268,33339.0087,34938.3652,4546.836,48364.6095,44002.4436,54578.7066,-3861.8892,-3657.7284,21808.5051
51390.2754,24126.9618,50670.3258,37495.4045,33316.344,34926.787,4537.8059,48344.627,43995.1569,54571.8223,-3887.102,-3679.3649,21796.1669
51380.3959,24119.8987,50666.0342,37487.939,33301.4578,34920.9309,4533.872,48335.5969,43985.2774,54570.6153,-3901.7648,-3691.1219,21786.2874
51396.668,24129.8676,50670.6834,37500.7242,33324.0777,34930.4527,4540.7116,48353.076,44002.1306,54580.5842,-3888.0408,-3679.812,21789.059
51414.5941,24140.6858,50675.5561,37514.3141,33340.618,34934.6101,4543.3939,48372.4773,44012.2336,54589.9719,-3872.2605,-3671.7653,21796.9716
51410.3025,24142.0269,50674.7961,37516.4151,33341.5568,34931.7938,4543.7962,48376.9476,44010.2667,54587.6026,-3871.1429,-3669.4407,21796.9269
51392.4658,24129.644,50672.4715,37508.145,33322.2002,34925.4459,4541.9633,48361.0779,44001.6836,54579.556,-3887.2808,-3682.5836,21793.0824
51380.2618,24115.7413,50670.8175,37503.8087,33307.9398,34921.8696,4537.6271,48339.352,43992.43,54573.2975,-3897.205,-3689.3785,21790.9813
51394.701,24115.026,50671.3092,37505.6863,33321.6637,34922.0484,4538.6106,48342.8389,43996.4086,54574.0575,-3887.5937,-3684.6846,21794.2894
51413.8341,24121.1057,50675.0643,37515.7893,33348.0388,34930.8997,4542.7233,48353.6571,44008.5679,54582.7299,-3869.6676,-3668.4126,21799.7879
51413.2977,24126.6489,50678.3277,37522.6289,33350.5422,34935.2807,4544.1538,48357.5463,44009.5067,54583.3558,-3859.6541,-3667.295,21801.1737
51394.6116,24120.5692,50678.6853,37514.627,33332.8843,34931.9279,4537.4036,48349.4997,43996.2298,54580.2712,-3872.5287,-3678.3367,21797.8209
51378.116,24118.0211,50674.7961,37507.2509,33318.8474,34928.8434,4533.2462,48347.7563,43993.1005,54578.0808,-3884.0175,-3687.6351,21792.3671
51389.1131,24125.9336,50671.6222,37512.7494,33330.8727,34932.4197,4534.6767,48372.7008,44008.3891,54583.8922,-3879.6365,-3680.3037,21793.0824
51406.6815,24132.7733,50672.4715,37525.2664,33353.0903,34938.1417,4537.3589,48391.1186,44020.772,54589.8378,-3868.9971,-3669.1278,21799.162
51410.079,24130.0464,50670.8175,37527.6357,33355.0125,34935.1019,4536.2413,48390.314,44015.3629,54582.1488,-3872.0369,-3674.5816,21793.887
51399.7972,24130.3146,50670.5493,37525.624,33338.7852,34936.9794,4533.872,48379.4063,44005.4834,54581.0759,-3882.0952,-3684.1035,21791.5177
51384.4639,24126.8724,50671.801,37517.7562,33329.621,34938.3652,4529.7146,48367.7387,43997.5709,54577.6337,-3891.93,-3689.2891,21787.3156
51391.7506,24132.9074,50674.215,37520.9749,33343.7473,34945.6519,4535.0343,48384.0555,43999.6719,54578.6619,-3883.794,-3683.12,21786.1533
51420.3161,24150.8335,50678.4618,37538.2304,33368.9153,34960.0464,4542.2316,48406.4966,44012.4124,54584.7863,-3870.6064,-3671.7653,21792.0989
51418.0809,24150.6547,50678.73,37533.626,33363.9085,34958.5265,4540.354,48404.2615,44017.1063,54585.3227,-3872.7522,-3674.8052,21790.8025
51406.8604,24141.4011,50680.4287,37526.9204,33346.0271,34954.1008,4538.7447,48396.7513,44008.9256,54580.0924,-3884.241,-3685.087,21787.0474
51397.7855,24138.6741,50680.8311,37520.4831,33334.3148,34952.6703,4538.8788,48391.6551,44007.1821,54579.2431,-3890.5889,-3689.4232,21788.0756
51413.5212,24148.3748,50683.8709,37534.6541,33358.0971,34957.1407,4544.2879,48409.4024,44022.3813,54590.0613,-3875.1662,-3673.7323,21796.9716
51430.3297,24148.9112,50683.8709,37545.6065,33384.6062,34960.4934,4550.0547,48424.2439,44032.976,54599.8514,-3858.6259,-3662.2882,21802.4254
51434.7553,24135.4555,50684.5415,37542.522,33382.237,34959.6441,4548.803,48416.7337,44036.597,54601.2819,-3854.2897,-3661.9306,21805.2864
51422.6407,24130.7616,50685.3461,37533.9836,33363.5956,34957.4536,4547.596,48396.796,44028.1481,54597.795,-3864.9291,-3668.5467,21803.8559
51410.1237,24131.2087,50684.6309,37525.4452,33343.479,34945.6519,4545.1373,48381.1945,44019.4309,54590.2848,-3876.6414,-3678.1132,21801.4866
51422.4172,24139.3,50686.3296,37534.6988,33358.7676,34946.546,4549.5182,48397.6007,44029.3103,54595.5151,-3866.002,-3665.7304,21805.5546
51438.0634,24144.1727,50684.6309,37545.0253,33381.8346,34950.0328,4554.2568,48419.1924,44039.2345,54601.0137,-3854.8708,-3654.1075,21808.6392
51436.4094,24144.7091,50686.9555,37538.901,33384.6062,34951.061,4554.3462,48419.1924,44043.5261,54602.3101,-3850.2663,-3651.5146,21808.9968
51422.4619,24142.161,50691.2023,37526.2946,33370.2117,34946.2777,4553.318,48401.4004,44030.115,54601.3266,-3864.035,-3662.6011,21808.1921
51408.9614,24135.0085,50691.4705,37517.8456,33356.0407,34935.0125,4547.0595,48392.9515,44018.0004,54594.2634,-3880.4412,-3675.5204,21801.3525
51414.147,24125.8442,50688.9224,37518.7844,33364.1768,34932.2855,4544.1091,48395.2314,44025.3317,54594.1293,-3871.724,-3672.2571,21801.3078
51433.0566,24127.4983,50690.7105,37529.0662,33382.7734,34935.5489,4545.2714,48410.8776,44038.564,54600.1196,-3858.4024,-3660.1871,21805.4652
51433.0566,24131.7451,50690.9341,37534.1177,33382.7734,34940.8239,4549.9653,48415.9291,44040.665,54601.1925,-3859.0729,-3656.1638,21805.957
51415.6669,24122.8491,50684.9885,37521.6454,33353.9844,34932.9561,4548.803,48399.8358,44033.289,54597.8397,-3871.724,-3668.189,21800.9502
51398.4561,24111.5838,50678.2383,37501.3947,33334.3148,34930.4527,4538.2082,48384.3237,44024.4824,54588.7202,-3886.5656,-3684.5058,21793.7529
51404.5805,24111.852,50678.2383,37505.8204,33349.4246,34932.375,4538.6553,48398.5394,44034.183,54593.8611,-3878.7872,-3675.2075,21797.9997
51415.3093,24112.0756,50676.8078,37522.2713,33370.3458,34935.5489,4539.4599,48423.2157,44040.978,54599.4043,-3867.6113,-3663.0929,21798.9832
51398.6349,24104.5654,50667.3753,37515.521,33359.3488,34927.7705,4535.7943,48413.1128,44037.6699,54594.174,-3876.1944,-3669.1278,21793.2165
51380.53,24088.8745,50663.1732,37500.456,33340.3498,34922.4955,4529.9828,48385.2625,44024.3483,54583.0876,-3894.5228,-3687.0986,21786.2874
51370.0694,24079.5761,50658.077,37491.56,33328.1904,34917.7122,4525.6913,48369.9739,44018.4474,54578.349,-3910.3925,-3700.7332,21780.6995
51378.3395,24089.8579,50656.1548,37501.663,33342.0038,34920.0368,4528.7758,48383.3849,44028.2375,54582.6405,-3899.9766,-3690.1385,21783.6499
51387.2802,24094.1942,50652.8914,37504.7922,33361.0028,34920.305,4532.0839,48398.6288,44027.9245,54582.864,-3887.2808,-3681.466,21785.751
51383.5698,24091.9143,50650.5221,37506.0439,33360.0193,34919.5898,4532.6203,48405.692,44028.9527,54587.2003,-3885.3586,-3681.2425,21786.6004
51363.9897,24080.9172,50646.6776,37492.4988,33340.9756,34911.409,4526.0489,48378.1546,44017.5086,54579.109,-3904.8046,-3694.1171,21778.9561
51347.9412,24071.753,50648.2869,37483.7816,33317.104,34907.1175,4521.7574,48356.8311,44010.6243,54573.4316,-3914.997,-3708.154,21777.6597
51350.0422,24071.1272,50645.113,37484.0051,33325.6423,34908.548,4522.562,48373.1478,44013.1724,54575.488,-3905.5645,-3701.0908,21779.8948
51364.1238,24078.0115,50639.5698,37498.2655,33347.5918,34917.8016,4526.0489,48388.1235,44023.9012,54581.8806,-3884.3751,-3683.8353,21783.337
51371.7681,24085.7005,50642.699,37508.7261,33358.1418,34927.994,4533.872,48395.7231,44023.8118,54580.2265,-3872.931,-3674.5816,21788.2097
51352.0092,24078.235,50640.8215,37496.1644,33340.3498,34924.3283,4531.1004,48381.3286,44010.7137,54571.5541,-3890.3654,-3686.8304,21785.0804
51340.6992,24066.7015,50639.1227,37487.4026,33322.3343,34916.3711,4526.183,48355.937,43995.3357,54565.6085,-3898.1438,-3696.3969,21781.1465
51348.8799,24066.478,50642.1179,37491.3812,33335.343,34920.0815,4525.2889,48369.4375,44004.2764,54566.6367,-3884.8221,-3689.1103,21785.1251
51373.1539,24075.1952,50643.5931,37498.1761,33357.0242,34926.787,4528.1947,48393.9797,44009.3279,54570.1683,-3874.4956,-3676.4592,21785.304
51376.3279,24075.8657,50640.4638,37501.5736,33356.5325,34926.5635,4526.8536,48395.6784,44008.0762,54569.4083,-3878.1166,-3676.4592,21781.4147
51357.0607,24067.1486,50635.0547,37488.2072,33333.0184,34917.7569,4521.1762,48373.3267,44004.0082,54560.11,-3893.9416,-3690.8984,21775.4692
51350.7128,24067.3721,50635.5911,37476.4502,33318.311,34912.3925,4515.8118,48356.5629,44002.1306,54558.5454,-3904.3576,-3699.258,21773.4128
51354.7808,24068.6238,50639.3909,37481.5911,33339.6792,34920.2156,4520.8186,48368.901,44014.5582,54565.2062,-3894.4334,-3689.2444,21778.509
51381.2453,24071.8871,50640.8215,37496.7456,33363.0145,34929.7822,4527.3453,48394.5608,44027.7457,54571.0176,-3879.5918,-3676.5486,21784.5887
51381.6923,24067.5062,50637.6922,37495.2257,33360.1981,34927.3235,4529.9381,48397.3324,44030.9644,54574.1022,-3883.8387,-3676.9956,21782.6217
51365.2414,24064.3322,50639.3015,37483.9157,33338.204,34919.4109,4530.4298,48383.832,44015.8993,54574.7727,-3900.5578,-3688.3503,21781.5936
51345.8401,24062.2759,50640.6873,37471.4434,33325.2847,34913.6442,4530.251,48365.28,44008.5232,54573.2081,-3910.3925,-3696.6205,21778.5537
51366.359,24066.1651,50643.2354,37484.2733,33338.0252,34917.8016,4533.872,48377.797,44023.3648,54576.2479,-3895.7745,-3686.294,21782.4876
51390.0518,24072.1107,50638.631,37498.5784,33353.7608,34920.2603,4532.5309,48393.8903,44037.4911,54577.2761,-3882.2293,-3676.9062,21784.4993
51391.1694,24075.4187,50640.0615,37497.9079,33354.6549,34918.1592,4535.4366,48401.311,44036.9546,54578.3043,-3882.3187,-3675.5651,21783.1582
51372.394,24071.306,50639.5698,37486.285,33332.7502,34912.7948,4530.9663,48393.6667,44021.6213,54573.2528,-3895.3274,-3689.1997,21775.1116
51362.1122,24067.9085,50641.8496,37478.5513,33318.2663,34907.341,4528.9099,48381.8203,44011.2054,54567.3519,-3905.1175,-3697.6933,21771.1329
51371.3211,24067.5062,50642.8331,37482.5746,33332.7055,34911.9455,4526.8536,48387.1847,44018.9391,54570.7941,-3898.6355,-3695.1452,21772.6529
51380.083,24069.0708,50636.4852,37481.8146,33338.7405,34909.3527,4519.2093,48394.2479,44035.1218,54575.5774,-3890.8571,-3688.9762,21770.0154
51377.4008,24074.6588,50637.8263,37488.5201,33344.8201,34913.2419,4522.8302,48404.7979,44034.2724,54574.5492,-3888.7113,-3686.0257,21770.8647
51365.6437,24072.1554,50636.1276,37479.4453,33329.9339,34905.5082,4520.5951,48394.6502,44021.8002,54566.0555,-3905.2069,-3697.2463,21763.7569
51355.8984,24070.5013,50633.1325,37466.7943,33317.551,34900.6355,4515.4989,48390.9845,44008.255,54559.6629,-3917.6345,-3708.9139,21759.51
51368.5048,24074.5246,50633.803,37471.0411,33329.3974,34904.7035,4517.7341,48402.7416,44018.7156,54571.5541,-3908.0232,-3700.0179,21764.5168
51386.6097,24083.0183,50638.3181,37487.9837,33353.135,34910.6044,4524.0819,48425.9427,44030.9644,54581.97,-3889.4713,-3684.4611,21775.0221
51382.8993,24083.3312,50638.7204,37493.6163,33356.0407,34915.3876,4524.4843,48431.62,44038.6087,54583.2217,-3890.8571,-3686.6069,21777.3467
51373.7351,24083.1524,50642.2967,37484.9886,33335.1195,34913.823,4524.1266,48422.8581,44033.3337,54581.7465,-3900.6919,-3697.1122,21775.5139
51362.3357,24079.6655,50638.9886,37478.9536,33318.4004,34909.4421,4520.1033,48406.6755,44025.8235,54572.3587,-3907.9338,-3703.2366,21770.5965
51377.8925,24087.3545,50644.8895,37490.6659,33338.7852,34916.684,4522.6514,48421.07,44040.978,54581.8806,-3898.9037,-3696.0393,21775.201
51398.6349,24096.9211,50648.3763,37506.6251,33363.3274,34924.5965,4525.0654,48450.2614,44058.7699,54590.2401,-3884.7774,-3679.5884,21780.3419
51394.1199,24103.6266,50650.1198,37508.2791,33368.2001,34927.2341,4526.4065,48458.8891,44061.8098,54595.8728,-3882.0058,-3675.9675,21782.3535
51379.323,24096.5188,50645.5153,37491.6941,33352.688,34922.3167,4522.6961,48436.0456,44049.6504,54587.8261,-3899.0378,-3690.8537,21774.7539
51370.6058,24093.5683,50639.9274,37483.9157,33338.204,34917.3546,4518.0023,48422.2323,44039.2345,54581.1206,-3912.1807,-3699.7497,21771.1776
51382.5864,24098.441,50639.838,37490.4424,33351.8386,34918.8298,4517.3317,48436.2692,44046.5659,54587.9155,-3899.3061,-3689.9596,21775.9162
51395.6398,24102.7325,50642.3861,37498.0867,33371.1058,34925.6247,4520.8186,48455.1787,44056.356,54592.1624,-3884.5986,-3678.8732,21776.855
51395.0139,24108.5887,50645.7835,37504.3452,33375.8891,34929.4692,4526.2724,48464.343,44053.0032,54591.4024,-3882.9893,-3680.5272,21779.5372
51377.4455,24104.9677,50643.5037,37496.8797,33361.0475,34926.0718,4521.2656,48445.4334,44040.8438,54582.1935,-3898.412,-3693.1336,21776.3633
51367.9236,24098.6198,50641.2685,37492.5882,33341.6909,34923.6131,4518.9857,48424.5569,44033.5572,54579.1984,-3911.5101,-3699.1686,21772.1164
51386.4756,24100.2738,50644.5765,37509.0837,33363.4168,34932.375,4526.4065,48443.7346,44047.9964,54587.0215,-3897.2944,-3688.5291,21778.5984
51405.5192,24112.1203,50649.181,37520.8408,33391.7588,34940.1981,4533.7826,48481.3303,44069.8564,54595.8728,-3875.9708,-3674.0452,21787.8968
51402.4794,24115.1154,50650.1198,37515.7446,33386.1709,34940.6004,4536.286,48482.4032,44064.7155,54598.1973,-3875.3003,-3675.5651,21787.0027
51389.5601,24104.6548,50648.6893,37499.2043,33361.2263,34931.0786,4528.0606,48460.1408,44051.6621,54590.9107,-3898.0544,-3690.2726,21781.2359
51374.6291,24101.0338,50651.8632,37492.4988,33351.9727,34924.5071,4527.2559,48445.031,44048.4434,54589.659,-3907.2633,-3699.0345,21778.8219
51384.8215,24100.7656,50651.6844,37491.5153,33359.3041,34928.5752,4528.4182,48467.6957,44060.9604,54597.4374,-3898.1885,-3688.5291,21782.8453
51405.9216,24100.9444,50656.5124,37506.8486,33381.2535,34936.9347,4531.4133,48492.372,44076.3384,54605.3946,-3885.6715,-3675.5651,21787.0027
51409.2296,24102.7325,50658.4346,37508.592,33377.4984,34938.9464,4533.112,48497.7812,44077.2325,54604.8135,-3884.1516,-3675.6992,21787.3156
51396.9362,24103.4478,50660.1334,37499.7854,33353.8502,34933.3584,4528.8652,48474.7142,44067.7106,54596.9456,-3898.412,-3690.9431,21781.7277
51387.772,24096.787,50664.0226,37490.7553,33337.31,34928.5305,4525.5572,48460.9455,44070.214,54601.2819,-3910.5266,-3699.8391,21782.1747
51397.6514,24094.9094,50664.3355,37495.8962,33357.3371,34933.8502,4528.9993,48476.9493,44077.456,54604.9923,-3903.0164,-3688.0821,21786.1533
51414.147,24104.2525,50664.8272,37513.5988,33389.613,34942.5673,4534.1849,48498.0047,44085.905,54614.2906,-3887.549,-3670.6924,21791.6518
51410.7943,24111.4944,50667.5541,37514.5376,33390.2836,34938.2758,4538.1188,48496.753,44091.7611,54617.9563,-3882.7658,-3671.5865,21795.2728
51398.6349,24106.2641,50668.2247,37501.663,33363.4615,34931.0338,4537.9847,48488.6616,44081.6581,54612.9942,-3891.2594,-3686.9198,21790.9813
51394.2987,24106.4876,50670.4599,37504.1664,33350.4528,34936.7559,4537.5824,48484.7724,44077.456,54610.2673,-3893.8075,-3691.7925,21789.5955
51406.1451,24109.751,50670.8622,37510.4696,33371.0611,34941.9862,4535.9284,48494.9201,44080.0488,54613.0389,-3885.9397,-3679.1414,21788.2991
51422.8195,24114.9813,50673.6338,37515.2975,33388.0484,34949.7199,4539.0129,48512.8462,44094.7115,54620.3703,-3868.4607,-3664.3893,21793.3506
51422.1489,24113.6402,50674.1256,37518.0691,33389.5683,34949.9434,4538.9682,48521.6081,44099.5842,54620.4597,-3871.8134,-3662.4223,21796.5692
51412.1354,24111.5838,50675.6902,37510.8272,33377.0961,34950.7034,4539.2364,48503.1903,44086.2626,54613.2177,-3886.5209,-3674.3581,21792.9929
51400.4678,24105.5936,50671.1304,37499.1596,33359.2594,34943.5508,4536.3307,48481.7326,44072.0916,54607.138,-3900.2448,-3685.4446,21788.3438
51419.5114,24112.8802,50672.7844,37518.2927,33377.8113,34954.7267,4542.3657,48502.2962,44082.731,54613.2624,-3879.1001,-3672.8382,21796.9269
51440.2092,24126.6489,50677.3889,37533.7601,33404.1417,34967.5566,4547.6854,48527.4643,44103.0711,54623.2313,-3861.0846,-3657.0132,21804.2582
51443.7854,24132.8627,50678.2383,37531.659,33407.9862,34970.1494,4551.6193,48527.6431,44105.9768,54623.4101,-3861.0399,-3653.2134,21805.4205
51426.2617,24119.0046,50673.6785,37514.5376,33387.199,34960.0464,4548.1324,48507.9736,44092.7893,54612.8601,-3877.3119,-3671.0948,21799.7879
51418.528,24109.5722,50676.2266,37503.5852,33368.3789,34957.0513,4545.0479,48496.5295,44088.4978,54610.5802,-3889.5607,-3678.605,21797.9997
51430.8214,24111.0027,50681.4569,37520.5278,33382.8181,34963.2651,4549.7864,48518.3001,44099.0031,54619.208,-3879.3236,-3668.2338,21801.9336
51444.903,24113.6849,50679.8029,37528.8427,33397.8832,34964.6509,4550.457,48532.4711,44107.0497,54625.8241,-3869.3994,-3656.0297,21806.6275
51437.1246,24114.6684,50678.5065,37525.4005,33393.234,34964.7403,4550.5464,48531.9793,44106.1556,54628.551,-3869.9359,-3656.9685,21801.7548
51424.6523,24114.3554,50677.9253,37514.3141,33370.0329,34961.0746,4545.5843,48514.1426,44100.1654,54625.5559,-3883.0787,-3670.2901,21798.1786
51417.768,24110.0639,50674.7514,37509.2626,33360.5558,34954.7267,4538.7894,48509.5829,44088.4084,54619.4762,-3900.9601,-3685.981,21793.7976
51432.4307,24113.7743,50675.2431,37522.0478,33380.8959,34961.0746,4540.9799,48526.9725,44101.6406,54627.8358,-3888.5772,-3673.1064,21796.1222
51440.7903,24117.9764,50672.2033,37525.8476,33394.8433,34962.4604,4538.8788,48538.4166,44109.2849,54631.8144,-3877.2225,-3664.9257,21797.1057
51433.5036,24117.5294,50671.488,37520.4384,33392.2058,34954.6373,4535.6601,48530.1018,44110.2237,54627.1652,-3884.241,-3671.2289,21795.6752
51416.2928,24111.5838,50665.4978,37510.1566,33377.9007,34946.6354,4532.3968,48513.4721,44097.1255,54616.5258,-3898.2332,-3687.6798,21788.8802
51399.3502,24104.5654,50666.213,37501.7077,33361.5839,34943.7296,4534.1849,48508.9123,44090.6435,54615.0953,-3905.2516,-3695.9499,21786.8686
51414.6388,24109.8404,50673.0974,37520.0361,33371.9105,34956.5148,4540.4434,48522.9045,44096.3656,54623.6336,-3886.9679,-3679.3202,21793.3059
51436.5882,24125.5313,50678.1042,37535.9505,33394.4857,34963.3992,4545.9419,48547.0444,44112.8612,54629.6686,-3870.6511,-3664.434,21798.8491
51441.4161,24133.3544,50681.6357,37539.5715,33393.8599,34967.5566,4549.6076,48553.437,44117.3762,54629.7133,-3868.0583,-3662.8246,21801.0843
51426.3064,24122.6703,50682.7086,37524.0147,33373.341,34962.5498,4547.0148,48535.0639,44105.8874,54623.9913,-3885.8056,-3679.3649,21796.7033
51406.6815,24114.1766,50680.7864,37509.039,33360.1087,34958.4818,4544.1538,48517.8977,44097.2596,54620.415,-3899.4402,-3685.1764,21792.3224
51420.7631,24121.508,50677.4783,37512.0342,33372.4022,34960.0911,4542.0974,48520.5352,44104.6804,54624.6618,-3895.0145,-3676.8615,21791.2942
51431.7155,24123.9667,50673.3209,37523.6124,33384.5168,34960.404,4542.1422,48533.8569,44113.5317,54626.0476,-3881.8717,-3668.5467,21791.1154
51427.424,24116.0542,50673.3209,37523.0312,33383.891,34958.6159,4543.9303,48530.1018,44110.3578,54624.2148,-3881.5141,-3673.0617,21788.5226
51411.9565,24105.0571,50669.1635,37504.3899,33356.2642,34952.0445,4536.4201,48527.1513,44087.8272,54613.1283,-3899.9766,-3689.4232,21780.5207
51397.6961,24101.3914,50666.213,37493.7952,33335.5665,34946.0542,4531.5474,48510.0299,44081.3452,54609.0603,-3910.0349,-3695.0558,21777.2126
51401.3618,24104.0736,50666.8389,37500.0983,33349.514,34942.165,4528.3288,48517.7636,44091.0906,54616.3023,-3905.2516,-3687.9927,21779.0902
51410.8837,24105.8171,50665.766,37503.9876,33369.1835,34943.5508,4522.0256,48527.2408,44094.7562,54617.5987,-3893.6287,-3683.2094,21784.6781
51413.2977,24110.1533,50667.5541,37509.5308,33371.9552,34942.2991,4523.8584,48532.4711,44099.4501,54622.3372,-3888.3984,-3680.706,21787.9862
51395.6845,24106.7111,50667.733,37498.3996,33352.7774,34936.4877,4526.7642,48514.545,44092.7893,54621.9349,-3903.7764,-3689.6467,21783.2923
51395.5951,24100.855,50671.4433,37497.0585,33343.0767,34937.7841,4529.2675,48506.543,44088.766,54619.3421,-3909.2302,-3693.3571,21784.5887
51405.4745,24100.1397,50670.7728,37503.6746,33355.8172,34941.1815,4529.8487,48517.0484,44100.7018,54622.069,-3899.2167,-3681.8683,21787.5391
51430.0615,24110.7792,50672.4268,37513.6435,33381.3429,34946.6801,4531.9945,48543.7363,44109.3743,54624.5724,-3885.2245,-3672.8829,21790.2213
51434.0401,24117.7976,50673.7679,37517.5327,33379.823,34948.2447,4536.1072,48548.5643,44113.3529,54625.4665,-3887.6832,-3674.2687,21790.8472
51410.9731,24112.4332,50677.7018,37505.9098,33361.4945,34942.0309,4534.632,48529.2524,44103.7416,54623.7677,-3903.3294,-3686.6516,21788.165
51406.1451,24114.4449,50679.4006,37504.4346,33352.9115,34944.8472,4535.9284,48519.2388,44096.5444,54622.6948,-3910.0349,-3695.0111,21784.2758
51424.8312,24122.9385,50680.7864,37511.9001,33371.3293,34951.508,4537.8953,48534.1251,44108.4355,54628.1487,-3895.1039,-3684.774,21788.7908
51443.249,24129.7781,50680.5182,37521.8242,33393.9493,34955.1737,4539.7282,48555.8063,44121.8913,54634.9883,-3882.0058,-3670.8266,21794.2446
51446.9594,24131.8345,50683.3345,37527.4569,33393.0999,34955.1737,4543.2597,48565.1493,44122.2936,54637.6258,-3879.9495,-3672.1677,21793.1718
51422.2831,24127.3642,50681.144,37518.5162,33376.202,34950.0328,4541.561,48556.8345,44109.7319,54635.033,-3886.9232,-3679.052,21788.8802
51409.1402,24126.9618,50681.7251,37508.2791,33366.1884,34948.3341,4540.801,48542.3058,44103.3393,54630.7862,-3895.7745,-3686.5175,21786.958
51419.6455,24132.1921,50681.3675,37514.6717,33382.3264,34951.4633,4543.7962,48551.9171,44112.3247,54636.1506,-3885.8503,-3676.8615,21791.6965
51430.0168,24128.9735,50677.6124,37518.9632,33390.8647,34950.5693,4539.6388,48567.7421,44117.2421,54638.5646,-3877.6249,-3666.3115,21791.786
51429.0333,24121.6868,50676.4948,37515.4316,33380.6276,34946.8589,4535.4813,48561.0813,44113.2188,54635.2565,-3882.9893,-3672.3465,21791.786
51420.8972,24115.5624,50676.2713,37514.0011,33362.3886,34947.8871,4537.493,48544.2281,44105.6192,54631.2332,-3895.9533,-3681.4213,21787.405
51408.0226,24108.544,50669.4764,37502.8253,33348.1729,34936.9347,4530.7428,48526.2573,44095.3374,54621.5773,-3906.9951,-3691.2113,21782.7111
51416.3822,24114.1319,50670.5493,37502.1547,33359.9299,34939.9745,4529.0887,48548.3408,44109.5084,54626.137,-3901.8542,-3681.7342,21786.2874
51435.1577,24121.0163,50677.2101,37512.7941,33378.3478,34947.5741,4533.872,48568.055,44128.0156,54632.0826,-3886.2973,-3668.6361,21793.7082
51444.2325,24128.8394,50687.0896,37527.9486,33391.0435,34955.7996,4544.5114,48575.297,44137.5822,54638.3411,-3878.0272,-3662.2882,21799.2067
51424.6076,24121.3292,50685.8826,37519.8126,33375.3526,34957.8112,4545.1373,48558.1756,44123.3218,54630.3838,-3893.1817,-3672.9723,21790.3554
51413.8788,24117.7082,50685.972,37515.074,33366.1437,34957.4983,4545.3608,48550.9783,44117.9574,54629.3557,-3899.9766,-3679.9461,21787.9415
51427.3345,24128.5712,50693.1245,37524.417,33382.1476,34963.8909,4552.0216,48572.2572,44132.2178,54639.1904,-3886.5209,-3665.7304,21795.1387
51443.8301,24142.4292,50693.0351,37539.6162,33403.8287,34974.7986,4557.8331,48600.1074,44141.6949,54648.4441,-3868.103,-3650.0394,21805.0182
51445.0818,24146.7208,50687.5813,37540.555,33407.4497,34976.4973,4557.3413,48603.9072,44141.8737,54644.689,-3869.5335,-3653.7498,21805.3758
51425.2782,24132.058,50682.8874,37522.5842,33385.4109,34961.4769,4549.5629,48578.3815,44130.3849,54636.4188,-3891.1253,-3668.7702,21795.6752
51405.1616,24114.7578,50675.3325,37508.8155,33365.9202,34944.8472,4541.4716,48551.3806,44112.6376,54629.8027,-3907.3974,-3683.3435,21789.0143
51416.114,24108.9463,50675.7349,37514.1352,33370.927,34939.9745,4537.2248,48555.091,44115.0963,54631.412,-3893.7628,-3676.0569,21790.1766
51429.6144,24110.7792,50674.4832,37521.1984,33385.8579,34938.7228,4535.9284,48571.8995,44126.8981,54634.1389,-3879.9047,-3667.2056,21792.233
51431.8049,24110.4215,50669.7446,37521.4666,33381.3429,34935.7277,4534.4979,48569.1279,44125.0652,54634.6307,-3883.794,-3667.5632,21785.4828
51411.3754,24105.2359,50665.766,37506.8933,33351.168,34928.4858,4525.423,48541.68,44104.9486,54623.0972,-3901.3624,-3684.7293,21776.1397
51401.4065,24105.6383,50662.4579,37498.3996,33344.239,34924.5071,4519.3881,48532.2475,44093.5045,54613.62,-3908.515,-3698.1404,21775.1563
51410.6154,24116.1436,50664.8272,37506.938,33360.7793,34929.1116,4523.6796,48556.3874,44102.3111,54621.1302,-3895.5063,-3685.981,21781.0571
51424.697,24121.2845,50666.6601,37512.8388,33370.167,34940.8686,4523.6349,48574.9394,44115.5881,54625.6006,-3882.9446,-3669.1278,21787.852
51427.4687,24118.1999,50664.8272,37512.3918,33364.4897,34942.7909,4518.6728,48571.7207,44107.9438,54624.2595,-3888.8454,-3673.1511,21784.7675
51419.422,24113.7743,50664.1567,37506.8486,33353.2691,34942.6568,4518.0917,48552.8558,44095.5609,54621.0408,-3904.2681,-3685.3552,21781.4147
51413.8341,24108.2758,50665.6319,37497.7738,33340.0816,34940.8239,4518.5387,48548.1173,44083.8486,54619.0739,-3911.5995,-3690.7643,21779.2243
51424.6523,24109.9298,50660.938,37498.1761,33356.5772,34942.165,4516.8847,48555.7169,44090.6435,54619.4762,-3908.6938,-3684.2376,21781.5936
51434.2636,24115.8754,50655.1713,37503.8087,33368.2448,34943.1485,4513.4425,48574.4029,44101.0594,54618.8504,-3899.2167,-3675.2522,21781.9512
51434.3977,24114.8919,50660.8933,37501.4842,33360.7793,34942.3885,4517.1976,48570.469,44101.2383,54622.0243,-3894.9698,-3673.2405,21784.991
51413.0741,24107.0241,50667.5988,37490.6659,33347.3682,34941.3604,4517.4658,48553.7946,44089.6153,54618.4927,-3909.6326,-3683.2988,21782.9347
51410.526,24106.13,50673.008,37485.5697,33342.585,34941.0027,4520.461,48540.3389,44091.4035,54617.1963,-3914.1923,-3691.7925,21783.4711
51430.7767,24116.4565,50678.3724,37491.6494,33362.7462,34947.6188,4530.4745,48562.5565,44096.0079,54624.2595,-3899.9766,-3680.1249,21789.5508
51431.0002,24120.7927,50678.5065,37501.4395,33378.1242,34950.3905,4532.665,48584.0589,44102.7135,54624.7959,-3886.9679,-3667.8314,21790.8472
51422.9089,24117.2165,50672.6503,37496.9691,33370.6141,34945.5178,4531.2792,48569.4855,44090.5988,54619.9679,-3892.1535,-3672.57,21789.9531
51403.4629,24110.8239,50667.0177,37485.0333,33349.3799,34935.9512,4529.4464,48539.7577,44072.181,54609.5073,-3908.6044,-3686.8751,21780.1183
51381.3794,24109.8851,50663.3967,37475.5561,33338.204,34929.0222,4530.4298,48515.8414,44059.9322,54606.7804,-3915.0864,-3695.5029,21775.648
51389.2025,24118.3341,50668.627,37480.0265,33354.7443,34932.5985,4535.6601,48519.7753,44062.0333,54611.6084,-3900.2895,-3680.6613,21783.2476
51407.0839,24123.162,50672.0692,37487.8049,33373.5645,34939.0358,4541.6504,48532.4264,44068.2918,54616.7493,-3888.5772,-3672.3912,21789.3273
51405.7875,24117.3059,50669.1635,37485.972,33373.9668,34933.7608,4539.6835,48522.681,44067.9789,54614.6482,-3890.5889,-3676.4145,21787.1815
51378.1607,24112.3885,50666.8389,37479.803,33356.5772,34925.0436,4538.2977,48494.4731,44047.8176,54608.0768,-3905.7881,-3690.4067,21783.3817
51363.8109,24107.8734,50662.4132,37477.9701,33345.3119,34924.6413,4541.2928,48466.3546,44038.3404,54599.8514,-3914.6394,-3693.7147,21781.2359
51375.0762,24113.2826,50659.284,37484.7651,33357.6947,34928.3516,4541.2481,48468.7239,44036.8652,54604.7688,-3900.8707,-3685.7575,21785.304
51390.0965,24125.9336,50657.5853,37495.8515,33380.3147,34927.9493,4544.6455,48481.7326,44037.7146,54607.898,-3885.4927,-3678.5156,21788.2991
51383.8828,24133.0862,50662.0556,37498.8914,33380.6276,34928.8881,4548.7583,48480.4362,44036.9993,54610.0438,-3885.2692,-3675.5651,21794.2446
51366.2696,24131.0745,50662.2344,37489.9954,33352.2409,34921.065,4548.7136,48446.0145,44022.5601,54602.9806,-3901.6753,-3689.3338,21787.1368
51353.395,24126.8724,50659.5075,37481.457,33332.4373,34914.4936,4545.5843,48427.5073,44007.7633,54594.2187,-3911.7783,-3698.8109,21782.8006
51358.9829,24125.4419,50660.7145,37487.2237,33337.8017,34918.5169,4545.3608,48430.5471,44011.429,54595.4704,-3902.2565,-3696.2628,21784.2311
51365.599,24130.4487,50662.7262,37502.6911,33359.1253,34930.3186,4550.5464,48441.0524,44025.8235,54598.1973,-3888.2643,-3682.7177,21788.5226
51362.5592,24133.2203,50668.627,37511.2295,33360.3323,34936.13,4555.6426,48443.1982,44026.6281,54598.3315,-3879.5471,-3677.2639,21790.5343
51353.395,24129.197,50669.5658,37505.1498,33333.0184,34935.9512,4556.1343,48423.931,44013.0383,54590.2401,-3889.069,-3687.5904,21785.3934
51343.3367,24125.3525,50670.3258,37494.7339,33325.24,34933.4925,4556.4026,48403.4568,44007.1374,54589.5696,-3896.8027,-3688.9762,21785.6616
51357.2842,24131.0298,50675.3772,37504.4793,33343.7026,34938.9911,4560.7835,48418.6113,44013.4406,54599.6726,-3884.8668,-3675.431,21791.8754
51370.0247,24133.2203,50670.8622,37511.7213,33353.2244,34938.5887,4557.0284,48427.8649,44015.4076,54598.7785,-3874.2721,-3672.3018,21790.7131
51373.9586,24131.9239,50672.0692,37507.9215,33350.8998,34939.2146,4556.1343,48420.9806,44011.2948,54592.0283,-3875.6579,-3674.9393,21790.3107
51357.91,24126.9618,50673.8573,37501.5736,33332.7949,34938.8123,4557.3413,48410.6988,43996.4086,54589.2119,-3892.1535,-3685.6681,21790.4001
51349.0587,24129.957,50676.3607,37500.1431,33327.0729,34940.4663,4557.8778,48399.5229,43993.0111,54589.7931,-3893.2711,-3687.9927,21790.4449
51359.3853,24130.1805,50672.8292,37502.1994,33340.5733,34941.3157,4554.4803,48401.7581,43999.0908,54588.452,-3884.9562,-3680.8848,21790.7131
51376.7749,24133.7121,50673.3656,37513.7329,33350.0504,34945.0707,4558.7718,48420.2206,44015.5864,54591.3577,-3873.9592,-3668.6808,21794.1999
51384.8215,24139.3894,50679.4453,37526.5181,33352.6433,34950.4352,4561.4988,48423.484,44018.2239,54594.174,-3869.7124,-3661.3941,21795.6752
51372.3046,24134.4273,50680.4734,37520.5725,33338.2487,34947.0824,4561.3199,48399.3441,44006.5116,54590.0613,-3883.0787,-3671.8547,21794.1105
51362.6486,24132.6839,50680.1605,37514.0905,33320.5909,34944.6684,4560.113,48379.451,43996.7662,54584.2946,-3893.137,-3682.5836,21792.5459
51377.7137,24135.9919,50680.2946,37515.6999,33336.6394,34943.7743,4564.5386,48389.9117,44006.6904,54587.2003,-3883.6598,-3671.6759,21797.9997
51396.9809,24139.3894,50683.2451,37528.7533,33360.6452,34948.2894,4568.3831,48413.2469,44022.873,54594.3975,-3865.9126,-3655.1356,21806.0911
51402.4794,24138.5847,50683.9156,37527.4569,33359.6617,34950.9269,4568.7407,48412.7998,44025.6,54599.8514,-3865.5549,-3655.2697,21806.1805
51383.1228,24137.9589,50685.6591,37517.9797,33337.5335,34943.2826,4567.7572,48387.6318,44010.9372,54597.8397,-3878.206,-3669.8431,21804.1241
51371.3658,24129.2417,50678.9982,37503.6746,33329.9339,34932.7773,4563.5998,48368.0069,43998.8673,54590.6425,-3888.0408,-3679.6778,21801.576
51392.0635,24133.9803,50680.5182,37509.5308,33339.9922,34941.5392,4564.1363,48379.764,44013.3065,54596.0516,-3873.6463,-3665.1492,21808.9968
51409.8108,24134.472,50677.6124,37515.834,33347.3682,34938.1864,4562.7058,48391.3869,44018.0898,54598.3762,-3865.9573,-3654.1075,21810.0697
51410.7049,24135.0532,50673.9914,37518.1139,33341.378,34934.9231,4559.353,48385.6648,44012.7701,54598.0632,-3867.9689,-3658.6225,21805.8228
51398.5008,24129.3758,50671.7563,37501.2606,33323.8989,34930.5868,4556.0896,48368.6775,44002.8459,54594.3975,-3879.86,-3676.7274,21801.2631
51388.8001,24119.6752,50671.9351,37490.0401,33308.655,34928.7093,4556.3579,48356.9205,43999.3143,54588.452,-3889.6948,-3684.9082,21797.4633
51405.3851,24123.2514,50670.7728,37498.8019,33326.0447,34938.0523,4557.699,48377.6182,44012.8595,54589.1672,-3883.4363,-3671.7653,21800.0561
51415.9352,24122.715,50664.2908,37504.6134,33343.9261,34941.7627,4553.4521,48396.2148,44023.5883,54592.3412,-3875.6132,-3662.7352,21797.8209
51405.6534,24123.8326,50664.2461,37501.9312,33339.5451,34934.9678,4550.9487,48396.349,44017.2404,54589.3461,-3884.4198,-3673.3747,21792.68
51383.1228,24113.1932,50662.0109,37487.2684,33311.8737,34926.6529,4546.1208,48378.8252,44002.7118,54583.624,-3900.6919,-3688.6185,21787.1815
51371.8575,24111.0027,50662.5921,37483.4687,33300.6084,34924.9989,4545.9867,48361.7038,43996.9003,54583.4452,-3901.273,-3692.5524,21786.958
51391.08,24114.9813,50669.0294,37489.6824,33324.4801,34928.754,4549.3841,48387.0953,44010.9372,54593.3694,-3887.6832,-3678.5156,21793.3506
51409.632,24122.8491,50668.6717,37496.7903,33343.5684,34932.4644,4551.3958,48405.3344,44021.4872,54597.3033,-3880.173,-3665.8645,21797.1951
51418.3044,24121.3739,50672.1139,37507.8321,33347.6812,34935.5936,4554.078,48406.0049,44024.9741,54600.2984,-3873.9592,-3664.0763,21801.2631
51402.9264,24121.9103,50670.9516,37504.7922,33331.722,34936.3536,4555.5085,48387.3636,44026.2258,54602.3995,-3881.6482,-3667.5632,21801.8442
51393.3152,24121.508,50670.4152,37495.3598,33315.8076,34930.3633,4553.1839,48381.1945,44016.9722,54594.7105,-3892.6452,-3680.259,21793.8423
51401.3618,24126.0678,50669.4317,37504.6134,33327.9222,34935.9065,4553.7651,48398.4053,44019.4309,54598.7785,-3882.7211,-3673.3747,21793.44
51415.8905,24132.7733,50672.4715,37521.556,33349.8716,34945.6072,4557.1625,48420.0865,44038.7428,54609.5073,-3864.2585,-3658.846,21802.2913
51409.6767,24130.6722,50671.0857,37528.3957,33354.1185,34947.2165,4558.3248,48424.378,44042.2744,54610.312,-3861.9339,-3659.9636,21805.8228
51390.186,24125.8889,50666.6601,37515.2975,33339.1428,34942.8803,4552.7816,48407.7036,44025.2423,54600.2984,-3878.4742,-3672.9276,21798.7597
51384.1063,24128.9735,50670.2811,37513.1965,33333.8231,34939.1699,4556.0002,48398.1818,44020.3696,54596.141,-3884.3304,-3674.4922,21797.2845
51398.4561,24132.0133,50670.9516,37521.6454,33350.9445,34943.0591,4556.0896,48409.1341,44026.3599,54601.7736,-3874.0039,-3664.2551,21799.6091
51421.2549,24139.7023,50674.4385,37539.4374,33366.7696,34954.7714,4557.0284,48425.8533,44039.3239,54608.4344,-3856.9719,-3653.2134,21803.0065
51424.2053,24146.8549,50673.008,37536.9787,33358.9464,34953.6985,4553.0945,48420.2206,44039.1451,54602.4442,-3861.2187,-3661.3941,21801.1737
51407.7097,24139.9258,50669.9681,37519.3208,33338.9193,34950.4352,4545.4949,48400.2829,44024.3483,54597.1692,-3882.1399,-3675.6098,21796.2563
51395.9974,24134.6955,50670.5493,37519.5891,33329.7551,34955.9784,4544.6008,48390.6716,44019.9226,54592.2965,-3887.8173,-3679.9461,21795.8093
51412.0907,24138.3612,50669.5211,37531.0332,33348.307,34962.4157,4546.2102,48417.9854,44032.529,54597.6162,-3876.5073,-3666.8479,21800.0114
51431.939,24139.6129,50666.6601,37535.8164,33370.3011,34965.1873,4546.4784,48449.9931,44043.7496,54600.969,-3864.795,-3656.0744,21803.0959
51423.803,24138.1377,50664.9613,37531.6143,33366.1884,34960.5381,4544.6008,48446.1039,44048.0411,54602.2207,-3866.002,-3659.5613,21802.2466
51405.4298,24132.6392,50659.6863,37519.0079,33344.5072,34950.5693,4541.6951,48421.3829,44033.7807,54596.588,-3876.5967,-3672.9276,21794.1999
51396.1315,24128.6159,50660.8039,37510.6037,33338.2487,34946.233,4543.7068,48409.5365,44024.7059,54597.6162,-3888.1302,-3680.7954,21789.5508
51408.6038,24129.5546,50664.4696,37513.3753,33357.6947,34946.3671,4544.9138,48428.4014,44039.8157,54605.037,-3883.794,-3672.9276,21791.1601
51423.2665,24134.2038,50665.4531,37522.9865,33370.3011,34943.5508,4545.8525,48447.9368,44045.493,54609.7308,-3875.5238,-3668.3232,21791.3389
51413.5212,24133.1309,50667.8671,37520.7067,33356.8454,34939.6169,4544.9138,48443.0641,44043.5261,54606.1099,-3876.8649,-3672.57,21789.2826
51393.4493,24128.7053,50665.9448,37510.6484,33334.4936,34934.7442,4544.2879,48419.2818,44034.5407,54596.8562,-3888.4878,-3685.534,21783.7393
51388.8001,24122.8044,50665.0507,37506.1333,33328.7269,34930.3633,4544.6903,48405.9155,44031.3667,54593.6376,-3894.8804,-3691.5243,21780.1183
51398.9925,24127.543,50663.0838,37506.938,33342.6744,34930.5421,4545.182,48421.7405,44043.3919,54600.3431,-3891.3488,-3683.6118,21781.9512
51414.7729,24130.6722,50668.0012,37514.4482,33363.5956,34933.9843,4551.7981,48437.9232,44066.9954,54613.0836,-3878.5636,-3666.3115,21789.9978
51419.8691,24131.7451,50668.4482,37516.1916,33370.6141,34934.5654,4552.1557,48435.3751,44065.9225,54610.9378,-3875.8814,-3663.5399,21787.5838
51402.8817,24125.8442,50668.4482,37504.9263,33356.756,34930.6762,4550.6358,48427.4626,44044.5095,54605.6628,-3891.5277,-3677.0403,21784.0523
51396.4444,24120.3457,50670.9516,37499.1149,33333.7784,34933.5819,4553.0051,48420.0418,44037.6699,54602.2207,-3901.7648,-3682.9859,21785.304
51416.7398,24127.9453,50673.5444,37505.731,33357.1136,34937.2476,4560.3812,48432.7376,44053.9867,54610.8037,-3887.6832,-3671.0501,21792.4118
51440.0303,24135.7684,50676.8078,37520.7067,33387.2885,34938.2758,4564.0469,48460.1855,44071.6892,54624.2595,-3869.3994,-3656.1638,21798.1786
51434.7553,24131.7898,50676.8078,37520.7067,33383.6228,34936.7112,4562.3928,48456.5645,44068.5153,54621.8902,-3875.4344,-3662.7799,21793.44
51409.7214,24129.7781,50672.4268,37510.4249,33363.238,34935.8171,4560.2471,48432.38,44047.6835,54614.4694,-3893.4946,-3682.0918,21786.1533
51406.9945,24125.3525,50670.0128,37507.1615,33350.274,34933.0008,4557.386,48422.5452,44040.218,54610.4908,-3896.9815,-3687.8139,21787.0921
51414.2811,24125.6207,50672.6503,37507.5638,33362.2545,34935.9512,4555.0168,48430.1448,44054.7913,54616.3917,-3879.1001,-3676.9509,21794.4682
51423.6689,24128.5264,50670.9963,37516.2363,33377.4537,34937.7841,4557.7884,48449.2332,44059.4405,54621.3537,-3871.2323,-3661.707,21797.9103
51417.1422,24124.8161,50670.8622,37517.6668,33379.5995,34935.4595,4556.2685,48452.4071,44063.1062,54623.0078,-3875.3897,-3661.3941,21796.4351
51398.6349,24114.5343,50671.0857,37507.2062,33357.6947,34931.2574,4553.318,48428.8037,44049.6504,54614.2906,-3888.2643,-3675.9675,21793.5741
51380.083,24104.6548,50668.6717,37494.5551,33337.31,34926.5635,4547.5513,48414.588,44039.3239,54604.0088,-3901.8989,-3686.8751,21788.2544
51388.9343,24109.751,50669.7893,37504.8816,33353.6714,34934.1631,4549.2947,48432.5588,44048.9352,54611.7425,-3889.069,-3672.2124,21793.3059
51403.3288,24113.3273,50667.42,37522.9418,33374.9056,34938.7676,4548.8477,48449.0991,44053.8526,54616.6599,-3875.4344,-3660.8577,21793.7082
51399.4396,24106.9794,50665.0507,37519.9914,33371.7316,34933.3137,4547.4172,48443.4217,44049.0246,54612.1895,-3879.0107,-3666.535,21789.6402
51385.1345,24097.9046,50665.1849,37509.6202,33353.9397,34925.9824,4543.7515,48427.3285,44035.8371,54605.7969,-3897.5626,-3681.6001,21782.9347
51376.9984,24096.6976,50667.9565,37503.2723,33339.9028,34923.8366,4543.6621,48409.6706,44032.8866,54604.3664,-3906.9504,-3687.7692,21781.5042
51393.8069,24094.5071,50665.8554,37506.1333,33349.961,34926.9211,4543.3044,48424.3333,44045.7165,54608.1215,-3893.5393,-3682.2259,21784.7228
51398.0985,24094.0154,50661.5639,37514.5376,33364.0426,34934.9231,4544.2432,48437.9679,44053.7184,54609.9544,-3886.6103,-3676.2804,21785.2592
51392.7341,24097.994,50663.9332,37518.1139,33362.478,34937.4712,4544.2879,48429.4295,44047.1917,54610.312,-3891.0806,-3677.1297,21782.0853
51381.7817,24101.3914,50664.559,37508.6814,33344.0155,34930.8103,4545.7184,48414.0515,44036.3735,54602.4442,-3906.1457,-3693.9383,21774.441
51372.394,24097.0999,50663.2626,37493.5269,33326.1341,34926.34,4544.422,48407.1225,44030.4726,54599.762,-3920.1826,-3702.6107,21771.4459
51384.7321,24101.2126,50663.2179,37498.3102,33344.5966,34936.3536,4544.1091,48421.964,44037.3123,54601.5501,-3913.2088,-3694.2065,21771.0882
51397.7855,24110.2874,50663.3967,37511.1848,33373.2069,34942.0756,4545.5843,48437.2526,44045.4036,54607.5851,-3901.8989,-3680.1696,21774.3516
51400.1548,24113.7296,50663.3073,37511.766,33369.1388,34940.5557,4546.1655,48446.0145,44044.5989,54604.4558,-3900.2001,-3677.3533,21774.441
51387.1461,24104.5207,50666.0789,37502.6911,33343.3449,34931.5703,4543.9303,48438.9514,44037.6699,54600.969,-3904.5811,-3685.981,21774.1728
51386.0732,24100.2291,50671.801,37503.764,33336.997,34937.0688,4545.8525,48423.171,44046.2977,54607.3616,-3907.3527,-3690.0491,21779.4925
51405.4745,24111.3156,50674.5726,37518.4268,33364.1768,34945.1602,4552.6475,48434.1234,44059.3064,54614.4694,-3892.8241,-3680.3037,21787.3603
51419.3326,24116.233,50671.488,37524.5064,33380.27,34947.5741,4555.7767,48450.1272,44061.7204,54619.5656,-3874.0933,-3669.3513,21792.6353
51420.5843,24118.1105,50672.1139,37524.73,33378.7948,34948.2447,4556.6261,48447.8921,44058.01,54618.6268,-3871.1876,-3668.6808,21794.0658
51412.5377,24114.5343,50673.8573,37512.9282,33363.1486,34941.4051,4554.3015,48436.448,44055.149,54617.241,-3880.8882,-3676.0122,21793.7082
51404.1334,24113.1037,50674.8855,37508.4132,33355.9513,34938.0523,4554.2121,48432.5141,44054.9701,54612.9495,-3888.1749,-3678.2026,21793.1271
51419.2432,24122.0891,50675.109,37522.7183,33384.6509,34944.132,4562.6163,48445.7016,44066.146,54616.3023,-3873.7357,-3661.707,21800.3243
51437.4375,24133.0862,50675.7796,37534.5647,33407.7626,34956.0231,4568.8748,48471.2273,44077.2325,54623.7677,-3860.4587,-3652.9005,21802.9618
51434.7553,24134.1591,50677.7912,37529.9603,33399.4478,34955.7102,4570.5736,48479.1845,44082.3734,54626.4052,-3865.1973,-3654.331,21800.1455
51421.3443,24126.9618,50675.8243,37514.1799,33368.7812,34941.7627,4564.7174,48453.6141,44069.1859,54621.9796,-3886.4762,-3668.8596,21794.3341
51415.2199,24115.1154,50673.9467,37504.0323,33354.8784,34934.7889,4559.7106,48442.9747,44058.9041,54618.0904,-3900.0213,-3678.2473,21788.9249
51421.7913,24112.5226,50673.5891,37503.8087,33370.3905,34930.408,4557.1178,48452.1389,44064.2685,54619.655,-3895.1933,-3671.2736,21786.2874
51428.5415,24112.8802,50673.7679,37507.4744,33386.0815,34932.9114,4553.6757,48462.376,44070.3481,54617.241,-3885.2245,-3665.641,21785.2592
51425.5911,24112.7908,50674.8855,37504.2111,33377.9454,34932.7773,4553.4521,48459.2021,44070.3481,54616.2575,-3886.1632,-3668.6361,21782.577
51413.7894,24106.3088,50674.215,37491.0682,33354.342,34924.7307,4552.0663,48445.4334,44058.01,54612.3683,-3902.1224,-3682.4048,21777.0785
51406.4133,24103.1349,50674.2597,37486.1509,33343.032,34918.2934,4546.1208,48432.2459,44051.7068,54607.4063,-3913.2982,-3688.7527,21771.4459
51415.3093,24104.6995,50668.4482,37495.2704,33363.5062,34922.6743,4544.2879,48443.1088,44061.6757,54610.3567,-3903.1953,-3683.4776,21772.2952
51431.179,24112.6567,50671.3092,37513.3753,33391.4012,34929.9163,4549.2053,48462.2866,44070.1693,54618.0904,-3890.8571,-3667.742,21779.8054
51425.01,24118.8258,50674.7961,37509.5755,33388.6743,34936.3089,4549.0712,48467.2487,44066.4142,54619.5209,-3892.9582,-3672.4806,21779.4478
51406.9498,24113.5955,50672.248,37497.6397,33362.478,34932.1514,4545.4055,48454.2847,44057.8759,54612.413,-3911.2866,-3687.0986,21773.4575
51403.597,24108.5887,50673.5891,37494.1975,33357.2477,34928.5752,4545.1373,48447.8027,44055.5066,54609.3732,-3919.5567,-3691.4349,21773.3234
51416.1587,24116.3224,50676.7631,37503.0041,33373.6539,34930.4527,4549.8759,48468.0086,44066.7272,54616.0787,-3904.0446,-3678.4708,21782.1747
51433.4589,24122.268,50676.8972,37511.9448,33388.719,34938.4993,4554.525,48489.2428,44080.5405,54624.7959,-3885.5374,-3665.6857,21790.5343
51435.0682,24122.5809,50680.5182,37517.3539,33395.6927,34944.7131,4555.3297,48496.5295,44087.6931,54626.9417,-3882.0505,-3664.6128,21789.9531
51417.5892,24115.9201,50678.5959,37512.7494,33378.8842,34942.165,4553.7204,48483.1184,44075.8914,54620.5938,-3892.3323,-3672.5253,21787.3603
51418.7515,24121.2845,50683.7368,37513.7329,33371.7763,34944.6237,4560.0235,48480.2574,44071.2869,54622.6501,-3892.1535,-3669.7537,21791.2048
51437.5269,24129.957,50686.866,37524.6406,33392.3399,34958.5265,4565.3433,48504.7102,44084.698,54630.6521,-3875.3003,-3654.2416,21800.4584
51445.8865,24131.7898,50685.3908,37534.2518,33407.0027,34956.9619,4564.628,48527.5537,44094.041,54630.965,-3865.4655,-3646.9549,21800.7267
51443.2937,24128.437,50682.3063,37530.0497,33401.4595,34951.3739,4560.113,48522.0999,44092.2529,54624.3489,-3870.6958,-3653.9286,21796.1669
51425.01,24122.3127,50681.8593,37515.7446,33383.9357,34947.1271,4561.9011,48500.9551,44083.8486,54621.2643,-3883.3022,-3665.2833,21794.0211
51411.1519,24116.6353,50681.9934,37508.4132,33371.7316,34945.7413,4559.4424,48489.7792,44075.6679,54619.1186,-3893.0476,-3672.7935,21791.6518
51427.6028,24125.576,50685.3461,37515.1187,33389.6577,34949.7646,4562.0352,48509.5829,44086.6202,54628.7745,-3885.1351,-3663.5399,21794.8705
51443.1149,24138.0483,50684.4968,37527.7251,33401.9065,34957.6324,4562.8846,48526.1679,44094.3539,54632.9319,-3869.0418,-3653.0346,21795.541
51447.3617,24136.9754,50683.1557,37525.7581,33396.0503,34955.3525,4561.4094,48524.7374,44090.5541,54626.4946,-3873.2439,-3661.6176,21789.9531
51433.3248,24127.7665,50682.7533,37513.4647,33376.5596,34954.2797,4560.5153,48503.6373,44077.7689,54622.7396,-3889.8736,-3676.4145,21786.1086
51415.2646,24126.336,50685.0332,37503.6299,33361.3604,34950.614,4558.1907,48484.1913,44070.6611,54619.4315,-3898.6355,-3681.7789,21783.4264
51427.7369,24129.5546,50684.1838,37512.0789,33382.2817,34953.475,4560.1577,48500.3293,44085.6814,54621.3984,-3889.6054,-3667.5185,21785.1698
51440.2092,24137.1542,50685.3908,37515.521,33398.1514,34952.7597,4563.868,48518.613,44092.7893,54627.3887,-3885.6715,-3658.7566,21785.8404
51427.6028,24134.6508,50686.3296,37511.6765,33385.0533,34949.5411,4557.7884,48513.1145,44086.799,54624.7959,-3890.1418,-3665.1045,21784.0523
51413.0294,24126.7383,50682.3957,37503.6746,33373.2069,34944.0426,4552.2898,48496.9318,44074.0138,54616.3023,-3898.0097,-3673.3747,21779.9842
51405.0722,24121.1504,50676.5842,37494.2869,33359.4829,34942.165,4547.3725,48492.8191,44071.5104,54609.1497,-3907.0398,-3683.7012,21773.3234
51432.0284,24121.8656,50676.3607,37511.1848,33380.7617,34952.3574,4555.0168,48508.0183,44083.491,54620.1468,-3893.6287,-3670.3795,21779.2243
51450.0886,24127.6771,50679.3112,37524.6853,33404.991,34963.8462,4561.5882,48526.6596,44095.1139,54630.205,-3874.9427,-3652.6769,21790.4449
51447.3617,24127.0959,50683.2004,37525.8029,33399.4925,34963.7121,4561.4094,48521.5634,44097.0361,54628.1487,-3873.8698,-3655.8062,21790.1766
51435.3365,24121.6868,50685.1673,37512.213,33374.6821,34957.2748,4560.7388,48504.3526,44085.4579,54626.0029,-3887.102,-3667.7867,21787.405
51424.7417,24118.1552,50680.9652,37508.2791,33372.3128,34956.5148,4561.0517,48495.0989,44077.0537,54622.1137,-3891.8853,-3672.6594,21789.059
51424.7864,24118.2446,50674.662,37514.3141,33382.5499,34957.096,4556.2685,48507.2136,44093.3257,54623.4548,-3882.4081,-3660.5448,21792.5459
51437.0352,24118.7364,50672.3374,37527.2781,33398.1067,34962.5051,4557.3413,48523.8433,44103.3393,54632.9767,-3865.1526,-3647.8043,21799.0726
51439.628,24118.1105,50671.8904,37529.5579,33401.37,34963.8909,4562.0799,48528.2689,44100.5677,54636.5529,-3870.07,-3648.4748,21802.1125
51415.1752,24106.7111,50667.3306,37511.4083,33370.2117,34949.6752,4552.5581,48505.1125,44085.592,54630.6968,-3891.3935,-3662.6011,21791.0707
51410.7049,24113.1932,50669.4317,37508.8602,33363.0592,34954.0114,4551.1276,48502.9221,44081.0323,54626.9417,-3896.7133,-3669.0831,21791.4283
51424.7417,24117.5294,50674.1703,37522.8971,33382.2817,34958.303,4555.0168,48515.3496,44096.3209,54634.8542,-3878.4295,-3655.6721,21799.922
51431.3132,24116.6353,50670.6834,37528.7086,33396.9891,34959.3759,4552.3345,48529.2077,44100.8359,54635.6589,-3869.8465,-3649.6371,21796.9269
51430.1509,24109.6616,50667.6435,37525.8029,33392.1611,34960.1805,4552.2004,48528.403,44100.8359,54629.9815,-3876.999,-3653.8839,21793.887
51420.0926,24111.0921,50669.6552,37514.8058,33377.8113,34954.3691,4553.8992,48520.267,44089.6153,54627.1652,-3892.0641,-3662.3776,21788.6567
51411.6883,24101.2573,50666.213,37501.2606,33365.2496,34947.0824,4551.4405,48511.8181,44080.6299,54621.5326,-3902.2565,-3669.4407,21782.9794
51419.3326,24098.0834,50662.7262,37504.524,33369.0047,34950.2563,4548.5348,48520.1776,44092.7893,54625.2429,-3892.7346,-3659.4272,21783.784
51436.767,24110.5109,50667.8671,37522.8971,33398.3749,34960.9405,4554.7932,48540.1154,44106.8262,54634.7201,-3874.3615,-3648.0278,21790.5343
51434.0848,24111.0921,50668.3141,37519.7232,33390.7753,34955.9337,4553.6309,48535.4662,44104.0993,54631.725,-3882.274,-3653.124,21787.0921
51414.8623,24110.5556,50670.0128,37509.9331,33371.6869,34955.129,4552.5581,48530.6829,44096.1868,54625.8241,-3896.758,-3668.9937,21783.8287
51408.6932,24104.3866,50666.8389,37506.8486,33370.0329,34954.3691,4552.0663,48527.3749,44091.9846,54624.036,-3901.3624,-3678.2026,21782.9347
51425.5911,24107.0241,50664.2908,37516.1022,33386.6626,34954.5032,4549.5629,48536.6732,44099.4501,54629.311,-3892.4217,-3666.6691,21785.8404
51440.0303,24111.6732,50664.4696,37523.0759,33399.1349,34956.2466,4549.1606,48545.7927,44104.4122,54631.0097,-3880.0836,-3655.5827,21790.2213
51432.7437,24113.7743,50666.6154,37522.4501,33396.095,34956.0678,4550.0547,48545.9268,44101.1041,54629.5792,-3880.5753,-3655.4039,21789.5508
51416.0693,24112.9696,50669.2529,37516.6833,33379.6442,34954.4585,4552.2004,48525.4973,44092.3423,54622.7843,-3890.3654,-3669.4407,21789.059
51406.2792,24116.3224,50673.1421,37515.074,33364.2662,34956.3807,4552.0663,48521.7422,44085.145,54623.6336,-3894.4334,-3673.6876,21786.9133
51417.4104,24113.0143,50673.0974,37521.4666,33377.4984,34957.8559,4551.8428,48533.4992,44094.9351,54628.7298,-3884.0175,-3666.9821,21784.991
51427.3793,24114.5343,50671.041,37532.106,33395.4245,34959.7782,4552.8263,48550.6207,44113.6211,54634.0942,-3873.8698,-3652.0958,21790.7578
51431.9837,24114.6684,50672.9186,37540.8232,33396.3186,34959.2417,4556.0896,48546.4185,44111.3412,54635.3012,-3872.2605,-3651.1123,21793.3506
51417.5445,24116.5906,50673.5444,37531.1673,33380.717,34956.6936,4558.7718,48534.5274,44092.8787,54630.205,-3883.481,-3659.0695,21791.4283
51405.251,24111.0921,50672.4268,37523.0759,33365.9202,34949.1835,4554.6591,48518.8812,44085.8155,54623.3207,-3892.2429,-3666.088,21786.6004
51427.111,24112.2097,50672.7844,37523.1653,33375.8891,34956.2913,4555.6873,48532.6946,44099.6736,54630.4733,-3879.6365,-3657.8178,21792.9035
51440.0303,24111.1815,50673.2315,37531.4802,33389.613,34965.679,4556.2238,48543.0658,44113.6658,54636.3741,-3866.2702,-3644.6303,21798.8491
51442.6678,24111.4944,50672.6503,37537.2022,33389.4342,34968.0036,4554.525,48538.6848,44109.6872,54632.3061,-3871.6346,-3650.8441,21795.3175
51419.1091,24102.8219,50665.2743,37522.8524,33364.8473,34955.7996,4547.6854,48524.2903,44098.3325,54626.7182,-3891.0806,-3667.6973,21786.9133
51407.5309,24096.3399,50664.7825,37514.627,33353.6267,34953.0727,4548.4006,48524.6032,44094.1304,54629.2663,-3896.445,-3672.0335,21783.3817
51423.1324,24102.1514,50669.3423,37527.1887,33378.9289,34960.3146,4551.5299,48546.5974,44105.8427,54634.2283,-3880.1283,-3657.8178,21784.8569
51437.8846,24105.6383,50669.7893,37538.141,33393.7258,34957.6324,4550.8593,48564.7917,44109.866,54638.3858,-3869.4888,-3652.1852,21786.7345
51425.2782,24103.0455,50663.2179,37531.0332,33381.3429,34951.7316,4548.4006,48553.884,44098.8243,54631.5461,-3879.7259,-3657.0132,21783.5158
51406.2792,24096.5635,50662.0556,37516.9963,33358.3206,34946.4566,4548.9371,48538.1037,44086.9331,54626.8523,-3897.7414,-3669.2619,21779.4478
51395.7292,24093.5236,50662.8156,37507.6979,33351.4363,34939.4828,4546.0761,48528.9395,44081.3452,54623.9913,-3904.3576,-3677.1297,21774.7539
51408.0226,24101.3467,50659.6863,37511.766,33372.9833,34941.7627,4546.1655,48547.4467,44091.18,54628.6851,-3892.0641,-3669.5302,21775.0221
51429.9273,24110.5556,50659.6416,37519.4103,33389.3895,34949.6752,4547.5066,48570.6925,44106.245,54634.4966,-3880.2177,-3660.6789,21777.9279
51420.8078,24104.6995,50657.0041,37514.1352,33379.823,34943.5061,4542.5892,48569.0385,44100.1207,54628.2828,-3884.8221,-3662.3776,21777.302
51402.7923,24104.2972,50657.9876,37507.0274,33358.5888,34943.3273,4542.5445,48542.6635,44089.7495,54622.6054,-3898.9037,-3672.6594,21776.8997
51404.804,24111.405,50662.1897,37508.8602,33355.4149,34949.8093,4547.3278,48530.1465,44090.0624,54624.036,-3899.8872,-3676.6827,21780.163
51419.2432,24119.6752,50665.8554,37522.4948,33381.2982,34953.6091,4551.217,48545.3457,44102.3558,54631.725,-3885.448,-3660.6342,21783.9628
51430.4191,24124.8608,50663.6649,37527.144,33397.0785,34958.6159,4552.0216,48561.7965,44112.1906,54636.7764,-3874.5403,-3650.1288,21786.5556
51428.8992,24125.7548,50661.2062,37529.1109,33386.7073,34959.1523,4552.6028,48563.2271,44105.2169,54635.0777,-3877.5355,-3655.538,21782.6217
51417.4104,24119.4516,50664.6037,37522.1372,33364.5791,34954.0114,4552.6475,48547.0444,44095.5162,54628.2381,-3890.1418,-3669.0384,21776.2291
51412.4036,24110.0192,50668.9847,37519.3208,33360.7346,34950.7928,4553.1392,48540.0707,44098.7349,54630.3391,-3895.4169,-3669.3066,21781.1912
51428.4968,24110.0192,50666.5707,37529.0662,33380.1359,34953.7432,4553.4521,48558.8461,44110.0001,54638.5646,-3886.7891,-3660.0977,21784.6334
51436.8117,24112.3438,50664.7378,37538.0516,33392.6529,34957.1407,4550.5464,48569.6197,44117.6444,54641.4703,-3876.552,-3653.2581,21788.4332
51428.2286,24113.4167,50666.973,37536.4423,33384.8745,34954.235,4549.8759,48564.5682,44117.7785,54639.8163,-3878.7872,-3655.8956,21791.026
51415.5775,24110.8686,50668.4482,37525.177,33366.546,34950.8375,4550.0994,48553.1241,44102.0429,54635.9718,-3891.0806,-3665.4621,21786.8686
51408.2909,24116.3224,50672.3374,37523.3889,33361.1369,34952.4915,4553.9886,48552.4535,44102.4005,54638.1176,-3896.3109,-3663.8528,21787.405
51428.3627,24125.2631,50672.5609,37543.5501,33389.2554,34960.4487,4558.2801,48576.504,44117.7785,54642.0068,-3880.8435,-3651.1123,21792.68
51442.9361,24128.0794,50670.594,37547.0817,33402.3982,34962.1028,4558.1013,48593.8489,44125.6464,54645.0913,-3872.484,-3649.9947,21790.1319
51434.6212,24115.3836,50670.4152,37535.4141,33388.5401,34958.75,4552.5134,48589.5574,44117.2421,54640.6657,-3883.8387,-3659.0695,21782.3982
51409.9896,24106.6217,50667.6883,37525.0429,33368.4683,34950.8375,4547.7301,48567.2057,44105.2616,54630.6074,-3894.9698,-3667.3844,21776.8103
51403.597,24101.3467,50664.1567,37517.7562,33356.8007,34947.9765,4544.5561,48551.3806,44103.0264,54626.137,-3901.0048,-3670.0666,21773.4575
51421.2996,24108.7675,50660.5804,37520.2596,33371.9552,34944.6237,4543.3491,48562.4224,44112.0118,54629.9368,-3892.9582,-3662.2882,21772.9658
51439.4045,24112.2544,50660.0887,37527.4122,33380.0465,34942.6568,4542.1869,48576.057,44116.5268,54631.0544,-3885.4927,-3663.5399,21776.0056
51423.3112,24112.1203,50664.3355,37519.8126,33365.0261,34937.6053,4538.3871,48561.7518,44110.7601,54630.3838,-3891.17,-3675.1181,21773.0552
51412.9847,24108.7228,50668.627,37522.0925,33356.443,34940.8239,4539.5941,48543.781,44102.937,54623.276,-3899.5296,-3685.2211,21770.3283
51408.6485,24102.1514,50669.2976,37516.1916,33351.3021,34943.2826,4539.9517,48530.6382,44097.662,54621.4432,-3912.5383,-3688.0821,21767.4226
51414.9517,24105.1465,50665.4978,37522.4501,33365.7414,34947.7082,4538.0294,48540.7412,44102.8923,54626.7629,-3907.2633,-3679.2308,21769.7471
51429.525,24107.9181,50662.1897,37531.7931,33379.0183,34946.3671,4535.079,48556.3874,44103.384,54629.5792,-3896.7133,-3670.9607,21771.8929
51429.4803,24102.7325,50658.0323,37527.8145,33367.306,34939.751,4529.3123,48552.4982,44097.2596,54624.1254,-3907.3974,-3680.7507,21766.6626
51421.7019,24102.7325,50663.1732,37524.5064,33348.5752,34941.0921,4532.1733,48539.1766,44095.1139,54622.2478,-3912.4936,-3688.6185,21768.8978
51414.3258,24104.8336,50665.8554,37517.5774,33344.3731,34945.9201,4532.218,48538.5507,44092.7446,54621.2196,-3914.0582,-3689.6467,21769.9707
51432.7437,24107.9628,50667.9565,37524.5959,33364.8026,34953.1621,4531.3239,48550.0842,44099.4948,54623.2313,-3904.5811,-3677.398,21771.0882
51441.3714,24107.2476,50664.8719,37529.7815,33382.4605,34952.4468,4529.4464,48562.5565,44107.8991,54624.6618,-3895.5957,-3666.4903,21773.8152
51434.6212,24105.9512,50666.526,37535.0565,33378.6607,34957.2301,4533.425,48561.886,44111.3412,54626.137,-3892.6899,-3666.1774,21779.0008
51415.4434,24099.1116,50665.1849,37521.8242,33350.8998,34954.682,4529.5358,48549.2796,44095.5162,54621.8902,-3904.0446,-3677.398,21774.1728
51405.4298,24097.681,50667.5541,37513.867,33345.6695,34957.4983,4532.1286,48540.5624,44085.0109,54617.241,-3902.3012,-3678.2026,21773.4128
51423.8924,24102.1961,50667.4647,37518.9632,33362.5674,34964.9638,4534.0508,48553.7499,44096.3656,54619.4762,-3891.5724,-3670.6477,21778.1961
51435.6494,24106.0853,50670.1022,37522.9418,33381.4323,34965.1426,4536.4648,48575.1629,44110.8495,54628.551,-3886.9679,-3657.1473,21779.8054
51438.5104,24109.2145,50670.6834,37530.9885,33381.03,34961.7451,4536.6883,48573.7771,44105.6192,54621.8902,-3888.3537,-3656.1191,21781.0124
51415.5328,24111.5838,50668.5376,37521.6901,33364.4897,34954.3244,4537.8059,48547.1338,44091.1353,54613.4859,-3897.8755,-3669.2619,21779.8501
51404.1781,24120.1222,50668.4482,37519.6785,33364.8026,34955.0396,4545.2714,48545.2563,44091.3141,54618.3139,-3902.4353,-3670.0219,21784.9463
51416.7845,24126.6042,50672.7397,37517.0857,33379.7336,34952.8939,4548.9818,48560.0978,44101.5959,54626.2264,-3892.1535,-3661.0365,21787.0921
51427.2451,24130.4487,50676.2713,37521.5113,33390.6412,34952.715,4550.4123,48561.4836,44098.1537,54621.3984,-3885.3586,-3659.2484,21783.784
51413.3424,24127.6324,50677.0313,37515.9681,33385.9473,34949.407,4549.7417,48548.5196,44085.8603,54619.7891,-3896.3556,-3668.189,21779.8948
51389.0684,24120.0328,50676.6737,37502.9147,33361.1369,34939.0358,4549.6523,48526.0785,44068.8282,54615.0506,-3916.1146,-3678.3367,21778.2408
51383.6145,24118.9152,50676.4054,37496.7903,33351.5704,34936.6218,4552.0663,48505.7384,44065.8331,54611.1614,-3918.4839,-3678.4708,21779.8054
51397.562,24122.8491,50674.7961,37510.0225,33371.9999,34940.6451,4556.5814,48514.6344,44068.7388,54617.2857,-3902.0777,-3669.3066,21784.1417
51402.2112,24124.0114,50669.1635,37516.3704,33383.3545,34934.1184,4554.6591,48515.1261,44063.732,54615.9446,-3897.652,-3668.4126,21781.683
51381.8711,24119.2728,50665.766,37512.0789,33373.341,34924.2389,4556.3132,48498.0047,44055.0148,54607.0933,-3905.7881,-3674.8052,21775.1563
51360.9946,24116.6353,50662.7262,37502.3782,33347.3682,34918.1145,4555.7767,48470.2885,44037.4017,54600.7901,-3917.9027,-3687.9927,21768.5848
51348.2988,24114.8919,50659.731,37494.1528,33336.4606,34917.3099,4551.3958,48454.1506,44020.4591,54594.0846,-3924.34,-3694.5194,21765.3662
51361.8439,24116.9482,50657.1382,37500.1878,33356.6666,34926.0718,4550.5017,48457.7268,44023.4542,54594.3975,-3912.3595,-3686.6069,21768.4954
51377.8925,24120.9269,50654.2772,37512.9282,33374.9503,34932.1067,4554.525,48464.2982,44029.8468,54597.9291,-3897.4732,-3676.4145,21774.1281
51370.9188,24117.2612,50653.6514,37514.0011,33359.3935,34928.2622,4549.1606,48447.8474,44022.6942,54594.6658,-3902.4353,-3680.1249,21772.8764
51348.3882,24112.2991,50653.7855,37509.7096,33337.8464,34927.4576,4551.217,48421.0253,44011.1607,54586.6638,-3914.8182,-3687.0986,21768.1825
51348.0753,24113.1037,50657.2723,37511.7213,33333.9125,34928.3963,4554.525,48414.0962,44007.1374,54584.9651,-3915.5334,-3684.7293,21771.9376
51374.5397,24127.4983,50665.9895,37527.2334,33362.031,34943.1038,4563.3763,48437.4315,44024.1247,54594.8893,-3893.9416,-3664.434,21785.1698
51387.0567,24131.8792,50665.2296,37531.7037,33374.548,34943.9532,4564.3598,48447.445,44036.0159,54600.7007,-3883.2128,-3657.3261,21790.1766
51376.5067,24121.0163,50664.2014,37528.7086,33356.9348,34941.9862,4557.5649,48432.1117,44020.772,54598.3762,-3889.3819,-3662.6011,21790.4001
51360.0111,24108.0076,50659.4628,37519.2314,33333.7784,34934.2525,4551.5299,48408.106,44007.808,54586.7085,-3906.9057,-3678.4708,21781.8171
51351.0257,24099.4692,50655.6183,37515.6552,33323.8989,34930.3633,4548.3112,48383.7426,43998.7779,54577.8126,-3911.9571,-3683.3435,21775.5139
51368.013,24104.1183,50659.284,37524.6853,33345.2672,34932.5538,4549.5629,48392.6833,44008.7467,54581.8806,-3895.0592,-3667.742,21779.8948
51379.1442,24103.6713,50656.3783,37531.9272,33349.9163,34936.3983,4548.2665,48403.278,44013.3065,54582.9982,-3883.2575,-3659.1589,21782.8453
51373.8245,24101.615,50661.4745,37531.0779,33343.1661,34929.7374,4548.8477,48390.1799,44010.2667,54580.8524,-3887.6832,-3666.3115,21782.0406
51361.531,24100.5868,50661.3851,37519.142,33317.104,34923.166,4545.2267,48364.386,43992.9664,54577.4549,-3906.5927,-3684.774,21777.4808
51360.1452,24100.4527,50661.0721,37512.973,33305.8387,34916.3711,4544.0644,48348.695,43984.0704,54579.5113,-3909.409,-3686.4728,21776.855
51376.1491,24103.4925,50664.3355,37522.8971,33326.4023,34919.9921,4545.8078,48373.5502,44003.2035,54589.3461,-3892.9582,-3672.4359,21780.2078
51389.2919,24106.9347,50665.9895,37523.4336,33339.8581,34921.1991,4545.2714,48386.5142,44016.6593,54595.6939,-3882.587,-3665.2833,21784.7228
51384.2851,24102.9114,50664.9613,37515.5658,33333.376,34918.2934,4544.0197,48382.9379,44015.8546,54591.3577,-3892.1982,-3672.9276,21781.37
51373.5116,24091.4673,50658.9711,37500.7689,33308.8338,34908.8609,4537.9847,48357.2781,44002.0859,54583.177,-3911.5995,-3690.3173,21768.9872
51369.22,24086.6393,50655.216,37499.0255,33292.7406,34905.2399,4533.0673,48336.5804,43987.5573,54575.8009,-3918.2603,-3697.5592,21761.924
51391.6165,24102.1514,50656.2889,37512.5259,33318.4451,34912.7054,4538.7,48363.179,43993.7264,54583.8028,-3903.3294,-3683.3435,21767.6461
51411.5095,24115.5624,50657.8982,37517.935,33337.7123,34921.065,4543.975,48383.0273,44007.9421,54590.4636,-3887.9067,-3668.6361,21775.8715
51406.011,24112.2097,50659.1499,37511.7213,33332.1691,34917.6228,4543.8856,48374.1313,44001.7283,54587.3344,-3885.6268,-3673.3299,21778.8219
51380.5747,24102.509,50657.0935,37502.4676,33312.6336,34914.8959,4539.1917,48357.3675,43996.0957,54582.864,-3899.9319,-3686.0704,21774.3069
51381.1558,24107.2029,50658.2558,37501.7971,33306.5093,34920.2603,4543.1703,48348.7844,43998.3755,54584.5628,-3903.8211,-3684.4164,21775.9609
51399.7525,24117.7082,50664.8719,37513.9564,33329.8445,34932.9114,4551.9769,48369.7951,44012.0548,54593.3694,-3884.688,-3661.7965,21786.7792
51416.4269,24127.99,50667.0624,37524.0147,33351.7939,34941.2709,4558.1907,48402.1157,44030.9644,54603.2488,-3871.6346,-3648.3854,21795.1387
51422.1489,24125.7101,50670.1469,37526.5181,33353.6267,34942.7909,4562.1693,48406.6308,44031.9031,54606.691,-3872.7522,-3650.6206,21795.5858
51404.357,24117.8423,50668.6717,37519.4103,33339.1428,34938.9911,4557.9672,48387.3636,44023.0966,54602.176,-3887.1467,-3662.1988,21790.8472
51392.3317,24115.5177,50667.2859,37514.3141,33329.621,34935.2807,4554.078,48376.7688,44018.2239,54597.0351,-3899.9766,-3670.156,21784.8569
51408.0226,24112.0756,50667.2859,37517.3092,33337.8017,34935.236,4556.1343,48397.0642,44026.6728,54605.2158,-3889.2925,-3660.5895,21788.3885
51430.8661,24119.4963,50675.5114,37532.6425,33357.9183,34942.7909,4564.7174,48418.4772,44038.9216,54613.2624,-3870.2935,-3645.435,21796.9716
51417.2316,24120.3904,50675.6902,37528.7533,33357.5159,34939.1252,4563.7339,48406.4072,44040.1733,54609.9097,-3874.9427,-3651.5594,21795.7646
51397.6961,24113.6849,50670.2363,37516.1022,33334.1807,34935.5042,4560.4706,48385.5307,44022.7836,54599.6279,-3893.0923,-3665.1045,21788.4332
51388.5766,24106.9347,50665.3637,37504.9263,33320.1438,34933.6714,4556.0002,48372.4773,44011.6972,54594.0399,-3897.205,-3672.8829,21782.3982
51408.872,24122.0444,50665.4531,37515.6999,33343.2555,34945.2943,4561.2752,48392.7727,44027.254,54601.1031,-3880.7094,-3656.1191,21788.3885
51433.5036,24138.2718,50666.7942,37530.6308,33372.8045,34957.543,4568.7407,48421.8746,44041.1121,54610.8484,-3867.4772,-3639.1318,21796.0328
51428.2733,24142.2057,50668.6717,37529.3791,33369.72,34954.6373,4569.2772,48425.2274,44035.4347,54613.3071,-3869.1759,-3640.8305,21797.508
51411.1519,24135.9025,50674.5726,37527.3228,33356.1301,34947.2612,4568.6066,48412.0399,44028.4163,54611.3402,-3881.2011,-3657.1026,21792.9482
51399.2161,24131.3428,50671.1304,37521.4666,33343.032,34937.0688,4564.9409,48394.1585,44018.4474,54602.6677,-3893.8969,-3669.7537,21784.3652
51413.4318,24137.5566,50674.0361,37528.038,33358.0971,34943.5955,4568.0255,48419.9971,44030.9644,54607.0039,-3881.5588,-3654.1522,21788.7461
51427.0663,24142.7422,50675.6455,37534.7435,33378.6607,34955.7102,4568.4278,48445.5675,44044.9119,54613.62,-3866.5831,-3643.1551,21791.8754
51422.4619,24140.507,50670.594,37532.9554,33362.5227,34951.821,4563.5104,48438.0573,44032.2161,54607.2274,-3873.6463,-3652.9899,21786.2874
51408.6485,24137.1542,50664.9166,37519.3655,33337.8017,34946.5013,4556.7155,48418.0748,44014.1559,54594.7105,-3890.5889,-3671.363,21776.1397
51407.3074,24132.4604,50665.4978,37520.2149,33333.0631,34948.7364,4551.4405,48419.0136,44014.5135,54589.659,-3889.2031,-3673.4641,21779.6713
51416.9186,24125.8442,50660.8933,37521.3772,33342.0932,34950.3458,4547.9536,48433.3634,44026.4046,54589.3013,-3884.8221,-3665.7751,21782.7111
51425.9487,24123.0279,50660.6251,37524.3723,33358.2312,34955.442,4542.1422,48448.4285,44042.7214,54593.9505,-3874.1827,-3658.2649,21782.3535
51426.3511,24125.9784,50664.7378,37534.2965,33362.8356,34962.4604,4545.4055,48438.4149,44048.354,54601.2372,-3870.517,-3652.2299,21787.5838
51415.0858,24118.3788,50661.2509,37524.3723,33345.5801,34954.9502,4545.8078,48415.3479,44040.3521,54597.7056,-3883.5257,-3661.7517,21786.6004
51400.2442,24112.2991,50661.0274,37514.2246,33342.272,34951.3292,4543.9303,48405.6026,44040.1286,54596.6774,-3890.2313,-3667.7867,21790.3107
51415.5328,24115.786,50663.2626,37521.2878,33358.6782,34952.1339,4548.043,48421.8746,44051.1256,54600.0749,-3877.5355,-3657.5049,21795.0046
51430.8661,24122.1339,50664.1567,37525.7134,33371.0164,34954.5479,4550.8593,48444.4052,44059.7087,54606.0205,-3864.0797,-3646.9996,21797.1504
51420.8972,24118.5576,50662.2791,37515.074,33359.0358,34946.9036,4548.5348,48443.8688,44053.6737,54604.9923,-3873.2886,-3657.5943,21794.6917
51397.5173,24111.8968,50662.0109,37503.5405,33339.6345,34941.4945,4542.4104,48414.9009,44034.0936,54597.9291,-3890.4995,-3673.8217,21788.9249
51386.0285,24109.5275,50661.5639,37494.7339,33331.2303,34934.5654,4538.8341,48406.0943,44020.9508,54594.174,-3899.2614,-3682.5836,21780.5654
51406.011,24116.4565,50666.213,37503.6299,33356.3536,34936.0406,4545.8525,48429.3848,44029.1762,54604.8135,-3888.9349,-3671.1395,21780.7889
51422.596,24120.3457,50663.8438,37508.2791,33376.202,34938.0523,4548.3559,48449.2332,44042.1402,54610.759,-3878.2954,-3657.952,21781.2359
51412.046,24117.887,50660.5804,37500.1431,33363.0592,34926.6529,4543.1256,48436.4033,44035.8371,54609.0156,-3888.5325,-3667.7867,21778.2855
51397.0256,24113.0143,50658.5687,37488.0731,33339.2769,34924.3283,4540.9799,48417.4043,44020.9955,54598.1973,-3908.1573,-3683.2988,21773.3681
51394.9245,24111.9862,50656.6912,37486.8214,33336.55,34925.8035,4539.8176,48409.4471,44020.1014,54596.9009,-3913.9688,-3684.2376,21770.6412
51409.632,24116.4565,50657.1382,37505.2392,33360.6899,34929.6033,4542.9468,48424.9592,44033.6466,54606.3781,-3897.2944,-3670.0666,21773.8599
51425.7252,24124.0114,50656.1995,37509.8884,33377.0066,34932.6432,4553.4968,48442.6171,44046.9682,54613.5306,-3882.9893,-3656.6108,21782.6217
51421.9701,24125.5313,50657.0935,37506.6698,33373.788,34933.1349,4555.3297,48441.4995,44040.1733,54610.1332,-3891.0806,-3662.5117,21783.0688
51402.3006,24122.268,50659.5969,37495.8515,33353.0456,34930.3633,4549.8759,48420.8465,44036.4629,54607.8086,-3901.6753,-3674.2687,21780.1183
51388.6213,24113.3273,50659.0158,37486.0168,33343.5237,34923.9707,4547.1042,48404.932,44033.8254,54609.6861,-3906.9504,-3683.3882,21774.7539
51400.6913,24116.9035,50659.1946,37487.7155,33352.2409,34925.3565,4545.2714,48416.0632,44048.2646,54614.4247,-3903.3294,-3673.5982,21777.1232
51414.7729,24121.9997,50661.3404,37502.3782,33370.5246,34932.822,4549.6076,48431.5306,44057.3394,54616.5258,-3891.0806,-3659.2036,21784.4993
51411.5989,24121.7762,50663.6202,37505.5522,33370.2117,34937.8288,4554.2568,48432.7376,44055.3278,54615.0953,-3890.7677,-3664.881,21783.2476
51401.5406,24117.7976,50663.352,37496.5221,33353.7161,34940.064,4553.4521,48414.8562,44045.8506,54613.62,-3903.1059,-3675.8333,21782.1747
51393.8516,24109.4828,50659.5969,37495.7174,33345.7142,34936.1748,4550.4123,48399.2547,44037.5805,54608.2556,-3905.1622,-3678.0238,21779.6713
51403.7311,24110.5109,50660.044,37503.9428,33374.6374,34942.9697,4552.4687,48416.9573,44046.0742,54611.0272,-3885.5821,-3662.1988,21783.7393
51413.5659,24111.5391,50662.7262,37511.8107,33390.5518,34947.6188,4553.8992,48438.2808,44052.7797,54614.2906,-3873.2886,-3651.6935,21787.1815
51408.0226,24115.2942,50669.5211,37513.0624,33381.477,34948.1106,4557.2072,48438.7279,44047.907,54619.6997,-3877.5355,-3654.3757,21790.2213
51395.5057,24110.2427,50670.9963,37510.6931,33362.5674,34943.3273,4557.1178,48419.0136,44035.7476,54613.173,-3887.3255,-3665.5515,21787.8968
51385.358,24102.2408,50666.3471,37501.663,33350.0057,34941.4051,4554.078,48406.4519,44031.322,54607.7639,-3895.9086,-3669.6196,21784.1417
51402.7029,24104.1183,50664.8719,37514.0905,33373.5198,34943.8637,4558.0119,48424.2439,44048.4881,54610.8931,-3886.1185,-3658.3543,21788.0756
51422.3725,24113.7296,50670.1916,37531.212,33395.9609,34950.0328,4563.5104,48451.3342,44063.3744,54620.5938,-3869.0418,-3649.6371,21797.508
51414.8623,24116.1883,50670.3258,37526.7863,33386.1709,34949.0047,4563.4657,48451.1554,44057.8312,54618.448,-3872.5734,-3653.4816,21797.7762
51393.4493,24105.9065,50665.766,37508.2791,33359.6617,34940.064,4557.0731,48426.792,44044.1072,54606.1993,-3893.4052,-3669.3066,21788.8355
51383.5698,24093.2107,50663.9332,37499.696,33350.0057,34939.0358,4550.457,48406.9884,44036.2841,54601.1478,-3903.24,-3677.6215,21783.8287
51396.4444,24096.2505,50664.7378,37506.6698,33370.0776,34939.7063,4550.7252,48419.9524,44052.5115,54606.3334,-3894.0758,-3666.2221,21786.4215
51405.0275,24103.3584,50661.9662,37512.8388,33381.2982,34937.4712,4547.9983,48436.1351,44052.1985,54606.8251,-3888.7113,-3659.7401,21786.0639
51400.0207,24105.1912,50663.5755,37516.8622,33377.9007,34938.7228,4546.836,48438.1914,44045.7612,54605.2605,-3891.8853,-3661.707,21782.2641
51388.219,24097.6363,50667.0177,37506.5356,33354.789,34931.6597,4544.0644,48418.4772,44034.0042,54597.3927,-3904.9387,-3676.6827,21775.8268
51383.4804,24096.787,50668.4482,37500.3219,33347.9047,34928.8434,4545.7184,48408.5083,44029.7574,54594.5317,-3907.4868,-3683.0753,21773.5022
51399.2161,24097.7257,50665.5425,37506.7592,33368.4236,34932.822,4549.697,48427.9096,44049.2928,54608.1215,-3895.0145,-3669.3066,21782.1747
51411.5989,24100.4974,50663.1732,37513.3306,33392.027,34934.6995,4555.1062,48449.4567,44056.5348,54614.5141,-3884.4645,-3660.7236,21783.6052
51411.8671,24098.4857,50668.6717,37509.4414,33386.4838,34934.5207,4557.0284,48451.7813,44054.5678,54615.9446,-3889.2478,-3663.674,21785.8851
51393.494,24098.4857,50670.1469,37494.5551,33361.8522,34926.7423,4554.3462,48432.6482,44049.1587,54616.3917,-3900.7813,-3674.3581,21783.2923
51388.8001,24094.8647,50670.8175,37488.2966,33355.6831,34927.7705,4555.5532,48429.1166,44049.0693,54616.4364,-3904.7599,-3675.6098,21786.3321
51412.3142,24106.577,50673.5891,37505.4628,33379.6889,34942.9697,4559.5765,48450.8425,44063.4191,54621.6667,-3887.5043,-3661.4388,21793.4847
51415.8458,24112.9696,50675.0196,37513.42,33386.4838,34942.5673,4555.6426,48462.5101,44073.1198,54626.9417,-3879.1448,-3655.3591,21795.1387
51409.5426,24112.1203,50673.0974,37507.9215,33378.5266,34934.476,4553.318,48453.1224,44071.5551,54622.4266,-3884.3304,-3659.0248,21790.579
51401.4959,24105.5042,50670.1916,37501.5289,33358.2312,34932.375,4551.5299,48435.5986,44056.4454,54618.0904,-3899.4402,-3672.3912,21786.0639
51396.668,24098.9327,50665.9448,37494.0187,33352.1962,34926.34,4545.5843,48423.8416,44044.4201,54616.5705,-3904.134,-3675.8333,21781.5936
51400.9148,24102.2855,50665.2296,37496.2986,33369.1388,34925.6247,4541.561,48431.2177,44050.8574,54618.8951,-3895.6851,-3668.6361,21782.8006
51415.6222,24107.6499,50663.9332,37500.6795,33382.3711,34927.1894,4540.5775,48457.6821,44064.1344,54621.2196,-3886.3868,-3661.5282,21786.3321
51413.6553,24104.5207,50665.1849,37503.8534,33380.8511,34926.4294,4545.0926,48450.3955,44068.4259,54622.0243,-3885.4927,-3661.707,21785.3934
51402.3453,24103.1796,50667.7777,37490.5765,33360.1087,34921.2438,4546.2996,48435.7327,44058.9041,54617.0622,-3902.2565,-3676.0122,21778.4196
51393.047,24101.3467,50667.9565,37486.5979,33351.168,34923.2554,4542.8127,48432.0223,44056.1324,54619.7444,-3908.7385,-3679.052,21775.4245
51406.2792,24103.5372,50665.319,37493.1693,33367.306,34928.9775,4544.6455,48453.2118,44067.6212,54624.93,-3900.2448,-3668.189,21778.5984
51421.4337,24106.9347,50667.1071,37502.6017,33382.684,34933.3584,4547.3725,48471.0038,44076.0702,54625.0194,-3886.2526,-3659.1589,21786.7792
51408.6932,24103.716,50663.9779,37495.3151,33374.6374,34927.547,4546.389,48464.9688,44071.5551,54623.1419,-3887.9961,-3664.2104,21782.577
51390.3648,24099.1116,50662.5473,37480.2947,33351.3916,34922.6743,4541.7398,48450.0378,44057.3841,54615.14,-3907.2633,-3677.1744,21774.5751
51388.0849,24095.6694,50666.3918,37476.0926,33343.3896,34922.3167,4540.9799,48448.7861,44048.3093,54611.4296,-3916.5169,-3679.3649,21773.0999
51409.8108,24098.0834,50666.4366,37491.3812,33361.4945,34927.0999,4543.4833,48471.0038,44062.7038,54613.4412,-3907.4868,-3671.8547,21774.0834
51422.3278,24099.8268,50666.0342,37498.4443,33374.6374,34925.8929,4544.9585,48478.3798,44068.6047,54617.5539,-3901.8542,-3669.0384,21775.3351
51420.4055,24104.7889,50666.3471,37496.7903,33373.6539,34928.9328,4544.1985,48472.9707,44065.2519,54614.8717,-3906.0116,-3675.9228,21774.3516
51404.6252,24104.476,50665.006,37484.7203,33354.5208,34924.686,4542.6339,48464.5665,44057.7418,54608.2556,-3924.3847,-3689.6914,21768.3166
51409.9449,24106.5323,50667.5988,37486.8214,33350.6316,34927.1446,4544.2432,48466.444,44059.4852,54608.3003,-3925.1894,-3687.0986,21766.1709
51422.0148,24118.1105,50671.041,37497.1032,33370.3905,34937.9629,4546.1655,48482.5373,44068.0236,54613.1283,-3911.0184,-3671.7653,21771.2671
51425.6358,24120.0328,50673.1421,37498.3102,33382.4158,34938.097,4543.6174,48496.0377,44075.5785,54613.2624,-3900.3789,-3662.8693,21774.3069
51419.422,24116.2777,50673.5891,37499.7407,33385.1874,34933.269,4542.3657,48488.5722,44072.4939,54610.8931,-3904.3576,-3666.088,21774.9774
51404.4911,24110.2874,50675.7349,37492.7223,33366.546,34929.2457,4542.6786,48469.305,44069.1859,54611.4743,-3917.858,-3674.3581,21772.787
51393.6728,24107.7393,50673.9914,37491.9623,33358.2312,34926.4294,4541.3822,48462.1972,44065.1625,54610.7143,-3920.5849,-3681.8236,21772.6976
51404.7146,24106.3982,50671.4433,37497.1479,33368.4683,34928.9328,4539.7729,48482.4479,44071.6445,54614.6482,-3904.7599,-3674.7158,21774.9327
51412.8059,24106.9794,50669.7446,37500.3666,33381.477,34930.3633,4543.4833,48497.1553,44083.7592,54616.5258,-3892.7346,-3662.6458,21778.6431
51414.5494,24104.2972,50668.2247,37499.0702,33380.8511,34932.5538,4544.2432,48492.1485,44083.6251,54616.0787,-3899.9319,-3666.3115,21777.6597
51394.701,24089.6791,50662.8603,37484.3627,33356.8901,34925.6694,4539.3705,48463.9853,44071.1081,54612.6366,-3918.7521,-3682.4495,21775.0221
51386.3862,24082.8395,50659.9098,37488.4754,33352.7327,34922.9872,4538.7,48465.7288,44069.8564,54611.4296,-3923.2224,-3683.4329,21774.441
51407.3521,24095.9823,50659.9993,37499.9195,33371.9999,34930.4527,4541.4269,48487.4547,44080.5405,54618.4927,-3905.5198,-3670.5583,21779.8948
51421.4337,24105.0571,50661.0274,37508.5473,33383.0863,34933.7608,4543.5727,48505.2466,44084.8768,54623.0972,-3893.9863,-3664.6575,21783.784
51420.3608,24105.0571,50665.5872,37502.11,33370.8823,34934.1631,4542.5892,48502.3409,44080.7194,54623.6336,-3895.9533,-3670.6477,21779.269
51399.6184,24094.7306,50659.5075,37485.0333,33347.9494,34928.3516,4538.7894,48481.4644,44070.8846,54613.7542,-3915.3993,-3686.1151,21769.8812
51395.7292,24097.5469,50661.2957,37483.2451,33345.2672,34925.8929,4538.7,48480.4362,44066.4589,54608.2556,-3925.7258,-3692.1501,21767.8249
51413.6553,24099.1563,50665.2743,37486.3297,33361.0475,34928.5752,4538.1635,48492.0144,44080.0041,54613.7094,-3914.4605,-3681.1978,21768.0037
51424.2053,24101.1232,50671.3092,37491.7835,33376.4702,34929.7822,4540.7116,48509.9405,44096.902,54624.483,-3904.5811,-3669.8878,21769.4789
51419.5114,24100.8103,50669.7893,37495.5386,33373.2069,34927.994,4540.3093,48507.1242,44091.0012,54617.7328,-3908.3809,-3676.9062,21766.1262
51405.8322,24095.6694,50667.733,37491.0235,33359.2594,34924.3283,4534.7214,48488.4381,44072.4045,54606.9145,-3921.032,-3692.776,21759.1524
51397.8302,24095.4459,50660.6698,37477.6125,33343.0767,34919.1427,4530.0722,48481.0621,44065.9672,54606.7804,-3930.6432,-3696.6652,21756.5149
51421.6572,24109.5275,50660.7592,37491.0682,33362.7462,34930.6762,4538.7,48507.2583,44084.4744,54616.3917,-3911.2419,-3678.9179,21765.6344
51444.9477,24120.0328,50664.2908,37512.7941,33386.3497,34942.5226,4548.1324,48525.2291,44089.4812,54621.7561,-3893.2264,-3664.5234,21772.6529
51439.1363,24113.4614,50664.6931,37511.1848,33373.5198,34939.2146,4546.5231,48516.199,44088.2295,54616.4811,-3899.9766,-3670.8266,21770.7753
51419.7797,24109.2592,50666.1683,37502.2441,33354.9678,34935.8618,4548.1771,48504.3526,44084.7874,54616.1681,-3914.3264,-3679.1861,21769.2107
51414.1023,24106.3535,50669.0741,37499.3831,33354.3867,34937.2029,4551.9769,48498.4964,44087.1567,54619.5209,-3911.376,-3671.4077,21773.234
51432.7437,24109.6616,50673.3656,37514.7611,33380.9853,34945.2049,4556.3132,48513.6062,44103.3393,54628.5957,-3892.6452,-3653.2134,21783.5605
51440.4774,24113.059,50672.6503,37520.662,33392.8764,34946.993,4556.7602,48526.8384,44106.9603,54635.3906,-3881.4247,-3648.6536,21786.3321
51428.4521,24109.1251,50672.7397,37513.6882,33376.1573,34940.0192,4550.3676,48523.128,44093.9516,54631.412,-3889.516,-3660.3212,21783.4711
51413.0741,24101.9279,50669.5211,37502.11,33355.1019,34937.4264,4546.2549,48510.4322,44074.8632,54624.036,-3905.2516,-3674.0452,21780.0736
51409.8108,24097.681,50669.7893,37499.8301,33357.65,34938.2758,4544.735,48504.0843,44078.7971,54621.1302,-3904.2234,-3672.4806,21779.8501
51420.9419,24101.1232,50667.3306,37507.4744,33377.2749,34947.3506,4544.0644,48524.3797,44095.7844,54626.4499,-3888.756,-3658.6672,21782.6217
51431.5367,24102.062,50666.0789,37514.627,33390.9541,34950.2563,4543.9303,48532.6946,44104.9486,54626.8076,-3884.5539,-3648.8771,21784.5887
51424.5629,24103.6266,50670.8622,37516.0128,33383.2651,34948.4682,4546.1208,48536.405,44101.8194,54626.6735,-3892.377,-3654.3757,21785.6169
51403.5523,24099.7821,50670.1916,37504.7475,33360.377,34940.7792,4542.4551,48516.4225,44090.1518,54620.2362,-3908.1573,-3669.8431,21778.5984
51404.2675,24101.615,50668.7611,37503.1829,33355.4596,34936.2195,4540.9799,48503.9949,44083.7592,54617.1516,-3914.4158,-3673.5535,21773.8599
51421.4784,24108.6781,50668.9399,37509.4861,33375.7997,34944.4002,4540.6669,48519.6412,44088.4978,54620.9067,-3903.1059,-3663.3611,21774.3963
51433.5483,24112.4332,50667.7777,37511.3636,33389.4789,34948.1106,4539.4599,48532.5158,44094.5327,54622.8737,-3894.2099,-3660.813,21771.6247
51429.0333,24108.7675,50669.5211,37503.6746,33375.6655,34941.6733,4540.8905,48529.163,44089.5706,54620.3703,-3899.4849,-3667.2503,21769.613
51415.3093,24105.9959,50667.2859,37493.214,33356.6219,34932.0173,4539.9964,48513.8297,44081.4346,54614.7823,-3910.8843,-3679.4096,21767.1543
51406.9051,24108.4993,50664.3355,37490.1295,33344.999,34929.9163,4537.3589,48508.2418,44076.9643,54611.2955,-3913.9241,-3685.3105,21765.8579
51419.735,24115.8754,50667.3306,37497.6844,33361.9416,34938.8123,4537.8953,48520.5799,44083.491,54616.9728,-3907.4868,-3676.0122,21767.2884
51432.1178,24117.3506,50666.8389,37510.1119,33383.3545,34936.8453,4540.0411,48529.4759,44092.7893,54619.4315,-3897.4732,-3670.4689,21770.8647
51420.5396,24111.1368,50662.5921,37506.1333,33371.5975,34933.5819,4535.8837,48529.7889,44087.6484,54614.38,-3904.2681,-3677.0403,21769.4342
51394.6563,24097.4128,50658.6134,37479.9818,33341.5121,34927.6364,4530.0275,48509.5829,44072.8515,54607.9427,-3926.2176,-3691.4796,21762.1922
51395.3716,24096.2505,50660.938,37482.5746,33342.7638,34932.1067,4531.3239,48502.3409,44080.5852,54616.0787,-3926.4411,-3693.3571,21764.6509
