FC3,FCz,FC4,C5,C3,C1,Cz,C2,C4,C6,CP3,CPz,CP4
51253.1251,24005.8154,50598.1296,37408.2327,33301.5919,34824.1031,4506.6923,48421.8746,44085.9497,54568.693,-3999.0395,-3747.8507,21681.1001
51244.4079,23998.5734,50590.6641,37405.774,33288.5385,34821.6891,4501.7749,48411.5034,44074.3268,54559.7523,-4012.1824,-3756.5678,21676.9427
51252.0522,24002.865,50588.3396,37413.463,33308.2527,34828.2605,4504.2783,48433.7211,44078.0371,54563.6863,-3994.9268,-3741.6816,21680.3402
51259.6071,23996.8747,50583.4669,37415.6088,33317.7745,34831.211,4503.0266,48454.1506,44085.3685,54563.9098,-3985.092,-3731.8915,21681.3236
51258.4895,23994.3266,50584.7633,37412.5242,33310.1749,34826.6065,4503.4736,48453.5694,44086.1732,54568.5589,-3991.4846,-3737.1665,21681.6813
51244.2738,23996.6512,50586.8196,37401.0354,33294.1264,34823.969,4503.3395,48434.9281,44079.2888,54568.1119,-4002.0347,-3745.5261,21681.0107
51238.1941,23997.1876,50590.9324,37399.5155,33283.0846,34824.3713,4507.3628,48424.2439,44072.8068,54566.592,-4001.4088,-3744.7661,21681.8154
51253.2145,24005.6366,50592.9887,37406.7575,33302.6648,34825.3995,4509.0616,48445.0758,44084.0721,54579.5113,-3987.7743,-3733.0091,21686.8669
51267.1173,24010.5093,50595.2239,37411.4513,33319.1156,34826.7406,4511.6544,48453.7035,44093.3257,54585.4568,-3980.9346,-3730.014,21691.6502
51263.0492,24009.8387,50599.1578,37411.0043,33309.5938,34830.1381,4516.3929,48454.8658,44093.6834,54582.6405,-3984.2427,-3731.0421,21692.1419
51242.9774,24000.2722,50597.7273,37404.12,33289.3878,34825.0419,4512.6826,48442.2147,44080.6746,54578.3937,-3999.3525,-3744.4532,21684.4976
51228.9405,23993.5219,50595.5368,37397.9509,33282.9505,34821.0186,4508.0334,48433.1399,44073.5221,54577.2314,-4009.9472,-3748.8341,21680.7872
51245.5702,23999.0205,50599.6048,37411.9431,33300.6084,34831.0322,4511.6097,48450.7531,44090.1071,54586.4403,-3996.9385,-3738.597,21686.1516
51270.2018,24008.9446,50604.1646,37426.3376,33322.5131,34835.5472,4516.1247,48469.7074,44100.2548,54590.3742,-3984.3321,-3729.8799,21686.9563
51266.0891,24007.7376,50602.7341,37419.6321,33309.9067,34830.6745,4514.2472,48463.0913,44094.8009,54583.4452,-3991.1717,-3736.8089,21681.6366
51255.5838,24005.6813,50601.2589,37410.6914,33285.4986,34829.4675,4512.9955,48444.5393,44085.145,54576.2032,-4004.091,-3747.3142,21676.898
51249.4594,24009.7493,50601.7059,37408.7244,33277.7649,34833.4908,4510.0898,48440.4266,44083.5357,54574.1022,-4006.7732,-3752.8127,21677.5239
51267.1173,24016.6336,50604.1646,37419.6768,33306.4646,34841.4928,4512.8614,48466.0864,44103.8311,54583.2664,-3985.2262,-3735.2443,21684.2294
51284.194,24014.5773,50599.3366,37424.3259,33323.3625,34841.2693,4510.4921,48476.5917,44109.5531,54586.6638,-3976.5537,-3728.0023,21688.1633
51278.5167,24015.516,50603.047,37423.1189,33315.137,34838.4976,4512.4143,48473.5966,44098.109,54586.9321,-3981.6946,-3734.5737,21688.6103
51251.8734,24008.8105,50603.8517,37410.0208,33291.5336,34831.5239,4508.9275,48451.1107,44092.6552,54577.8126,-3997.8772,-3745.6602,21682.7542
51252.3204,24007.1565,50605.5057,37408.8138,33286.3927,34832.5521,4510.8497,48435.4198,44093.7281,54579.6454,-3997.3855,-3744.5426,21683.1565
51266.8043,24008.3635,50600.7224,37415.6088,33300.7872,34830.9875,4509.5533,48445.7463,44101.5959,54584.5628,-3988.2213,-3732.8303,21685.2576
51277.9802,24009.6152,50599.1131,37419.3192,33314.0641,34834.4743,4507.9887,48461.0796,44108.3908,54586.485,-3982.4992,-3725.9907,21685.6152
51271.7664,24001.8815,50596.9226,37405.2376,33300.8766,34827.7688,4505.4406,48467.7851,44102.4899,54579.109,-3990.2329,-3735.2443,21683.38
51254.2427,23996.83,50595.1345,37396.6098,33283.6658,34823.9243,4501.9537,48443.7793,44089.6153,54573.9233,-4002.9287,-3749.9964,21678.7755
51244.0503,23994.9971,50592.944,37399.5602,33276.7814,34832.3286,4501.5067,48427.9096,44086.3967,54575.2645,-4002.3476,-3747.806,21679.0885
51255.5838,23997.0535,50590.843,37407.1598,33293.0535,34832.8203,4501.7749,48456.8328,44099.1372,54579.2431,-3991.127,-3737.39,21681.2789
51266.5361,24005.0107,50594.1063,37417.7545,33305.3917,34831.1663,4503.563,48475.1165,44108.1226,54583.7581,-3984.8238,-3730.7739,21679.5802
51259.6071,24002.0156,50594.8663,37418.9615,33311.0243,34829.3781,4504.9042,48477.3517,44105.4851,54582.5064,-3989.4283,-3735.3784,21678.7755
51247.2242,23995.6677,50592.1394,37406.4893,33289.7455,34828.5735,4509.7321,48468.0086,44099.1372,54578.7513,-3998.9501,-3743.2462,21677.345
51238.06,23997.277,50591.0665,37403.8965,33276.9603,34830.0934,4510.7156,48462.1972,44098.4219,54575.2198,-4006.9073,-3746.8225,21674.3499
51247.3136,23995.8465,50593.3911,37408.2327,33296.6298,34832.4627,4511.5203,48471.6296,44102.8029,54579.7348,-3997.2067,-3738.5523,21675.3781
51255.092,23992.0467,50594.5086,37406.3998,33311.7843,34832.1944,4507.8546,48481.7326,44105.5745,54585.0992,-3989.6965,-3730.1034,21678.5967
51251.2028,23975.0594,50590.3959,37403.2706,33300.6531,34823.7008,4504.9042,48475.5188,44097.1702,54585.3227,-3994.6139,-3733.9032,21678.105
51231.9356,23966.4316,50584.0927,37387.0432,33273.5181,34809.6192,4494.98,48452.72,44077.7689,54574.0128,-4014.0599,-3752.3657,21668.8514
51222.9502,23968.5774,50578.8177,37381.8576,33259.9729,34806.7135,4492.7001,48440.6501,44070.3481,54569.006,-4024.0288,-3760.4123,21665.4986
51234.8413,23973.0924,50578.9518,37390.6195,33274.9486,34812.5696,4493.5495,48462.0631,44083.1333,54570.5259,-4005.7003,-3747.8954,21668.4043
51249.9064,23978.0545,50579.1306,37396.2522,33283.0846,34815.9224,4490.3308,48476.3682,44096.902,54574.281,-3997.5643,-3740.8322,21670.416
51238.82,23973.1371,50575.4203,37387.6244,33275.1721,34807.0264,4483.4465,48463.583,44086.9778,54567.6649,-4004.1804,-3752.1869,21665.0963
51220.4468,23972.8242,50574.6603,37374.9733,33256.4414,34801.8408,4482.2395,48453.9717,44080.2723,54562.4346,-4019.3349,-3761.8876,21660.4471
51212.6684,23971.5725,50572.2016,37375.0627,33251.1216,34806.6241,4479.4232,48447.4003,44070.0799,54559.6182,-4020.9442,-3760.5911,21663.2187
51229.7004,23982.2567,50574.3921,37387.8479,33274.8145,34819.2304,4479.2444,48465.5499,44081.3452,54565.0274,-4008.4273,-3748.7894,21667.8679
51244.2291,23989.6327,50577.6554,37392.4971,33290.9524,34826.2042,4484.6535,48478.4245,44089.973,54567.9331,-3999.9336,-3739.5805,21670.1478
51251.9181,23994.1031,50585.7468,37393.4805,33291.8465,34828.7523,4490.1073,48476.0553,44085.4579,54568.1119,-4000.2912,-3740.9663,21674.0817
51240.6081,23991.9573,50587.6243,37379.9801,33262.6551,34820.9292,4486.3522,48459.4256,44077.5454,54564.7144,-4017.1891,-3754.3327,21669.5219
51239.0882,23985.073,50583.7351,37371.4417,33250.6746,34820.1692,4485.2346,48455.6705,44079.6912,54563.4627,-4023.4923,-3755.5844,21669.3878
51251.3816,23987.6211,50582.0364,37378.5049,33273.6075,34824.8184,4491.0908,48467.3828,44091.5376,54566.7708,-4008.3826,-3742.218,21673.9476
51260.9482,23995.3995,50586.6855,37387.5797,33297.1215,34827.9923,4492.0743,48478.8716,44098.2431,54570.2577,-3995.1056,-3735.9595,21679.3567
51245.3467,23988.7387,50585.0762,37379.846,33282.5929,34820.6162,4489.0791,48475.4294,44085.2344,54567.8437,-3998.5478,-3740.7875,21678.0156
51225.6324,23982.3908,50578.773,37364.5574,33258.3189,34809.3063,4486.5757,48448.2944,44067.5318,54558.0089,-4015.8927,-3754.9585,21670.863
51211.6849,23978.6804,50575.6438,37358.2095,33242.1809,34800.7232,4484.0276,48425.6297,44047.9964,54553.7621,-4025.057,-3769.3977,21665.9456
51215.4847,23982.7484,50577.2531,37363.4398,33256.9778,34799.3821,4484.117,48421.5617,44053.8973,54557.4278,-4014.3728,-3762.5134,21665.8115
51224.0678,23990.9738,50583.3328,37376.7614,33288.002,34805.5959,4490.5543,48436.895,44069.4541,54564.3568,-3994.748,-3747.9848,21672.383
51210.1203,23987.487,50584.1374,37367.4631,33276.7814,34797.3257,4488.5874,48433.4081,44059.0382,54561.9875,-4003.9122,-3754.4668,21670.0584
51195.994,23981.9884,50580.74,37352.9345,33253.0886,34792.8554,4485.4581,48404.9767,44040.9333,54552.8233,-4022.4195,-3772.7058,21665.8115
51188.7968,23978.6357,50579.4883,37351.9063,33243.3432,34789.0556,4484.4747,48389.9117,44027.9245,54548.7106,-4029.2144,-3776.595,21665.2751
51201.7161,23986.5929,50580.5165,37359.7741,33263.2363,34793.7942,4488.4533,48391.2528,44037.5805,54549.4705,-4018.262,-3765.5979,21666.8397
51206.097,23994.1478,50581.3211,37364.4233,33273.4287,34790.799,4490.1967,48393.5773,44044.5095,54552.6892,-4008.3826,-3758.5348,21667.5997
51193.0436,23996.3382,50579.0412,37361.4281,33261.4481,34784.5405,4487.738,48381.8203,44031.8137,54547.5483,-4011.6459,-3760.3229,21665.4986
51168.0096,23988.1128,50570.0111,37352.398,33236.4142,34770.146,4481.703,48356.6076,44009.1044,54531.3209,-4028.365,-3776.5503,21656.4238
51155.0903,23982.9272,50566.6137,37351.0122,33228.6805,34765.4074,4479.7808,48342.8836,43998.4202,54523.5425,-4036.054,-3785.2675,21652.3111
51165.9533,23988.2916,50567.5972,37358.88,33240.8398,34770.7719,4484.6088,48360.2285,44003.5164,54527.9235,-4025.2805,-3774.7175,21653.2946
51185.0417,23995.7124,50572.8275,37373.9451,33257.9166,34781.903,4492.6107,48368.8563,44013.1277,54537.6688,-4008.6061,-3759.2947,21660.0895
51170.2895,23990.348,50569.8323,37367.2396,33246.4278,34776.2704,4489.392,48350.215,44003.9635,54530.6057,-4015.8927,-3768.906,21655.6638
51155.0009,23989.4539,50571.0393,37358.433,33225.8195,34771.8894,4490.4649,48334.2111,43989.0772,54526.5824,-4028.4991,-3779.4113,21654.4122
51147.8484,23984.8942,50568.4018,37352.1745,33217.6387,34770.2801,4489.392,48322.4541,43980.7177,54521.9779,-4034.5341,-3781.9594,21651.6405
51165.1486,23991.7338,50571.7546,37366.7032,33240.7504,34780.7854,4493.1918,48331.4395,43991.9382,54526.493,-4017.7256,-3770.9177,21657.7202
51182.9406,24001.0321,50580.7847,37381.5447,33251.211,34791.5143,4500.255,48350.7961,44007.048,54537.8476,-3999.7995,-3759.25,21665.9904
51184.7734,24003.7143,50583.2881,37378.5049,33250.1382,34792.5872,4504.2783,48353.6571,44013.8429,54540.5746,-3999.1289,-3754.4668,21668.3596
51160.2759,23992.9408,50574.5709,37363.8421,33225.4618,34781.6348,4496.0976,48332.9147,43998.2414,54529.5775,-4016.7421,-3769.9342,21659.5531
51156.4761,23986.5929,50572.7828,37366.9267,33218.7563,34786.2393,4493.6836,48317.5814,43990.8206,54526.8059,-4021.0336,-3775.9244,21658.3461
51170.3789,23989.5433,50570.7264,37379.3095,33239.9905,34788.2956,4494.0859,48319.5037,44001.013,54526.5824,-4006.505,-3764.9721,21660.2236
51188.6179,23997.4558,50571.7546,37387.5797,33253.7144,34788.6533,4496.6787,48336.9827,44005.9304,54529.2646,-3995.5527,-3755.8526,21662.8611
51189.2885,23992.9855,50572.5592,37387.8926,33247.8136,34786.3734,4497.7516,48326.7009,43998.8673,54529.801,-3999.9783,-3757.596,21662.4588
51171.6753,23985.4306,50569.2512,37376.3591,33223.0479,34782.1712,4496.187,48301.8011,43982.774,54523.1849,-4015.1328,-3770.4259,21656.6473
51161.2147,23988.4704,50567.5077,37369.743,33210.9332,34779.3996,4497.2152,48293.0392,43977.7225,54520.6368,-4019.5584,-3776.5056,21656.1556
51180.8842,23991.8679,50570.5476,37380.0695,33228.457,34785.3452,4499.7185,48304.9303,43989.256,54526.3588,-4006.058,-3763.2734,21661.073
51203.5042,23993.3431,50575.0626,37386.8644,33244.9973,34788.385,4500.4785,48326.5221,43999.806,54531.8127,-3992.6022,-3752.0528,21665.0069
51200.3303,23994.1478,50572.3357,37382.8858,33232.4356,34788.5191,4502.1325,48317.4473,43993.5923,54528.4152,-3996.8938,-3756.3443,21666.4821
51178.962,23996.2041,50569.2959,37367.329,33205.2112,34780.0255,4500.2103,48288.8371,43980.2259,54522.6932,-4014.8646,-3768.5931,21661.1624
51180.0796,23995.6677,50572.8722,37369.5195,33207.1334,34779.042,4499.6738,48275.7837,43976.3367,54521.0391,-4018.575,-3771.7223,21661.0283
51200.062,23997.0982,50576.359,37380.2036,33222.6455,34784.2723,4505.7982,48297.1519,43986.9314,54528.147,-4004.7169,-3759.4289,21668.1808
51217.2729,23997.7688,50577.9237,37388.5185,33240.661,34788.2062,4506.9158,48311.457,43999.5378,54533.869,-3994.7927,-3749.5941,21672.2935
51204.8453,23987.6211,50569.2065,37377.7002,33225.7301,34776.4492,4498.1092,48295.9002,43993.8605,54526.5824,-4008.8743,-3757.8642,21663.5764
51179.9455,23980.692,50564.0656,37354.6332,33195.4211,34765.5863,4491.1802,48269.8381,43974.5486,54519.3851,-4028.6779,-3776.5056,21651.417
51181.9571,23979.5744,50568.6253,37353.7838,33193.0518,34772.56,4497.081,48265.1442,43978.706,54522.8273,-4025.7275,-3773.2422,21657.5414
51208.7345,23990.0798,50573.3192,37373.364,33224.3443,34781.5901,4500.8808,48287.3619,43995.9615,54531.3656,-4005.7003,-3758.0878,21664.4704
51227.4653,24001.9262,50574.8838,37377.879,33244.8632,34786.6416,4502.4455,48306.7185,44007.048,54539.2781,-3998.1902,-3750.9352,21666.6162
51220.5809,24002.9991,50575.3309,37374.6157,33232.8379,34786.1946,4502.7137,48300.8176,44002.0412,54540.8428,-4003.2864,-3756.1655,21668.4937
51195.4576,23994.2819,50574.258,37361.6964,33205.4347,34781.5901,4499.2715,48282.9362,43987.1997,54537.0877,-4020.4972,-3773.1528,21660.8942
51188.6626,23989.1857,50579.0412,37358.5671,33203.6465,34781.903,4502.4902,48285.0373,43987.7361,54540.2169,-4020.8548,-3778.1596,21658.3014
51207.1252,23989.9457,50580.9635,37369.2513,33221.3491,34790.0838,4506.2453,48315.2568,43995.3357,54547.2354,-4009.0531,-3764.1227,21663.487
51217.8093,23993.6113,50577.8342,37378.1472,33234.8943,34794.6882,4512.5037,48328.8467,44003.2929,54547.1907,-3993.4516,-3751.6952,21669.4325
51212.8919,23995.0866,50579.8906,37375.8227,33242.0915,34788.0274,4512.5037,48320.4424,44002.98,54546.0284,-3994.2116,-3750.5329,21668.8067
51204.5771,23993.3878,50583.7351,37377.2532,33229.1722,34787.5357,4513.8896,48296.4367,43991.9382,54542.6756,-4003.4205,-3759.9653,21666.7056
51195.4576,23988.6492,50584.7186,37374.3474,33220.3209,34786.4628,4511.2967,48282.1316,43995.6486,54542.5415,-4011.8247,-3764.3015,21669.1196
51207.304,23993.209,50584.361,37386.6856,33240.3928,34793.213,4510.1792,48300.0576,44011.9654,54549.9623,-3993.3622,-3747.5824,21674.1711
51234.1261,23999.1099,50585.6127,37397.7274,33258.4977,34801.9302,4512.7273,48330.3219,44019.4309,54557.6513,-3984.2874,-3739.4464,21676.3169
51232.4274,24003.0885,50587.1326,37388.5632,33254.0721,34802.3325,4512.5484,48339.2179,44019.9673,54557.2937,-3996.2232,-3748.5659,21675.8698
51215.5741,24000.4957,50586.5067,37382.9305,33239.9905,34800.7232,4512.8167,48324.5552,44017.5533,54552.5104,-4009.5001,-3756.8361,21670.5948
51209.3157,24004.0272,50586.9538,37384.8081,33235.833,34799.8738,4514.5154,48318.0285,44015.4523,54546.5201,-4013.3446,-3763.2734,21667.8232
51225.0066,24012.2527,50588.6525,37395.6263,33252.6416,34807.1605,4516.1247,48330.7689,44024.9741,54552.108,-3999.576,-3750.7564,21668.9408
51239.8481,24015.7843,50590.3065,37407.0257,33276.5132,34813.2849,4517.9129,48350.9302,44027.2093,54552.108,-3985.9861,-3743.0674,21667.4656
51226.5265,24015.9631,50585.0762,37403.3153,33270.4782,34805.0147,4512.5037,48346.0575,44013.9771,54546.4754,-3992.4234,-3752.1422,21664.8728
51211.8191,24011.8951,50583.6904,37392.8994,33250.6746,34803.5842,4512.4143,48331.7524,44006.4669,54544.0167,-4001.0512,-3763.7651,21662.9058
51211.6402,24009.034,50580.6506,37389.949,33240.3928,34808.6357,4509.3745,48326.4774,44005.0811,54538.3841,-4010.2154,-3768.7719,21658.3461
51222.9502,24013.3703,50581.3211,37401.5719,33255.6367,34814.8495,4508.2122,48348.7397,44018.4921,54540.1722,-4003.4652,-3760.0994,21663.487
51233.4555,24018.1535,50578.0131,37408.0539,33272.8475,34822.8067,4504.8147,48366.5317,44027.5669,54546.5648,-3993.8986,-3750.8905,21666.5268
51228.2699,24010.5093,50572.1122,37403.8517,33269.9865,34817.1294,4498.9139,48358.3957,44021.219,54543.7932,-4000.1571,-3760.7253,21661.4753
51203.5042,23996.5171,50563.1268,37380.0695,33243.522,34804.3889,4488.2745,48332.6465,44000.0296,54528.3258,-4021.5701,-3777.8914,21650.8359
51196.3069,23994.1031,50564.6914,37372.3805,33232.7485,34802.7349,4487.291,48327.5056,43994.6651,54529.7116,-4025.5934,-3782.317,21650.1206
51218.9716,24005.726,50571.6652,37387.0432,33252.0604,34809.3063,4495.2035,48342.3918,44010.9372,54542.4968,-4006.2815,-3765.5532,21658.2566
51237.3,24008.4976,50576.3143,37400.3649,33269.5842,34815.9671,4498.6457,48360.5415,44022.7836,54551.3481,-3993.2281,-3751.4269,21663.487
51231.4886,24002.1497,50576.8061,37396.6098,33266.8573,34808.6357,4498.5116,48352.3607,44022.8283,54552.5998,-3997.4749,-3754.6009,21663.7105
51217.1835,24002.6861,50579.4883,37386.0151,33250.0041,34804.97,4501.0149,48330.8136,44019.3415,54549.9176,-4011.3777,-3762.5581,21665.7668
51207.3934,24000.3616,50584.361,37379.3542,33244.9973,34802.6901,4502.4455,48322.6776,44018.4474,54549.0235,-4017.6809,-3767.7884,21665.9009
51222.682,24000.5404,50580.8294,37380.0695,33262.5657,34800.5891,4499.5844,48341.8554,44023.2754,54548.8894,-4006.9073,-3761.0382,21664.3363
51230.818,24006.3071,50580.0694,37388.3396,33276.2897,34795.5823,4500.2997,48357.8593,44031.1879,54554.2985,-3997.2067,-3747.8954,21666.9291
51219.8657,23993.5219,50578.2366,37380.0695,33268.3325,34784.1382,4495.2929,48341.5872,44028.6845,54551.4375,-4002.9287,-3756.389,21660.4471
51202.8784,23978.5463,50578.0131,37370.0112,33247.2324,34778.5056,4490.1073,48316.4638,44012.4571,54545.7602,-4024.0735,-3770.56,21652.9816
51190.8978,23971.5278,50571.2181,37361.8752,33232.7038,34772.6047,4484.8323,48304.9303,44003.4717,54536.3724,-4036.3222,-3780.9312,21646.9467
51201.1796,23969.6056,50564.602,37359.5953,33241.868,34768.7602,4479.9596,48315.7933,44016.9722,54539.4123,-4026.7557,-3775.6115,21648.2431
51218.9716,23973.6289,50564.155,37367.9996,33259.5259,34771.3977,4480.6749,48333.4064,44025.3317,54545.1343,-4010.6624,-3766.3579,21649.9865
51218.2564,23974.0312,50565.4067,37371.0394,33266.3655,34774.3034,4485.9499,48340.3355,44022.6495,54545.7602,-4014.8646,-3769.353,21648.9136
51206.1864,23975.1488,50569.2065,37360.7576,33246.2937,34769.2072,4487.1569,48329.5619,44016.4357,54547.1907,-4027.9627,-3778.8749,21650.8359
51202.5654,23980.5579,50575.2861,37369.0277,33247.3665,34775.5104,4494.8012,48334.3452,44015.8099,54551.0352,-4022.0618,-3772.5717,21656.1556
51215.7083,23991.1973,50582.5728,37383.7799,33273.9651,34788.5191,4505.2618,48355.4453,44032.976,54558.5901,-4007.712,-3755.0479,21664.2469
51235.4672,23996.7406,50589.8595,37394.5087,33291.5336,34794.3306,4508.4804,48371.4491,44043.7049,54566.2344,-3994.7927,-3744.6767,21669.6113
51228.2252,23996.6512,50589.9489,37391.5136,33283.7552,34792.766,4510.4027,48359.0662,44039.458,54565.9661,-3997.6984,-3750.4435,21668.4043
51211.1485,23990.9738,50589.4572,37380.2483,33263.1022,34791.1566,4511.3415,48339.799,44032.1714,54560.11,-4011.4224,-3757.7301,21664.5151
51210.7909,23994.3713,50591.737,37374.7498,33259.213,34789.7261,4512.2355,48335.9098,44034.0042,54557.3384,-4010.9307,-3757.9983,21666.7503
51223.5761,24000.0039,50593.5699,37383.8246,33270.523,34797.3257,4513.2637,48357.0099,44043.3919,54559.9759,-3996.8491,-3744.7661,21671.0418
51237.2553,24004.966,50597.6826,37400.2308,33290.1925,34810.6027,4516.7506,48379.8534,44057.7418,54565.9214,-3980.6664,-3733.9032,21677.5239
51232.5168,24003.9378,50596.118,37398.1297,33286.795,34813.7766,4520.0586,48369.8845,44049.3375,54563.6863,-3986.4331,-3737.2112,21676.7639
51215.8424,23994.9077,50589.9489,37376.7614,33262.074,34801.3937,4512.5484,48350.215,44033.5125,54553.9856,-4009.9025,-3752.6786,21668.9855
51204.89,23988.0234,50590.7536,37375.5991,33258.2742,34801.4832,4512.1014,48342.8836,44032.082,54549.3811,-4014.4175,-3756.8361,21666.0351
51213.339,23979.7086,50589.1442,37383.154,33272.4899,34804.97,4506.737,48353.0313,44041.1568,54549.9176,-4001.0065,-3749.6835,21665.8115
51222.9949,23983.3295,50587.3114,37389.4125,33281.3412,34807.4734,4501.3726,48367.8728,44043.4813,54554.1644,-3994.1221,-3742.1286,21663.7999
51222.6373,23986.727,50588.1608,37386.8197,33281.2965,34807.4287,4501.5514,48370.2868,44040.3521,54559.0371,-3998.6372,-3746.9566,21663.5764
51212.579,23981.3179,50588.429,37384.5398,33267.3937,34802.556,4500.6126,48346.2811,44025.287,54548.8894,-4012.4506,-3762.2005,21658.5249
51203.9065,23978.0545,50588.116,37382.0812,33264.3986,34797.4598,4499.2268,48335.9545,44017.911,54543.7932,-4019.3796,-3764.3462,21657.7202
51220.3127,23986.5035,50589.323,37391.4689,33281.967,34805.8641,4504.6806,48353.8359,44036.1947,54551.8398,-4003.2417,-3749.2365,21666.6162
51234.7966,23994.2819,50590.083,37401.2589,33299.1779,34817.5764,4509.8215,48378.1993,44053.3608,54559.1265,-3991.4399,-3737.9712,21668.6279
51228.1358,23995.0866,50586.015,37398.6214,33292.2488,34814.626,4510.1345,48377.6629,44045.6718,54554.8797,-3991.4399,-3740.9216,21664.0234
51211.1038,23986.727,50583.3775,37386.1492,33266.8126,34808.0546,4507.9887,48356.1605,44029.8021,54546.2519,-4005.5662,-3755.182,21660.5812
51210.6121,23984.9389,50582.4387,37381.4553,33257.7825,34809.9768,4506.737,48341.8107,44032.6184,54548.7106,-4013.9258,-3759.1159,21658.5696
51231.578,23997.2323,50587.7137,37389.6807,33276.4238,34809.6192,4514.2472,48361.8826,44050.0975,54560.0206,-4000.5147,-3747.7612,21660.4024
51234.439,24002.4626,50585.0762,37389.8149,33285.588,34803.0478,4514.3366,48374.2207,44056.8477,54560.0653,-3996.2679,-3744.0956,21661.5647
51224.6042,23996.2041,50581.4552,37385.121,33278.8378,34799.3374,4511.252,48370.5997,44047.2811,54556.9807,-3998.0114,-3750.1305,21660.0448
51213.0708,23998.4393,50584.8974,37390.4854,33261.6717,34805.5065,4513.979,48362.6425,44043.9284,54559.3053,-4005.0745,-3754.5115,21666.5268
51212.2661,24002.2838,50588.3396,37383.914,33251.5687,34810.8709,4516.08,48366.5764,44045.8506,54560.9593,-4009.2766,-3758.9371,21668.5832
51228.3593,24007.4694,50590.1277,37393.7935,33278.0778,34813.5531,4517.6446,48383.0273,44062.6591,54568.6036,-3998.2349,-3746.1966,21673.2323
51241.2786,24005.8601,50590.083,37399.2026,33294.037,34810.9603,4517.8682,48394.0244,44070.0799,54572.3587,-3993.4069,-3737.7477,21674.1264
51241.0551,24005.4131,50591.0218,37400.8566,33296.9874,34814.8942,4520.148,48390.761,44069.1859,54573.4316,-3993.7645,-3736.9877,21677.5686
51223.889,23994.9971,50583.9586,37383.154,33272.9369,34803.0478,4512.2802,48362.866,44044.4648,54566.3238,-4013.2105,-3751.9634,21668.4043
51219.6422,23990.2586,50575.5991,37370.2794,33253.0439,34795.6717,4507.497,48349.7679,44036.9546,54561.8534,-4021.6148,-3761.3064,21660.2683
51233.4555,23994.8183,50574.3027,37374.3474,33268.7348,34799.7844,4507.944,48371.7173,44051.2151,54563.1945,-4009.0978,-3752.8574,21659.3295
51248.8782,24005.8601,50576.5378,37391.9606,33293.6347,34807.6969,4510.0898,48384.0555,44061.2286,54563.9098,-3994.6586,-3743.425,21659.5531
51243.4244,24010.7328,50578.9965,37390.8877,33289.5219,34808.4122,4513.219,48385.8436,44056.9818,54559.7523,-3997.4302,-3744.8555,21659.3295
51228.0017,24008.7211,50583.9139,37378.3261,33268.7795,34806.7135,4515.3201,48370.1974,44047.2364,54555.8184,-4009.8578,-3753.6174,21658.2119
51224.5148,24006.933,50586.5961,37379.3989,33263.1022,34808.7251,4518.8069,48364.8777,44050.6339,54560.0653,-4011.1095,-3753.4833,21664.0681
51249.5488,24021.3722,50593.9722,37394.9558,33287.9573,34819.141,4524.1266,48390.1352,44066.9507,54570.6153,-3995.1056,-3740.3852,21673.5452
51268.1454,24029.5082,50601.7059,37409.5291,33308.9679,34825.623,4531.7709,48411.6822,44085.9497,54580.1818,-3977.8948,-3722.1014,21679.6249
51258.266,24027.0495,50602.6,37406.221,33307.5821,34822.9408,4530.7428,48408.3742,44082.2393,54579.7795,-3980.4876,-3723.6214,21678.5073
51234.2155,24019.0029,50596.7885,37385.7915,33285.0516,34813.4637,4524.8419,48395.9466,44067.8,54573.3869,-4005.8345,-3743.6485,21675.1993
51221.475,24011.7162,50594.5534,37371.3076,33267.6172,34808.144,4520.148,48382.4015,44061.7651,54571.107,-4015.5351,-3749.6388,21673.6794
51227.0182,24009.0787,50589.5019,37377.6108,33278.7484,34806.2664,4517.3317,48391.968,44074.0138,54573.074,-4008.3379,-3742.7098,21672.6065
51234.9755,24007.0671,50588.2502,37383.2434,33289.1196,34804.3889,4515.2307,48408.8659,44078.7524,54577.7231,-3999.6654,-3736.4513,21673.0088
51229.0299,23998.6628,50582.4387,37381.8576,33287.6444,34806.2664,4510.1792,48409.5365,44069.1411,54571.867,-4005.8345,-3745.7496,21670.8183
51215.7977,23992.5385,50582.6175,37374.4816,33271.6405,34804.7018,4507.184,48392.1915,44060.424,54560.6464,-4017.7703,-3759.0265,21664.4704
51206.0076,23983.5083,50579.5777,37377.0744,33260.6882,34802.3772,4507.1393,48383.4743,44055.6854,54555.1926,-4020.676,-3762.6475,21656.5132
51218.7034,23989.2751,50579.7565,37388.4737,33280.2236,34808.6357,4508.6145,48395.6784,44062.6144,54558.9477,-4009.3213,-3751.561,21656.8708
51237.2553,23996.7406,50580.8294,37400.8566,33299.4014,34812.659,4512.4143,48413.381,44068.1577,54562.3004,-3993.2281,-3739.1782,21661.4306
51229.1193,23990.5268,50573.4533,37400.2308,33292.1594,34813.9107,4509.4192,48407.2119,44062.7933,54560.1994,-3996.5808,-3744.632,21662.4588
51209.7627,23985.4753,50572.1569,37392.05,33273.2052,34808.9933,4505.3512,48388.5258,44053.7184,54555.6843,-4012.8976,-3758.6242,21656.6473
51206.8123,23984.0001,50576.0908,37388.6079,33273.6969,34808.2334,4507.2734,48391.8339,44056.9818,54556.9807,-4014.641,-3760.4123,21660.8942
51226.8394,23985.8776,50578.1919,37398.1744,33290.7736,34813.5084,4510.9838,48414.6774,44071.1081,54566.6814,-3998.9948,-3747.8954,21669.1643
51238.2388,23992.762,50581.6787,37404.6117,33303.7376,34813.9554,4512.1461,48428.9825,44080.6746,54573.2081,-3990.5459,-3735.1102,21674.5287
51232.025,23994.0584,50581.9917,37401.3931,33295.8698,34811.3626,4511.2967,48423.3946,44077.0984,54568.6483,-4000.023,-3737.703,21672.7406
51212.2661,23988.6045,50580.1588,37392.2288,33266.0526,34802.2431,4507.4075,48403.278,44067.0848,54563.1498,-4020.1396,-3752.4998,21664.381
51199.3468,23982.9719,50578.2366,37391.2901,33258.5871,34803.2713,4506.5135,48395.8125,44058.2335,54561.5405,-4024.2523,-3758.4007,21659.5978
51214.0095,23982.2119,50578.326,37399.2026,33280.313,34809.351,4507.2287,48413.381,44064.7155,54560.5123,-4010.3048,-3747.806,21660.2683
51224.2019,23980.9602,50576.5378,37398.4426,33291.7571,34808.3228,4507.3628,48419.7289,44073.2092,54563.1945,-4006.1921,-3739.0888,21660.8047
51221.2962,23979.8874,50574.6156,37395.9392,33287.9126,34805.5959,4502.5796,48407.5695,44063.8214,54558.5901,-4009.6343,-3747.7612,21656.5579
51210.7909,23971.2596,50572.1122,37386.4174,33268.0643,34798.7115,4498.4221,48391.2081,44051.8856,54550.3646,-4018.4855,-3769.0401,21650.4335
51202.9678,23967.4151,50565.7196,37379.3095,33257.1119,34793.8836,4493.3259,48392.1468,44044.1519,54545.179,-4022.1065,-3775.5221,21646.0079
51220.715,23968.5327,50568.1783,37386.328,33280.5365,34799.1139,4492.8789,48411.9952,44051.3939,54547.9506,-4009.8131,-3760.5017,21650.6124
51235.9589,23973.1371,50573.1851,37399.8284,33307.001,34808.1887,4499.808,48431.9329,44066.1907,54553.1362,-3993.4069,-3748.7894,21659.9107
51234.4837,23970.8126,50575.5544,37400.1861,33303.1118,34808.3228,4501.9984,48430.3683,44071.1975,54556.5337,-3993.4069,-3751.4716,21661.967
51215.0377,23958.2509,50569.6982,37386.0598,33277.9437,34800.455,4496.187,48417.5384,44057.6524,54547.8165,-4008.3826,-3764.1674,21659.1507
51207.9746,23954.7193,50565.2726,37381.5447,33268.2878,34797.3704,4494.7565,48410.7435,44053.9867,54542.8544,-4016.4739,-3768.5484,21655.8874
51222.1009,23961.5589,50562.5904,37387.4009,33286.6609,34798.9798,4496.0082,48423.7969,44057.2947,54547.8165,-4009.366,-3755.942,21657.005
51226.5712,23964.9564,50561.5175,37389.5913,33297.7027,34801.4832,4496.6787,48439.4431,44068.3365,54553.6727,-4001.1853,-3746.3307,21662.2353
51221.6091,23952.9759,50559.9082,37382.0812,33291.5336,34799.6056,4491.8954,48432.5588,44061.2733,54551.6163,-4011.4224,-3755.0926,21657.5414
51199.9279,23941.6212,50555.0355,37365.4068,33267.7066,34791.7378,4488.8556,48411.5481,44049.5163,54545.0449,-4026.9792,-3771.0965,21653.2946
51191.926,23942.56,50550.5651,37360.3106,33261.0905,34787.6251,4486.5757,48401.624,44049.1587,54538.2053,-4036.1881,-3775.0751,21650.97
51211.4167,23949.3549,50553.5603,37374.9286,33279.9554,34795.18,4489.1238,48426.345,44065.4755,54549.0235,-4018.9326,-3756.1655,21656.3344
51228.6723,23955.4346,50559.3717,37390.7536,33303.4694,34807.6075,4493.9518,48448.1156,44070.8399,54552.9127,-4003.5546,-3745.2132,21661.7882
51226.1242,23955.7922,50562.7245,37392.81,33300.6531,34808.3228,4496.7681,48441.5889,44062.3909,54551.1693,-4007.7567,-3748.3424,21659.866
51201.6267,23945.2422,50559.0588,37376.3591,33269.4948,34795.4482,4491.8507,48417.4043,44050.1869,54546.2072,-4024.6993,-3765.2403,21653.4287
51187.1874,23939.1178,50554.9908,37366.2114,33253.7144,34786.6416,4485.1899,48403.9485,44043.2578,54542.5862,-4034.3106,-3774.8516,21649.3607
51202.1631,23950.5172,50557.2259,37377.6555,33278.1225,34800.902,4491.7166,48420.8465,44064.045,54549.7835,-4010.2154,-3760.01,21654.5016
51213.8307,23948.2373,50554.2308,37388.429,33296.5404,34808.2781,4495.0247,48432.4694,44072.4939,54553.8068,-3998.6372,-3747.3589,21656.1109
51203.8171,23941.2189,50551.2804,37381.9023,33285.2751,34806.2217,4490.1967,48425.3615,44065.7437,54548.8894,-4010.6177,-3755.942,21651.6852
51180.5266,23922.0858,50540.5962,37359.3271,33252.6416,34791.4249,4477.948,48394.6502,44037.4464,54536.7748,-4032.5224,-3777.7573,21639.66
51175.5198,23911.9381,50534.8295,37348.5088,33239.9011,34781.8583,4469.3649,48378.6911,44028.2822,54531.7233,-4044.3242,-3785.0887,21632.418
51186.651,23919.4483,50533.4884,37356.0637,33257.7378,34783.2888,4470.2142,48389.9117,44039.3239,54533.7796,-4037.4845,-3776.6397,21633.3121
51186.5616,23914.7991,50533.0861,37359.2377,33267.7066,34782.6183,4467.3532,48407.5695,44048.3093,54536.3724,-4030.9578,-3775.8797,21634.6979
51186.7404,23913.1004,50532.0579,37358.1648,33257.1119,34779.1314,4469.4096,48403.3227,44047.6388,54533.869,-4031.2707,-3776.0586,21635.9496
51166.9815,23912.5639,50531.3873,37356.7343,33239.6328,34776.8962,4469.9907,48383.4296,44037.2229,54529.0411,-4038.6468,-3779.7689,21638.5871
51158.5772,23911.9381,50533.4884,37354.7226,33234.5814,34775.9128,4471.5106,48377.8417,44031.9926,54529.801,-4039.7197,-3781.1995,21640.7776
51171.5412,23905.5455,50528.7498,37360.0423,33251.7475,34773.4541,4470.3037,48392.5939,44045.0907,54532.3491,-4030.5555,-3774.181,21641.8058
51181.1525,23911.9381,50529.018,37374.5263,33275.1721,34783.5124,4474.4164,48420.0418,44062.9274,54538.9652,-4011.9588,-3760.3229,21647.8854
51176.6821,23912.9663,50528.6157,37376.5379,33269.8077,34786.2393,4475.8916,48417.5831,44061.9886,54539.8593,-4015.2222,-3763.2287,21646.2761
51164.6122,23903.9361,50526.4699,37365.8985,33245.3549,34777.5221,4470.4825,48397.5559,44042.2297,54529.4434,-4034.3553,-3778.3831,21639.3471
51153.1681,23895.7554,50522.7149,37358.7906,33232.7485,34767.0615,4465.1628,48392.5492,44033.4678,54523.0061,-4044.4136,-3787.7709,21633.5356
51166.8026,23901.1198,50521.7314,37367.2396,33247.8583,34767.4638,4466.4145,48405.8708,44044.3307,54533.4667,-4030.0637,-3775.9244,21634.9661
51177.3527,23902.6845,50520.3456,37374.0345,33264.8903,34771.8894,4466.9062,48416.5549,44054.9701,54541.2898,-4020.4525,-3767.3414,21638.2295
51169.4849,23902.1033,50515.1153,37369.3407,33253.9827,34770.2354,4466.0568,48409.0894,44046.8341,54537.7582,-4027.6051,-3773.3763,21634.7426
51155.9397,23905.4561,50516.9481,37359.5506,33232.1674,34769.0731,4465.878,48387.2294,44040.3521,54531.1868,-4042.1784,-3784.6416,21629.6911
51145.6579,23896.3366,50512.5225,37348.3747,33221.4385,34765.8098,4460.156,48385.6648,44037.357,54529.5328,-4051.8343,-3793.0906,21624.2373
51157.6384,23903.4891,50509.8403,37360.8023,33238.5153,34765.1392,4458.0102,48415.5715,44047.6388,54537.4006,-4040.5691,-3782.0935,21632.3733
51167.5626,23901.3433,50510.4214,37364.1104,33252.1051,34766.1227,4459.0384,48420.4888,44049.6504,54538.7864,-4031.9413,-3778.2043,21633.2674
51162.0641,23893.3414,50508.9462,37354.5438,33239.2752,34764.0663,4454.7468,48404.9767,44041.0674,54535.9254,-4040.122,-3785.2228,21627.0983
51144.4956,23887.4406,50514.847,37345.4243,33213.2578,34757.6737,4456.4009,48383.7426,44029.0868,54532.1703,-4053.2202,-3794.6999,21625.2655
51139.3547,23886.2336,50516.0093,37347.6595,33205.1218,34755.1256,4453.9422,48372.9243,44031.8584,54529.0411,-4057.2882,-3796.3986,21626.2043
51160.9465,23899.3317,50520.9267,37359.5506,33234.0002,34764.6922,4460.7818,48397.2877,44045.7165,54532.1256,-4038.1104,-3780.7077,21634.385
51179.2749,23911.6699,50527.7663,37376.5826,33254.9661,34773.5435,4469.3649,48420.2206,44061.2286,54540.351,-4017.9491,-3766.1344,21643.9962
51178.4256,23914.8438,50530.6721,37379.2648,33255.2791,34778.9526,4474.6399,48425.2721,44071.3763,54545.5366,-4015.7586,-3762.9604,21646.7679
51158.2196,23909.2559,50527.8558,37361.8752,33232.1674,34769.1625,4471.5554,48414.8115,44055.5513,54539.2781,-4035.1152,-3777.7126,21638.5424
51145.6132,23900.0022,50522.4466,37345.6478,33206.8205,34762.8593,4466.3697,48412.5763,44045.0013,54532.3938,-4045.6653,-3792.3753,21630.2723
51164.6122,23906.6184,50527.1852,37357.0025,33231.318,34774.6611,4468.8731,48435.1069,44062.2121,54539.9934,-4028.4097,-3776.7291,21638.3636
51182.7171,23919.7612,50528.4816,37376.1356,33257.4248,34783.0653,4473.9693,48454.0612,44073.5668,54546.2519,-4013.0764,-3766.7155,21642.7892
51174.134,23916.9896,50529.0627,37370.2347,33239.7223,34777.9244,4468.3814,48448.205,44064.5367,54543.3462,-4023.6712,-3775.3433,21636.5308
51151.6929,23900.6281,50521.0608,37351.504,33211.6932,34766.3462,4458.0996,48417.0467,44045.0907,54532.2597,-4046.4252,-3792.8671,21624.9973
51141.277,23895.8001,50515.1153,37340.194,33202.0819,34754.9021,4452.7352,48402.071,44039.2792,54525.733,-4055.4106,-3805.0264,21622.0915
51156.2079,23901.8798,50515.0706,37349.8946,33227.7417,34756.3326,4454.7021,48423.3499,44053.3608,54530.8292,-4043.2066,-3792.4647,21625.3102
51170.8707,23915.0673,50518.3339,37355.572,33246.3831,34764.9157,4463.2852,48437.3868,44055.6407,54537.4006,-4033.2824,-3776.595,21631.6134
51165.9533,23917.8389,50521.4632,37357.673,33238.56,34767.5085,4463.5534,48428.759,44048.3093,54536.2383,-4037.708,-3782.0935,21631.971
51155.0009,23913.8603,50524.7265,37350.3864,33220.6339,34763.7981,4461.9888,48412.6657,44031.0091,54532.3491,-4047.1852,-3796.2645,21635.5473
51152.1399,23913.5921,50525.7994,37351.9063,33217.9517,34767.9555,4462.1229,48405.3344,44026.5834,54529.4434,-4044.95,-3796.6669,21640.2858
51176.8609,23927.9419,50532.4155,37372.4252,33245.3549,34778.4162,4466.5039,48429.6978,44050.768,54537.8476,-4024.9228,-3778.6961,21647.7066
51187.411,23941.3083,50532.5496,37376.8508,33256.3072,34781.3666,4465.3863,48437.9232,44058.8146,54545.4919,-4016.7868,-3771.0071,21647.349
51182.2701,23941.353,50532.9072,37373.4087,33246.249,34784.4064,4460.7371,48434.3916,44053.4949,54548.1294,-4026.0404,-3779.2772,21642.1187
51170.513,23940.2354,50532.0579,37362.4563,33226.2218,34784.1382,4456.4009,48420.3994,44048.7117,54542.9885,-4039.1386,-3787.5921,21640.6435
51166.2662,23931.4735,50528.4369,37347.436,33210.4862,34777.9244,4448.846,48404.3062,44040.4415,54533.9137,-4050.225,-3796.3539,21632.8651
51186.9639,23935.4968,50532.7284,37357.4048,33225.5512,34784.2723,4452.1987,48419.5501,44047.5941,54538.697,-4037.7527,-3789.1567,21632.1945
51205.4712,23946.8962,50536.7517,37382.6623,33249.9593,34800.5891,4461.6759,48441.723,44057.1159,54545.9837,-4018.7538,-3771.0518,21639.0789
51190.8084,23938.0896,50532.639,37374.6157,33236.593,34797.594,4455.9985,48442.4382,44045.1354,54539.144,-4025.7275,-3776.0139,21634.832
51169.9319,23928.7913,50532.5496,37359.3271,33213.7048,34782.8418,4453.8081,48427.9096,44037.2229,54530.6057,-4046.157,-3792.733,21626.9642
51161.2594,23923.9186,50531.1638,37352.6216,33207.6699,34776.4045,4451.4388,48417.8513,44033.289,54526.5824,-4055.5447,-3799.8408,21627.6348
51179.9008,23929.9089,50532.6837,37365.8985,33231.4074,34782.9312,4459.2172,48430.5918,44043.7943,54535.3442,-4037.5739,-3784.4628,21636.0837
51187.9921,23934.9604,50536.7517,37372.7828,33249.0653,34784.0488,4466.5039,48451.5578,44050.321,54542.2733,-4023.7159,-3775.1198,21641.3587
51179.1855,23943.007,50543.8149,37376.7167,33250.6746,34786.1499,4472.1812,48451.3342,44050.9468,54548.4424,-4018.7091,-3771.2306,21648.3772
51153.6151,23936.6144,50541.3115,37364.1104,33225.9983,34775.4657,4469.7225,48432.067,44034.3618,54544.1955,-4037.8869,-3782.8535,21644.6668
51154.0622,23943.8117,50544.3066,37358.2989,33225.4618,34775.7787,4472.4941,48426.8814,44031.8137,54545.9837,-4037.3504,-3784.9993,21646.5443
51174.4916,23955.7028,50548.777,37371.0394,33251.0322,34781.1431,4481.4348,48448.4732,44039.1451,54551.5716,-4019.5584,-3772.4823,21654.6357
51179.722,23959.1449,50549.1346,37378.7731,33259.66,34782.7077,4484.2511,48449.9931,44043.2131,54552.9574,-4012.0035,-3765.4638,21657.2732
51166.2215,23960.799,50547.2571,37372.157,33253.7591,34780.4278,4487.6039,48429.5636,44034.8536,54550.9458,-4017.7703,-3770.56,21657.0944
51148.966,23956.6863,50544.4854,37355.9743,33228.5017,34771.7106,4486.5757,48400.1935,44017.4639,54543.0779,-4033.2824,-3783.2111,21649.8077
51141.7687,23959.5473,50546.5418,37352.4874,33223.0926,34770.9507,4485.8158,48389.5987,44008.255,54537.4453,-4034.8023,-3786.6533,21645.3373
51148.966,23971.8854,50549.1346,37364.1104,33251.4793,34770.3248,4485.9052,48397.1536,44011.6525,54543.7038,-4028.3203,-3778.2937,21644.2198
51158.2196,23975.1935,50548.6876,37374.4816,33268.4666,34772.0683,4488.5874,48398.9418,44018.9391,54545.8049,-4022.7771,-3771.4094,21644.5327
51160.8571,23982.7037,50549.984,37374.1686,33259.8835,34773.0517,4492.7448,48398.0924,44015.184,54543.2568,-4028.0074,-3772.7058,21644.2198
51148.2954,23986.9058,50553.4708,37370.2794,33239.9458,34770.6825,4495.2929,48374.7572,44007.495,54538.6076,-4035.4729,-3779.0984,21644.0856
51143.8251,23988.7387,50561.1598,37372.157,33236.5036,34773.767,4497.2152,48369.661,44006.2881,54541.111,-4033.4165,-3779.6348,21646.0526
51158.1302,23997.5899,50566.256,37385.0763,33258.453,34782.5289,4501.1044,48388.8835,44010.8031,54551.4822,-4014.8646,-3763.8545,21654.7698
51172.4353,24007.0671,50567.8207,37395.0452,33276.2897,34792.6319,4502.8031,48402.831,44013.3959,54552.1528,-4005.3874,-3753.4833,21657.5861
51163.9416,23998.8863,50563.6185,37385.568,33266.2314,34787.178,4502.8925,48389.6434,44004.187,54547.8612,-4015.8033,-3757.7301,21655.798
51145.9708,23991.1079,50562.1433,37379.9801,33241.1081,34783.4677,4498.1092,48361.8826,43993.8605,54542.0498,-4027.6051,-3771.6329,21654.6357
51136.6278,23990.6162,50561.3387,37381.6788,33225.2383,34780.9196,4490.7331,48342.213,43983.0422,54538.9652,-4032.8354,-3778.4725,21651.8193
51154.1069,23991.7338,50562.501,37387.6691,33237.1742,34783.0653,4490.0626,48356.2499,43997.4815,54544.9108,-4021.1678,-3769.8001,21655.7533
51168.9484,23991.9573,50563.8868,37392.1394,33249.5123,34786.8204,4494.5329,48369.4375,44006.4669,54546.8777,-4010.126,-3764.0333,21659.8213
51163.4052,23985.8776,50557.8965,37384.1822,33239.454,34779.6679,4493.5048,48353.1654,43997.0791,54538.697,-4016.1163,-3770.873,21655.0827
51146.2837,23979.3509,50558.0306,37373.811,33218.6669,34772.56,4490.3755,48332.5571,43982.5952,54533.2432,-4022.4642,-3782.63,21651.1935
51144.2274,23984.8942,50563.6185,37374.258,33215.5377,34773.9905,4492.4319,48324.8234,43979.3319,54529.2646,-4025.7275,-3783.2111,21653.2052
51165.5509,23992.449,50568.1783,37394.1958,33235.8778,34781.6795,4497.2599,48335.4628,43993.8605,54533.5114,-4010.9307,-3766.7155,21657.3179
51185.2205,24002.4179,50571.4417,37401.8848,33256.8437,34787.1333,4503.1607,48353.076,44006.4222,54538.6076,-3997.5643,-3755.8526,21662.727
51178.7385,24002.1497,50573.5427,37397.638,33247.143,34785.524,4504.2336,48346.9069,43996.4533,54538.0265,-3998.816,-3758.2666,21661.2071
51164.3887,23997.0088,50576.3143,37389.5913,33226.49,34784.5405,4504.5912,48319.1907,43978.4825,54532.2597,-4009.4554,-3767.7884,21658.3461
51163.137,23990.5268,50575.5544,37384.9869,33214.733,34781.2325,4503.2501,48317.8049,43975.6215,54526.7165,-4018.4408,-3769.4871,21658.3014
51184.684,23995.3101,50578.8177,37393.3017,33237.7553,34783.1547,4504.8147,48330.9925,43996.2298,54539.0546,-4008.6508,-3759.5183,21662.1011
51199.168,23998.5734,50581.9023,37397.4144,33255.1003,34785.1664,4506.8264,48333.8982,44007.5397,54548.6212,-3997.0726,-3754.6009,21665.7668
51191.3449,23992.5832,50580.5165,37390.3513,33245.3102,34782.3501,4502.9819,48320.7554,44000.2084,54544.1955,-4002.9287,-3763.9886,21665.588
51173.3741,23982.659,50577.1637,37377.8343,33217.907,34773.9458,4494.1306,48294.8273,43990.9548,54535.7913,-4020.9442,-3777.4444,21662.1011
51174.3575,23981.6755,50575.6438,37370.8606,33212.1402,34766.3909,4488.498,48289.5523,43987.8255,54534.9419,-4027.6498,-3784.1946,21659.0613
51194.787,23981.899,50577.4319,37378.0578,33228.9487,34769.3861,4488.2298,48309.1772,43998.4202,54539.5911,-4016.7868,-3773.1528,21660.1342
51212.5343,23985.967,50578.4154,37388.0267,33237.6659,34772.3812,4492.1637,48320.6213,44006.9139,54542.7203,-4005.0745,-3759.8759,21664.0681
51205.337,23988.694,50579.0859,37385.3445,33225.7301,34774.3928,4494.0859,48316.2403,43996.5874,54544.4638,-4008.2037,-3759.9653,21661.6988
51184.4605,23989.0069,50575.912,37374.3027,33206.0158,34772.56,4495.427,48304.7515,43985.3221,54538.2053,-4019.6031,-3771.6329,21655.9768
51189.9143,23994.1031,50577.6554,37381.3659,33207.804,34778.9973,4500.0315,48307.4337,43991.7594,54540.0828,-4015.1328,-3769.1295,21656.245
51206.6782,24001.5239,50583.5116,37400.499,33236.2801,34788.9662,4507.0946,48347.7116,44006.601,54552.1975,-3989.6518,-3753.1704,21665.2304
51220.6256,24006.7989,50583.5116,37406.5787,33256.6649,34791.0672,4511.7438,48368.6328,44016.3463,54558.143,-3980.0406,-3746.5096,21667.4656
51209.8074,23999.5569,50582.7516,37396.4757,33248.7971,34788.385,4509.2851,48359.2898,44009.2385,54552.5104,-3990.2329,-3753.4386,21663.7999
51192.0154,23989.7221,50582.9304,37385.0316,33225.9983,34777.9244,4508.8381,48333.8088,43997.5709,54547.8165,-4008.6061,-3764.2121,21661.5647
51191.7472,23982.8378,50585.1209,37382.4388,33220.5445,34778.6844,4511.7438,48316.2403,43998.7779,54547.9059,-4010.2154,-3762.5134,21662.7717
51206.2311,23990.1692,50585.2103,37392.1394,33239.9011,34785.3005,4514.1131,48330.3219,44007.7186,54552.8233,-3995.195,-3748.6553,21669.0302
51211.6849,23990.6609,50583.154,37397.7721,33251.3005,34786.5969,4515.0071,48344.8505,44015.2287,54552.6445,-3988.5342,-3740.7875,21670.5054
51215.6188,23991.4656,50586.2832,37393.8829,33245.6231,34790.6649,4515.186,48334.7923,44017.8216,54556.3549,-3996.3573,-3744.9002,21670.416
51195.8152,23982.4355,50582.7963,37384.0928,33224.7019,34784.9429,4507.1393,48314.4522,44015.2735,54549.7835,-4010.6177,-3759.1159,21662.5482
51187.0533,23985.0283,50576.0014,37380.3824,33220.5445,34782.7971,4504.8147,48319.7272,44010.4008,54549.1129,-4016.2057,-3765.4638,21659.9554
51205.1135,23993.3878,50572.291,37392.6312,33239.007,34786.9545,4509.5533,48346.2811,44017.4639,54553.3597,-3998.9054,-3754.5562,21665.8562
51220.3127,24004.6978,50575.1073,37406.5787,33257.6931,34796.7893,4513.219,48361.5696,44027.8798,54561.8534,-3983.1251,-3740.2064,21671.2654
51203.5489,24005.5025,50575.0179,37398.6661,33250.1829,34793.8836,4507.8546,48353.0313,44025.4658,54560.7805,-3992.334,-3748.0742,21668.4937
51192.2389,24012.9679,50576.4484,37393.7935,33239.8564,34789.9944,4506.8264,48345.6105,44012.7254,54556.489,-4002.6605,-3755.8526,21664.2022
51195.5917,24011.0904,50574.7944,37389.636,33234.7155,34792.6319,4504.1442,48346.594,44012.323,54552.1528,-4005.6109,-3758.4007,21661.9223
51210.7909,24011.4927,50575.1073,37397.9956,33250.8981,34801.7961,4501.7749,48360.4968,44026.1364,54553.8515,-3993.0046,-3751.0246,21665.141
51223.6655,24016.4995,50575.152,37409.9761,33267.7066,34806.177,4499.6291,48381.4627,44033.7807,54556.7125,-3985.0473,-3740.7428,21667.4209
51220.1786,24011.8057,50575.465,37408.635,33264.7562,34811.1838,4499.6738,48381.8203,44026.2258,54553.5833,-3988.713,-3744.2297,21668.4043
51207.5722,24005.2342,50571.7546,37394.7322,33243.3432,34805.1488,4495.7846,48365.0118,44015.5417,54544.7767,-4002.7052,-3758.9371,21662.9058
51208.6898,24001.1215,50573.051,37397.5039,33238.6494,34805.1935,4498.8692,48363.4025,44013.8876,54544.8214,-4007.1756,-3760.1888,21662.8164
51225.9901,24003.2673,50575.7779,37403.9412,33258.4083,34810.7815,4499.7185,48383.072,44031.1879,54551.1693,-3992.4234,-3746.3307,21667.7338
51234.7519,24007.2459,50578.1919,37404.12,33273.7863,34807.2052,4500.1656,48393.6667,44046.0742,54557.1595,-3983.0804,-3738.8653,21669.2537
51233.4555,24008.7211,50583.5116,37411.049,33273.6075,34805.1041,4507.497,48385.1284,44045.4036,54559.8865,-3982.5439,-3740.4746,21673.1876
51217.7199,24000.451,50582.5728,37395.6263,33243.1197,34801.6173,4500.2997,48360.2285,44027.9245,54554.3432,-4002.7052,-3756.9702,21667.0632
51210.9697,24003.4461,50581.8576,37389.5019,33238.8729,34799.248,4502.5796,48355.937,44026.4046,54557.3831,-4007.0862,-3761.1276,21666.9291
51224.2466,24011.0904,50585.3444,37402.2871,33261.3587,34800.6338,4512.6379,48384.0108,44045.4483,54564.0886,-3986.612,-3744.3191,21674.3052
51236.2719,24013.5491,50583.7351,37404.7905,33281.6541,34797.8622,4514.3366,48398.4947,44046.7447,54566.5473,-3981.9628,-3735.7807,21673.277
51232.8744,24013.0574,50583.7351,37396.9674,33269.4948,34794.5541,4516.3482,48386.4248,44039.3686,54565.7873,-3990.5459,-3744.5426,21669.2984
51219.9551,24013.1468,50587.1773,37398.6661,33257.8272,34797.1022,4518.6728,48373.7737,44036.4629,54567.7096,-3998.6819,-3752.0528,21667.5103
51214.0095,24009.7046,50588.116,37398.3979,33258.3189,34796.2081,4520.7292,48371.8067,44034.8983,54568.2013,-3999.0395,-3753.1257,21668.9408
51225.3195,24016.0525,50589.9936,37401.5272,33271.3276,34799.695,4526.3618,48384.9496,44048.1752,54575.0409,-3985.7179,-3739.7146,21676.451
51234.6178,24014.2643,50585.1656,37399.0685,33285.9904,34797.7728,4523.7243,48387.8106,44052.0644,54581.5676,-3980.3535,-3732.6515,21674.931
51225.3195,24009.9728,50580.6059,37390.7536,33269.1818,34790.1285,4519.4328,48384.3684,44045.0907,54576.4267,-3991.3505,-3739.9381,21671.8465
51209.2263,24005.5919,50581.7682,37379.5778,33247.0536,34787.8039,4517.0635,48369.1692,44037.6252,54574.281,-4008.0696,-3753.3939,21669.3878
51198.0951,23998.8863,50579.8459,37366.2561,33244.8184,34787.9827,4514.2919,48365.5483,44034.8536,54570.4812,-4013.6129,-3756.8361,21663.7999
51216.647,24007.9612,50580.7847,37377.7449,33268.5113,34796.834,4516.3035,48387.0506,44047.1917,54574.5045,-3999.7995,-3741.2792,21668.5385
51233.9026,24015.4266,50580.8294,37389.7702,33278.7484,34804.2995,4522.9644,48405.692,44063.8214,54579.5113,-3991.127,-3732.2491,21674.3946
51236.4954,24012.208,50581.4552,37388.1608,33274.9486,34802.109,4523.0985,48396.6619,44058.5911,54575.175,-3996.8044,-3738.8653,21674.0817
51225.7218,24009.6152,50582.1258,37375.8674,33255.6814,34793.5706,4518.8069,48373.1478,44039.7263,54570.9729,-4010.0366,-3753.081,21668.762
51220.7597,24013.9514,50582.6175,37377.2979,33248.9312,34793.7942,4518.7622,48373.9972,44043.1684,54573.074,-4010.7071,-3753.3492,21671.3995
51227.1971,24013.5044,50583.154,37381.9023,33266.0973,34799.1139,4520.6398,48392.6833,44055.9089,54577.9467,-3996.2232,-3744.8555,21675.5569
51226.6606,24005.5919,50580.8741,37384.674,33277.7649,34796.5658,4516.7506,48399.657,44055.6407,54578.9748,-3989.2048,-3740.2958,21676.1827
51221.922,24006.62,50585.1656,37386.0151,33270.2547,34798.488,4518.0917,48393.4879,44047.1917,54578.7066,-3991.7529,-3741.2345,21677.3003
51212.3555,24005.6366,50590.3065,37385.568,33261.6717,34802.0643,4522.115,48378.2887,44037.6699,54573.5657,-4001.7217,-3748.1636,21673.277
51204.6665,24002.4626,50589.636,37387.2221,33262.5657,34803.9418,4525.5125,48377.8864,44045.7165,54570.7941,-3999.3525,-3745.3473,21673.3664
51222.7267,24003.6249,50587.4902,37396.6545,33281.073,34805.5959,4523.5902,48394.382,44058.3229,54572.8952,-3989.026,-3736.8536,21677.2109
51234.4837,24004.7872,50587.4902,37402.913,33299.312,34808.1887,4521.668,48404.3956,44061.0945,54578.349,-3984.6003,-3736.1383,21678.1944
51224.7384,24005.5919,50586.9091,37401.3484,33297.3003,34801.1702,4519.4328,48394.4714,44051.1703,54577.589,-3987.506,-3741.1898,21675.0652
51202.9231,24006.933,50586.6408,37392.8547,33276.6473,34800.142,4520.7292,48374.8913,44036.1053,54572.3587,-3994.9715,-3752.7233,21670.5948
51198.9892,23992.8514,50580.5612,37388.8314,33263.1469,34799.8738,4517.5105,48363.5813,44030.6962,54566.7261,-4001.23,-3760.9488,21668.8961
51205.4265,23987.7105,50573.9003,37385.4339,33270.7018,34796.6999,4513.5319,48370.6892,44034.943,54566.2344,-3995.3291,-3754.6009,21667.6891
51215.5294,23987.6211,50570.8605,37393.3911,33284.2022,34797.1469,4507.9887,48370.6445,44040.665,54566.9496,-3988.6236,-3743.5591,21668.2702
51208.5557,23986.7717,50568.5359,37388.6526,33270.2994,34791.0225,4506.0664,48364.5201,44034.5407,54561.5405,-3997.9666,-3749.1024,21665.9456
51188.8862,23980.0215,50565.809,37375.3309,33249.4676,34783.9147,4504.77,48353.7018,44021.5766,54551.0352,-4014.9987,-3762.424,21658.5249
51183.2535,23977.9651,50567.6419,37374.0792,33241.2422,34780.8301,4505.1724,48343.3306,44020.2355,54549.247,-4020.1396,-3760.8594,21658.7931
51200.6432,23986.1459,50570.7711,37384.0928,33265.7397,34784.5405,4506.9605,48361.7485,44036.7758,54555.7737,-4004.851,-3752.7233,21662.3247
51215.0377,23995.176,50577.2084,37392.5865,33284.8728,34787.9827,4508.3463,48377.3053,44055.9983,54566.6814,-3990.1882,-3743.425,21667.1079
51213.1602,23995.6677,50581.7235,37391.3795,33275.6191,34788.385,4510.8497,48375.1595,44048.0411,54564.4909,-3995.0162,-3748.2083,21666.8397
51208.4663,23993.2984,50588.0713,37384.674,33254.4297,34787.491,4512.9955,48356.9205,44039.1004,54561.2276,-4008.4273,-3759.3842,21666.4374
51206.1864,23993.209,50589.2783,37379.3095,33251.3005,34790.6649,4512.6379,48357.8146,44041.3803,54564.0439,-4010.573,-3757.9089,21667.7338
51224.9619,23992.0467,50590.7983,37390.8877,33272.6687,34793.9283,4515.633,48373.5949,44057.0712,54572.4034,-3993.6751,-3740.5193,21671.6677
51234.9308,23990.9291,50591.9605,37387.9373,33280.1789,34792.3189,4515.2307,48389.4646,44059.7981,54574.9515,-3992.8705,-3738.7311,21673.7241
51222.1903,23986.727,50587.2667,37379.1307,33269.9418,34785.4346,4510.8497,48376.143,44052.6456,54568.0672,-4001.1406,-3747.8954,21669.2537
51204.89,23985.1177,50585.1656,37369.6983,33246.2043,34777.7903,4508.8828,48353.2101,44030.8303,54557.4278,-4016.4739,-3762.424,21666.7056
51210.2544,23987.1293,50582.6175,37371.1288,33242.0915,34779.2208,4508.9275,48357.6804,44033.2443,54555.5502,-4016.2057,-3763.8992,21667.555
51229.2087,23991.0632,50579.9353,37379.5331,33272.3111,34788.7874,4513.3084,48373.5949,44050.9468,54563.6415,-4000.8277,-3750.7117,21669.0749
51233.1873,23995.5336,50579.4436,37379.2201,33283.4423,34786.3734,4508.8381,48388.347,44061.4969,54570.8388,-3993.4516,-3744.9002,21668.9408
51225.0513,23991.9573,50578.4601,37379.3095,33274.7698,34782.3501,4505.2171,48381.7756,44053.5396,54565.0274,-3997.8325,-3750.2646,21663.2634
51204.89,23986.1459,50578.1025,37367.9996,33254.1615,34778.0585,4502.4008,48358.0381,44047.7282,54560.8699,-4011.5565,-3760.0994,21660.313
51199.5256,23985.4306,50577.2531,37367.1949,33251.7028,34773.9458,4499.4503,48348.6056,44041.9167,54558.903,-4017.5915,-3759.7418,21659.866
51217.5858,23985.1177,50574.8391,37375.1521,33267.349,34777.5668,4499.6291,48363.5366,44047.5941,54560.11,-4007.4885,-3755.6291,21658.3908
51229.4769,23988.0681,50578.9071,37377.6555,33283.4423,34779.7126,4501.8196,48378.8699,44061.1839,54561.4511,-4000.3359,-3752.7233,21662.1459
51217.2729,23983.6425,50576.8061,37363.3057,33269.2713,34773.4988,4501.462,48370.0186,44051.0809,54559.797,-4011.2883,-3757.2831,21659.866
51209.6733,23979.8874,50574.7497,37358.5671,33252.3733,34773.1411,4500.2103,48355.4453,44039.1451,54556.3102,-4022.8665,-3769.4424,21655.6638
51208.5557,23986.8164,50575.6885,37357.986,33246.7854,34774.214,4502.8031,48349.8573,44040.0392,54555.8631,-4020.229,-3769.353,21656.1109
51225.4983,23993.2984,50576.8061,37367.6866,33261.7611,34783.6465,4503.3842,48366.4423,44044.1519,54560.8699,-4006.3709,-3754.6009,21662.7717
51233.8132,24000.2275,50583.4669,37382.5729,33287.4656,34795.9846,4508.0781,48392.9962,44057.6077,54566.9049,-3995.8656,-3745.3026,21666.3927
51226.6159,24004.2061,50583.8245,37378.5496,33282.727,34795.9399,4506.3347,48392.9962,44057.4735,54568.1566,-3999.9783,-3751.8293,21664.2469
51213.786,23990.9291,50584.048,37373.4981,33259.7941,34790.5755,4504.9936,48378.6017,44046.4765,54562.971,-4008.8743,-3760.5017,21661.6541
51205.8288,23986.0564,50581.6787,37367.1502,33252.731,34787.5357,4502.1325,48378.8699,44046.9235,54556.5337,-4015.7586,-3762.7369,21658.8825
51220.715,23990.9291,50579.4436,37377.6555,33273.831,34795.5376,4500.8808,48393.7562,44055.4619,54558.5006,-4004.5828,-3756.8808,21660.5365
51232.6062,23994.7289,50576.5378,37387.0432,33293.0982,34801.5279,4504.6359,48406.0496,44059.5299,54563.1051,-3993.7645,-3747.7165,21663.5317
51226.1689,23991.1973,50573.6321,37389.0102,33288.9855,34799.5609,4503.7866,48401.4899,44054.8807,54559.8418,-3995.3291,-3749.0129,21663.5764
51208.6898,23988.381,50570.9946,37376.9403,33265.1585,34794.6435,4498.7351,48381.5521,44044.3754,54553.8962,-4014.8646,-3763.3628,21658.0778
51205.1582,23984.7153,50572.5145,37369.0277,33261.0905,34791.9166,4503.2501,48383.5638,44036.7758,54554.3432,-4022.8665,-3769.0401,21654.4122
51212.6237,23987.8446,50573.3192,37370.2794,33273.2946,34791.6037,4499.6738,48402.518,44045.8953,54557.2937,-4011.2436,-3759.6077,21654.1886
51225.1854,23993.8796,50573.9897,37378.8625,33288.1808,34793.66,4498.1986,48412.3975,44063.2403,54562.5687,-4002.3476,-3749.8623,21658.5249
51219.3292,23992.4043,50573.4086,37377.879,33282.0117,34790.799,4497.2599,48407.0778,44056.1324,54558.3218,-4010.9754,-3759.4736,21659.7766
51200.5091,23983.0166,50575.8673,37365.4515,33259.213,34784.9429,4493.5048,48386.4248,44043.3025,54552.5551,-4028.7226,-3771.7223,21656.1109
51194.6529,23983.4636,50575.465,37357.5389,33247.456,34782.5289,4495.2929,48372.2985,44042.9896,54549.56,-4033.193,-3770.0236,21653.4287
51216.2447,23992.8514,50578.2813,37373.3193,33272.4899,34793.8836,4502.5796,48402.2945,44059.7534,54560.9146,-4014.2387,-3749.5494,21660.0895
51232.1144,23995.4889,50580.8294,37385.7915,33293.7688,34799.248,4506.4688,48423.0816,44067.6659,54565.8767,-4000.6042,-3739.0441,21663.3528
51232.9191,23992.3149,50582.7069,37387.9373,33294.7075,34799.8291,4508.1228,48423.6181,44064.4026,54563.9545,-4000.5147,-3740.8322,21663.4423
51218.3905,23983.1954,50577.6554,37376.5826,33272.7134,34797.4598,4504.5912,48400.1935,44053.4502,54559.5288,-4015.5351,-3752.5892,21661.4306
51211.0591,23981.4967,50575.5544,37372.604,33264.7562,34792.3189,4500.5679,48401.5346,44046.3424,54559.8418,-4019.6478,-3753.4833,21658.659
51232.338,23986.3694,50573.9897,37381.5,33282.1459,34796.7893,4498.2433,48414.8115,44054.2996,54562.0769,-4011.1542,-3746.7778,21656.6473
51240.5187,23988.4257,50573.3192,37384.4504,33286.8397,34794.2412,4494.4435,48420.9806,44064.6261,54566.7708,-4005.8792,-3743.9615,21654.6357
51230.9968,23985.967,50574.5709,37379.4436,33274.8592,34792.7213,4495.874,48417.7619,44055.6407,54566.9049,-4011.9588,-3751.6057,21653.8757
51210.8803,23977.2499,50576.359,37376.6273,33259.5259,34792.0954,4494.4435,48406.9884,44051.9303,54565.832,-4023.4029,-3765.5532,21652.1323
51204.2642,23972.2878,50578.5942,37371.0394,33247.5007,34786.3734,4490.7331,48395.8125,44049.561,54565.4297,-4031.0025,-3765.9109,21652.2217
51219.061,23975.9535,50579.98,37378.0578,33265.1138,34791.2014,4490.4202,48412.4869,44060.5581,54568.6483,-4016.3398,-3754.1538,21660.0448
51226.8394,23976.9816,50582.9751,37380.7847,33279.4189,34791.0225,4493.1024,48425.898,44078.5736,54579.3325,-4004.1357,-3746.2413,21666.7503
51214.0542,23976.5793,50579.533,37367.5972,33268.4666,34784.8982,4489.9732,48416.5102,44073.9244,54576.2926,-4016.0269,-3755.5844,21661.7435
51203.4148,23972.3772,50577.7895,37366.4349,33261.314,34785.1664,4486.6651,48402.1604,44059.4852,54568.3354,-4026.711,-3761.8876,21658.7484
51199.9279,23974.21,50579.2648,37366.2561,33257.5142,34784.4958,4487.5145,48396.2595,44064.492,54570.7047,-4028.2309,-3760.01,21658.3461
51221.1621,23979.2168,50583.8692,37375.8227,33276.5132,34790.2179,4491.4484,48424.3333,44085.8603,54574.1916,-4014.4175,-3748.253,21662.5482
51234.8413,23989.0516,50585.8362,37383.2881,33285.3198,34794.2412,4494.4882,48441.7677,44091.5823,54577.0973,-4007.1756,-3742.3968,21663.174
51231.4439,23986.0117,50587.8478,37382.5729,33274.3227,34794.9117,4498.1986,48430.7259,44082.9545,54575.2645,-4013.3446,-3749.9964,21661.2518
51206.9017,23981.899,50585.0762,37370.3241,33250.4064,34789.2791,4494.3094,48409.6259,44068.8282,54568.3801,-4028.5885,-3762.6028,21654.591
51205.0688,23980.4685,50584.361,37368.9383,33259.5259,34794.42,4493.1471,48416.1526,44070.214,54568.1566,-4026.4428,-3761.5299,21658.8825
51225.0066,23980.9155,50582.1258,37377.7896,33279.0166,34796.7893,4493.4154,48442.7512,44081.077,54576.7397,-4011.5565,-3752.0528,21663.8893
51230.6839,23979.9768,50581.0976,37378.5049,33286.8397,34793.6153,4493.0577,48449.3673,44083.7592,54579.1537,-4005.0298,-3746.2413,21662.8164
51223.9784,23980.3344,50584.1374,37375.5097,33281.6094,34793.66,4495.874,48433.587,44077.7689,54579.5113,-4009.0084,-3747.2248,21660.76
51207.304,23968.8456,50581.8129,37362.6351,33257.2907,34786.1499,4491.4037,48405.2896,44059.3511,54570.213,-4023.4923,-3763.6757,21652.9369
51204.8453,23964.1517,50580.3823,37357.0472,33246.4725,34780.4278,4487.9168,48407.6589,44058.1441,54568.0225,-4027.4262,-3771.8117,21652.4452
51219.7316,23974.5229,50580.6953,37363.2163,33262.7892,34786.731,4487.291,48432.4694,44077.6795,54576.4714,-4016.4739,-3756.0314,21657.3179
51233.3661,23974.7912,50583.601,37373.9451,33278.2567,34790.8437,4489.705,48443.4217,44090.1965,54578.0361,-4010.3048,-3746.5096,21656.2897
51229.5216,23974.5677,50582.7963,37380.8742,33274.5463,34792.8554,4492.0295,48431.2177,44090.1071,54578.0808,-4014.194,-3757.9536,21655.6638
51211.6402,23970.9467,50580.8294,37366.122,33257.0672,34788.385,4488.8556,48404.8873,44070.214,54571.6882,-4028.5438,-3773.7787,21650.8806
51201.1349,23967.728,50577.6554,37358.433,33251.971,34782.4395,4486.8886,48404.2168,44061.4074,54566.3685,-4029.4379,-3776.1033,21648.9136
51218.5693,23972.4219,50578.8624,37372.0229,33274.6357,34787.1333,4489.8838,48434.7045,44082.3734,54573.7445,-4015.1328,-3760.77,21656.8708
51238.4176,23977.5628,50582.5728,37380.6506,33295.8698,34797.4151,4495.7399,48447.7133,44100.7912,54579.5113,-4003.3758,-3744.9896,21662.8611
51223.7996,23978.6804,50578.9518,37377.432,33284.4704,34798.3986,4499.0033,48439.6666,44094.4433,54575.5327,-4007.9355,-3748.4318,21661.0283
51209.6286,23977.7416,50580.6953,37373.5428,33263.3257,34797.6834,4498.0198,48425.4509,44088.3189,54571.2858,-4014.4622,-3756.1208,21660.6259
51206.3205,23973.8077,50580.5165,37372.8275,33257.0672,34794.867,4496.9022,48419.6395,44089.213,54574.5939,-4013.7917,-3761.5299,21659.8213
51223.6655,23974.1206,50581.0082,37380.74,33268.7348,34792.5425,4492.7895,48435.688,44092.387,54576.5162,-4009.2319,-3755.3161,21660.0001
51231.6674,23976.2217,50584.2716,37389.0996,33280.8942,34794.1071,4494.1753,48447.4897,44101.0147,54581.3441,-4001.9453,-3749.3259,21663.487
51219.5975,23970.7679,50588.0713,37375.6886,33268.6901,34787.2227,4494.98,48435.8221,44087.8719,54582.864,-4013.6576,-3758.6242,21663.174
51208.4663,23972.556,50590.4406,37364.8703,33248.6629,34787.0886,4490.3308,48418.3878,44074.9079,54580.6736,-4026.8004,-3767.6543,21660.3577
51207.3487,23976.8922,50588.6972,37362.054,33246.5619,34790.1732,4493.5048,48418.9689,44075.5337,54581.2547,-4023.7159,-3765.1062,21660.0895
51220.4915,23982.7037,50586.3726,37370.3688,33266.2761,34796.2976,4491.0014,48443.5111,44091.0012,54581.6123,-4010.2154,-3752.4104,21659.6425
51236.9871,23989.8115,50588.7419,37385.9704,33286.348,34803.2713,4495.0694,48454.8658,44101.9088,54583.9816,-4000.2465,-3744.6767,21660.7153
51225.7665,23983.5531,50588.7419,37377.2085,33272.4899,34794.3753,4492.8342,48447.8921,44092.2081,54580.4948,-4009.3213,-3752.0081,21658.3461
51207.7957,23972.3772,50584.9868,37362.501,33253.0886,34786.6416,4482.9994,48426.7473,44072.8962,54570.7047,-4028.3203,-3771.1412,21648.9583
51209.3604,23963.66,50585.2997,37360.2659,33250.7193,34788.2509,4483.9382,48407.1225,44071.6445,54566.8155,-4027.7392,-3774.8069,21647.796
51218.9269,23966.8339,50581.3658,37364.0656,33263.0575,34788.2062,4483.7147,48419.6395,44083.0439,54569.0954,-4021.0336,-3764.3015,21646.4102
51228.2699,23971.3043,50580.8741,37376.3144,33274.278,34789.1897,4483.4912,48437.4315,44085.6814,54569.4977,-4011.2883,-3754.735,21649.7183
51223.0843,23969.9185,50586.1491,37379.4883,33268.9136,34789.2791,4486.5757,48441.1865,44079.5571,54567.3072,-4015.8033,-3754.5115,21653.8757
51208.1087,23965.2693,50586.2832,37371.5758,33251.2558,34785.4793,4487.8721,48422.8134,44070.6164,54561.004,-4027.0686,-3764.0333,21651.6852
51205.5606,23962.3189,50584.9421,37368.983,33249.0653,34784.8088,4487.9615,48424.3333,44070.4823,54564.3568,-4028.9909,-3768.2354,21651.1041
51217.1835,23970.4996,50583.3775,37375.5544,33270.8806,34785.6134,4488.6321,48447.1321,44084.2956,54573.1634,-4020.1843,-3757.5513,21649.9418
51232.8297,23978.7698,50583.6904,37383.6011,33287.2421,34788.2509,4492.6107,48465.1923,44101.9982,54578.6172,-4009.4107,-3749.1471,21654.5463
51223.8443,23975.8641,50579.533,37374.9733,33271.2382,34784.3617,4489.8838,48454.5082,44095.6056,54578.3937,-4016.6527,-3756.9702,21654.8592
51206.9017,23968.6668,50576.3143,37364.4233,33247.6348,34779.2208,4485.6817,48432.3353,44083.5357,54573.7892,-4031.539,-3772.8846,21652.8475
51199.3915,23965.8952,50575.4203,37367.5972,33243.7009,34779.1761,4485.1005,48436.1798,44083.9827,54571.5988,-4029.2591,-3776.8185,21652.9369
51211.5508,23967.5939,50577.4766,37376.4932,33257.5589,34781.2325,4481.5242,48449.0544,44084.4297,54575.5774,-4020.229,-3767.3414,21655.6191
51225.543,23969.8291,50580.0247,37379.8907,33267.1255,34784.5852,4483.5806,48458.6209,44092.2976,54579.2878,-4007.3991,-3756.2549,21660.7153
51228.1358,23973.2713,50581.3658,37380.9189,33265.7397,34788.0721,4487.3357,48454.0164,44085.0109,54575.7115,-4005.5215,-3757.3725,21660.0001
51210.1203,23965.4481,50578.0131,37375.778,33249.0206,34782.3501,4482.9994,48431.0389,44071.6445,54565.2956,-4021.7042,-3774.5386,21652.0876
51201.8055,23958.6979,50576.0908,37377.6555,33248.1712,34780.5619,4482.6865,48421.1147,44076.696,54563.6863,-4021.8383,-3773.6893,21652.9369
51221.7879,23968.5774,50574.7944,37384.2716,33267.7066,34786.9098,4485.0558,48436.2692,44080.4511,54567.4413,-4009.4554,-3760.7253,21656.3344
51238.82,23978.9486,50580.5612,37387.982,33275.9768,34794.4647,4486.7098,48455.0446,44086.2626,54569.8106,-3999.1289,-3747.6271,21656.7367
51232.785,23984.313,50588.876,37387.8926,33271.9982,34796.1187,4489.3473,48455.0893,44083.0886,54568.6483,-4001.677,-3750.8458,21655.8427
51208.511,23973.9418,50581.1423,37373.5875,33249.2441,34790.8437,4484.6088,48432.5588,44065.0284,54561.5405,-4022.4642,-3767.5649,21650.5677
51203.3701,23967.5939,50578.6836,37364.1551,33240.661,34787.491,4479.602,48435.688,44071.421,54558.7689,-4030.4214,-3772.7952,21648.6007
51216.6917,23973.0924,50578.4601,37366.0326,33250.4511,34791.1119,4474.2823,48454.5082,44080.317,54560.3335,-4020.4078,-3765.732,21646.9467
51235.3778,23977.2052,50580.1141,37378.9072,33271.417,34799.3374,4477.2774,48469.618,44080.7194,54566.9943,-4007.3991,-3756.1655,21652.3111
51227.7335,23972.7348,50577.6554,37377.2085,33260.42,34796.5658,4472.6282,48462.2419,44071.5998,54564.0886,-4015.5351,-3766.5814,21649.1818
51200.7773,23963.4365,50577.7895,37365.1385,33235.1178,34794.42,4466.1909,48447.445,44062.838,54557.2042,-4030.9578,-3778.7855,21645.2032
51211.2826,23973.316,50584.048,37376.3591,33243.1197,34801.4832,4474.5952,48445.791,44071.734,54559.797,-4020.9889,-3771.1412,21650.1206
51238.7753,23978.4122,50586.2832,37388.6079,33273.4734,34808.0993,4481.256,48460.1855,44090.9564,54566.9496,-4002.3923,-3756.2549,21657.3179
51247.7607,23976.177,50585.568,37392.9441,33289.5666,34811.9885,4485.9052,48470.5567,44091.8505,54569.2742,-3992.8705,-3745.8837,21661.967
51236.6295,23974.2994,50588.0266,37383.7799,33279.9107,34807.8758,4490.152,48455.7152,44080.6746,54572.5822,-3997.1173,-3748.7,21665.588
51213.5625,23970.9467,50592.5864,37371.3076,33261.8058,34799.0245,4493.1024,48439.0408,44068.7388,54565.8767,-4010.3942,-3758.6242,21664.6492
51217.5411,23975.9535,50592.4076,37373.2746,33263.0128,34799.9185,4493.6836,48444.7181,44063.0615,54563.7757,-4011.2883,-3760.2782,21665.2304
51234.2155,23988.381,50592.2288,37383.6458,33282.8611,34807.0711,4496.9916,48464.9241,44076.3384,54571.7329,-3994.748,-3742.978,21672.6512
51236.853,23989.2304,50594.2404,37386.9091,33287.2421,34805.1935,4500.6573,48465.0135,44083.491,54576.9632,-3987.7295,-3734.5737,21676.4063
51219.5081,23991.0632,50595.5815,37380.5165,33272.7134,34800.8573,4499.4503,48446.998,44072.181,54573.4763,-3998.6819,-3741.1898,21672.5618
51195.6811,23986.1459,50596.8779,37367.5525,33254.5638,34795.1353,4497.3046,48422.724,44058.6358,54570.66,-4015.848,-3752.0081,21671.3101
51192.1495,23984.6706,50599.1131,37362.8139,33250.0488,34790.8437,4498.1092,48404.4403,44051.7068,54567.8437,-4020.676,-3753.5727,21669.9243
51202.9678,23991.7338,50603.1364,37372.8275,33269.5842,34789.1003,4500.0315,48414.6774,44052.0644,54567.6649,-4004.8063,-3748.7,21673.7688
51210.3885,23995.0418,50600.4989,37374.258,33284.694,34789.3238,4500.0762,48417.896,44057.9653,54566.7708,-3998.3243,-3747.3142,21671.3995
51193.7141,23998.3499,50597.1462,37367.1055,33272.7134,34784.4511,4501.0597,48410.8329,44048.7117,54563.6863,-4009.4107,-3751.2928,21668.5832
51179.0961,23999.4675,50595.7603,37365.2726,33251.0322,34776.1363,4502.2219,48384.3237,44030.6515,54557.8301,-4021.0336,-3762.424,21662.5035
51171.9882,23998.2158,50593.9275,37359.5059,33243.7903,34774.3481,4501.909,48366.6658,44021.3978,54549.247,-4022.5983,-3770.113,21659.6425
51184.9523,23999.3781,50593.5699,37366.7926,33255.9943,34784.2276,4505.1277,48374.936,44030.8303,54551.1246,-4009.7237,-3759.9206,21662.1459
51198.1845,24001.9262,50594.8663,37380.1142,33273.5181,34790.1732,4510.3133,48384.5025,44035.6582,54554.3879,-3997.0279,-3750.0858,21664.6045
51180.8395,23995.8912,50595.0004,37373.811,33259.4812,34780.3831,4511.2073,48362.7766,44028.1481,54551.214,-4004.851,-3753.1257,21665.6774
51164.8804,23993.6113,50596.9226,37362.2775,33236.2354,34777.7009,4511.4309,48334.077,44019.9226,54543.1674,-4017.815,-3763.8545,21662.1906
51173.5529,24000.898,50602.6447,37367.5972,33234.4025,34780.5619,4516.3929,48333.4512,44024.0353,54546.7883,-4010.6177,-3756.2102,21666.4374
51184.684,24005.2789,50598.3084,37376.7614,33250.9428,34784.5405,4515.2754,48353.8806,44030.562,54550.6775,-3995.7762,-3740.8769,21673.0535
51193.2224,24001.2556,50595.1345,37382.2153,33257.5142,34786.8204,4515.2307,48363.179,44031.1879,54553.7174,-3989.7859,-3738.1947,21675.0205
51186.5169,23998.7522,50596.1627,37381.0083,33249.2441,34787.0439,4512.9955,48347.6222,44026.9411,54549.7388,-3990.7694,-3748.253,21674.8416
51166.5344,23995.5783,50597.9061,37376.5379,33229.3063,34778.2373,4511.6544,48326.5668,44009.2832,54544.6426,-4002.5711,-3760.1888,21673.9476
51162.824,23990.5268,50595.0004,37376.4932,33221.5726,34771.6212,4508.4804,48316.1062,44005.394,54541.2898,-4005.4768,-3760.77,21670.5501
51182.7171,23999.1993,50596.2968,37383.1987,33234.9837,34784.0935,4506.1558,48332.0653,44022.0237,54547.2354,-3994.2116,-3748.7447,21676.2722
51189.3332,23999.691,50595.5815,37385.9257,33242.8068,34784.8088,4506.2006,48338.145,44020.0567,54545.7602,-3993.4069,-3748.7447,21674.037
51180.9289,23990.6162,50591.5135,37383.1987,33225.2383,34778.6844,4502.4902,48319.6825,44004.1423,54539.5464,-4000.0677,-3760.0994,21667.4209
51165.7298,23985.4753,50591.0218,37371.7993,33206.6864,34774.1246,4498.1986,48298.493,43990.5971,54534.4055,-4016.9209,-3773.421,21662.4141
51161.6617,23985.6988,50589.0548,37363.3057,33204.9876,34768.9837,4496.3211,48286.1102,43990.1948,54529.1752,-4024.9676,-3776.1927,21658.5249
51181.0631,23992.0467,50592.1394,37371.397,33226.8924,34770.5483,4503.2501,48294.1121,44001.1472,54533.6008,-4009.8578,-3760.6359,21662.6376
51196.2175,23998.5734,50593.9722,37385.2104,33242.8068,34774.214,4508.2569,48310.6524,44007.1821,54539.5911,-3998.5925,-3752.2316,21666.2586
51189.9143,23993.8349,50592.1841,37381.6788,33231.7203,34775.9575,4507.4075,48299.3871,44006.3775,54538.4735,-4003.3758,-3760.0994,21666.6162
51170.7813,23986.0564,50592.4076,37371.8888,33207.6252,34770.8166,4504.8147,48277.4824,43993.0111,54535.2548,-4017.815,-3768.146,21663.8893
51177.308,23988.6045,50593.1228,37369.3407,33208.1169,34770.2801,4506.0217,48273.1462,43999.0014,54537.1771,-4020.4525,-3764.8827,21666.795
51198.6762,23997.3664,50594.3745,37378.0578,33232.1674,34772.4259,4506.737,48292.2792,44014.7817,54540.6193,-4003.2864,-3753.3939,21671.8465
51211.6402,24003.3567,50595.805,37381.2318,33242.3598,34773.6329,4509.7321,48306.2714,44024.4377,54546.3413,-3994.5245,-3744.7661,21675.7804
51203.7724,24000.9874,50593.3017,37378.3708,33230.1557,34773.4541,4509.7321,48287.5407,44014.1112,54546.1178,-4001.9453,-3755.3161,21671.5336
51188.3944,23990.1692,50591.9605,37367.4631,33210.218,34767.5085,4506.5582,48270.0616,44001.1024,54537.043,-4015.1775,-3770.2471,21665.3645
51191.8366,23988.9622,50595.358,37362.6798,33205.6582,34765.7204,4504.9042,48280.3434,44006.0198,54539.3676,-4017.5468,-3767.2967,21666.4821
51201.8055,23995.5336,50596.2521,37368.0443,33228.5464,34769.2966,4501.6855,48293.3074,44028.3269,54546.6542,-4003.5993,-3753.9303,21670.2819
51202.9678,23996.83,50594.8663,37368.983,33240.8398,34777.7903,4501.1044,48303.8574,44034.0936,54551.4822,-3998.816,-3745.8837,21675.0652
51203.0125,23999.5569,50594.1063,37367.5525,33240.6163,34776.7621,4502.8031,48303.6786,44023.8118,54548.4424,-4000.4253,-3753.5727,21674.1711
51186.4722,23995.8018,50587.8031,37354.9461,33217.594,34767.2403,4497.0363,48283.9197,44006.2433,54541.4239,-4019.5584,-3767.8331,21663.2634
51177.6209,23992.1808,50581.8129,37348.0618,33211.112,34762.904,4494.9353,48280.4775,44014.4241,54541.5133,-4024.9228,-3767.9672,21661.52
51193.0436,23989.6327,50582.7069,37355.4826,33232.3015,34766.3015,4499.7633,48299.2977,44021.666,54546.5648,-4012.8529,-3756.8808,21666.7056
51206.097,23984.5365,50582.5281,37366.0773,33243.0303,34765.2286,4501.462,48305.4221,44023.9459,54547.3695,-4003.2417,-3751.3375,21665.7221
51199.7938,23977.2052,50580.5612,37365.0044,33228.9487,34759.3278,4496.634,48284.8585,44012.1889,54542.4521,-4013.4788,-3762.3346,21661.1624
51186.0251,23967.3704,50578.1025,37350.1629,33207.5804,34755.3492,4492.0295,48258.5728,43994.844,54538.3841,-4029.125,-3780.7524,21655.2615
51183.1641,23964.6882,50579.9353,37346.3184,33203.4677,34759.9983,4490.2861,48255.4436,43997.8391,54538.2947,-4032.3436,-3782.2276,21651.3723
51202.0737,23972.1984,50584.6739,37357.3601,33221.5726,34767.3297,4491.1355,48276.2307,44012.323,54545.0002,-4019.8267,-3768.7272,21654.5016
51210.925,23983.106,50585.1656,37364.3339,33232.0333,34769.8331,4490.0626,48291.3852,44020.4144,54548.3083,-4015.5798,-3764.6592,21654.0992
51202.5207,23986.727,50585.9703,37360.087,33220.6339,34769.4308,4494.22,48288.1665,44014.737,54547.9506,-4020.8548,-3768.8166,21651.9535
51183.9241,23978.278,50580.7847,37349.09,33192.113,34761.5629,4490.9567,48272.4756,44000.1637,54537.7135,-4036.2328,-3782.5853,21645.9185
51182.2701,23984.8495,50586.015,37352.2639,33206.3287,34768.0449,4493.1024,48280.701,44005.2599,54540.1275,-4034.1765,-3779.8584,21649.3607
51201.6267,24000.5404,50590.7536,37366.569,33239.9905,34783.9594,4501.5514,48310.6524,44025.9129,54555.4161,-4012.4059,-3761.8876,21657.5414
51204.7559,23999.5122,50590.8877,37365.1385,33250.3617,34786.8204,4501.0149,48328.4891,44025.7341,54554.7456,-4002.9287,-3756.5231,21659.7319
51201.4478,23998.7522,50589.1442,37362.6798,33240.3928,34781.2325,4498.3327,48320.3083,44022.8283,54550.1411,-4007.8461,-3763.4075,21657.005
51194.0271,23994.5054,50584.9868,37368.4466,33224.1207,34781.1878,4497.081,48298.2695,44018.7603,54547.9953,-4020.0949,-3774.1363,21654.278
51200.3303,23989.9457,50582.7963,37364.1998,33221.7962,34785.8816,4492.6107,48297.7778,44014.4241,54545.8049,-4021.0336,-3775.9244,21657.4073
51212.6684,23994.0584,50584.4951,37370.4582,33238.7388,34790.8437,4489.7497,48319.6378,44022.873,54553.0021,-4007.0862,-3765.3297,21662.4141
51217.1388,23989.3645,50582.4387,37377.1638,33246.6066,34788.8768,4486.6204,48329.7408,44026.9411,54551.3928,-4003.0181,-3759.2053,21659.8213
51208.1087,23985.2965,50578.4601,37370.2794,33232.3909,34788.6086,4484.6982,48316.1062,44026.9858,54546.0731,-4012.0929,-3767.7884,21657.6308
51188.2156,23980.1556,50577.6554,37359.0589,33214.5989,34783.3782,4481.9713,48296.2579,44013.9771,54538.6523,-4027.3815,-3779.3219,21650.8359
51185.9804,23974.6124,50581.4999,37359.3271,33217.4599,34783.7806,4485.7264,48299.4765,44016.6593,54540.5298,-4024.5205,-3779.1878,21651.2829
51205.5159,23980.1556,50582.5728,37364.4233,33242.1809,34782.7971,4487.7827,48321.0683,44032.1714,54549.1129,-4012.9423,-3765.8662,21657.3626
51214.4566,23985.8776,50587.9819,37371.2629,33252.8651,34783.9594,4490.9567,48338.2791,44038.2063,54553.4045,-4005.9686,-3754.9138,21658.7931
51208.8686,23986.3694,50591.3347,37364.5574,33242.4045,34784.8088,4491.8507,48332.8253,44035.7476,54549.9176,-4013.0764,-3761.7534,21659.6425
51195.2788,23977.3393,50591.5582,37354.2756,33221.8856,34778.4162,4492.4319,48308.2831,44030.8303,54545.9837,-4025.6828,-3772.5717,21658.3908
51191.3002,23976.3111,50591.6476,37353.2474,33222.5561,34775.3763,4493.0577,48302.561,44030.6067,54545.2237,-4026.4875,-3774.6727,21656.1556
51205.1582,23988.0234,50592.3182,37363.3504,33242.3598,34778.7738,4496.7681,48319.5931,44044.3307,54555.1479,-4015.1775,-3761.3958,21659.3295
51207.5722,23989.0516,50597.8167,37361.9646,33255.0555,34776.9856,4499.5844,48336.044,44053.182,54562.0769,-4007.8461,-3755.0032,21662.2353
51209.0474,23994.0137,50602.8682,37366.6584,33255.6367,34779.2208,4502.4455,48336.5357,44047.3258,54563.9098,-4006.1474,-3756.2996,21665.1857
51198.9444,23991.1973,50597.9955,37356.6896,33239.5434,34773.6776,4501.909,48318.4755,44030.2044,54558.7689,-4020.7207,-3769.5765,21658.3461
51198.2739,23991.0632,50595.358,37347.436,33233.8661,34773.4541,4500.0315,48310.6971,44028.8633,54555.6396,-4022.5983,-3772.5717,21654.9039
51216.8705,24001.2556,50598.8002,37362.1434,33258.8553,34781.009,4503.3842,48340.9613,44043.9284,54566.9943,-4007.2203,-3756.6572,21663.1293
51223.7102,24003.2226,50598.2637,37367.8654,33268.2431,34785.2558,4507.1393,48353.8359,44052.2879,54572.0458,-3998.3243,-3748.2083,21665.4092
51221.2068,24000.5851,50594.3298,37361.4281,33254.2062,34780.4725,4505.4406,48340.0673,44049.1587,54568.5142,-4007.1756,-3754.8691,21662.3694
51208.7792,23997.4558,50592.6758,37349.7605,33239.1858,34774.6611,4503.4289,48321.113,44041.5591,54561.1829,-4018.3514,-3767.0732,21656.8708
51205.0688,23995.623,50588.9207,37347.5701,33242.0915,34775.3763,4501.3279,48322.1412,44042.6767,54560.5123,-4020.4525,-3766.5814,21654.8592
51218.5246,24002.3285,50592.2735,37362.7692,33263.281,34780.5172,4504.9489,48358.1275,44052.6456,54569.8553,-4002.2135,-3747.0013,21661.8776
51224.5148,24007.827,50594.6875,37365.8091,33272.9816,34782.9759,4506.6923,48372.1197,44060.8263,54575.2198,-3996.8044,-3740.6087,21663.7105
51220.9833,24011.3139,50596.2968,37362.9034,33265.6503,34779.9361,4509.6427,48367.1129,44062.7933,54575.7115,-4004.5828,-3742.9333,21664.2469
51206.6782,24004.4743,50600.4095,37361.7411,33247.5901,34778.3715,4512.9508,48347.6222,44050.0528,54569.5871,-4012.8082,-3751.1587,21665.4986
51202.2078,23996.9641,50606.668,37358.9247,33244.6843,34781.7242,4509.7768,48350.8408,44043.1237,54566.592,-4016.1163,-3756.2549,21665.3198
51223.9784,24003.1332,50605.908,37369.3854,33270.4335,34787.3569,4509.7321,48366.1741,44048.6223,54570.5706,-4004.8063,-3746.7778,21664.8728
51234.8413,24007.5141,50603.5388,37379.4436,33280.313,34793.3918,4512.6379,48371.2703,44054.0761,54572.8058,-3996.3573,-3741.5028,21666.3927
51222.682,24001.4344,50601.2142,37375.9568,33258.0954,34789.0556,4511.252,48352.6736,44047.1917,54565.4297,-4004.1357,-3748.6106,21659.6425
51206.3652,23990.8397,50595.8945,37360.6682,33240.0352,34779.3549,4506.4688,48327.2821,44033.8701,54557.6066,-4021.3913,-3760.7253,21653.2946
51201.4031,23988.6045,50592.4076,37362.2328,33244.1032,34787.178,4507.8099,48327.2374,44033.4231,54555.4161,-4020.7207,-3760.9935,21652.4899
51202.8784,23986.2353,50583.6904,37364.4233,33259.0342,34789.5026,4503.3395,48344.0012,44038.251,54550.7669,-4015.848,-3758.0878,21649.6289
51210.6568,23984.4471,50578.9965,37368.8042,33260.2412,34783.1994,4500.3891,48352.8972,44037.4464,54551.9292,-4012.4953,-3755.0479,21650.9253
51200.375,23976.7581,50581.4105,37369.7877,33254.1615,34777.4774,4499.2268,48334.3899,44028.8633,54552.6445,-4017.5915,-3762.7816,21651.7746
51188.2156,23972.5113,50579.0412,37356.9578,33238.2023,34770.4142,4494.6223,48322.3647,44019.7885,54543.8826,-4030.1085,-3778.5172,21649.316
51193.4012,23973.4054,50582.2152,37358.9247,33234.2237,34773.767,4494.22,48323.0352,44024.8847,54550.1411,-4026.4875,-3776.2821,21649.3607
51211.1038,23977.9204,50583.9139,37368.6254,33252.731,34778.1032,4497.9304,48346.5493,44043.079,54562.524,-4012.3165,-3763.0051,21651.8193
51214.233,23980.5579,50587.222,37377.1638,33268.7348,34781.9477,4505.4406,48361.4802,44053.942,54564.178,-4002.2582,-3752.1422,21655.5744
51202.7442,23974.8359,50586.3726,37370.4135,33254.9214,34777.4327,4502.669,48351.422,44046.0742,54556.6678,-4011.1542,-3761.7534,21653.8757
51185.3099,23969.6056,50586.3726,37353.8733,33228.3676,34769.5202,4495.5611,48325.8963,44036.6417,54549.56,-4029.3932,-3774.6727,21648.0643
51193.6694,23969.7397,50590.6641,37359.3718,33234.4025,34773.32,4496.9022,48319.4143,44039.5921,54551.4822,-4029.2144,-3777.3103,21650.0759
51212.0426,23973.6289,50590.0383,37368.6701,33253.1333,34777.5221,4501.462,48337.4298,44055.0148,54561.6746,-4015.8927,-3765.9109,21652.0429
51227.2418,23976.5793,50591.6476,37375.5097,33261.8058,34784.0935,4503.9207,48352.5395,44064.8496,54568.3354,-4008.919,-3756.0314,21655.1721
51218.8375,23975.1935,50588.6078,37371.2629,33255.2344,34778.1479,4502.5349,48348.4268,44052.9138,54563.3286,-4019.2455,-3763.631,21652.2664
51196.8434,23968.935,50583.4222,37358.88,33239.6328,34771.1742,4501.3726,48331.7971,44039.5474,54552.6892,-4027.4262,-3777.1314,21648.9583
51201.0455,23969.2926,50584.808,37349.8499,33230.5133,34771.4424,4499.3162,48326.1198,44043.7943,54554.0303,-4028.365,-3775.7009,21650.1653
51215.1271,23979.798,50586.1491,37354.7226,33251.9263,34772.0683,4497.4834,48342.7048,44051.528,54557.5172,-4016.9209,-3760.3229,21654.1439
51217.4964,23975.5064,50584.7633,37358.0754,33263.728,34771.9789,4496.0976,48360.0944,44058.3676,54562.3899,-4012.3165,-3754.3327,21655.9321
51208.064,23967.5045,50578.773,37349.4923,33250.6299,34771.5765,4495.9188,48353.7912,44054.2102,54559.4394,-4021.7042,-3765.2403,21652.0429
51199.9279,23965.0905,50578.3707,37343.4573,33233.1955,34768.8049,4494.3094,48338.5921,44047.1023,54553.9856,-4031.8519,-3775.835,21647.349
51201.4925,23967.4151,50583.0199,37346.9889,33233.1508,34770.2801,4494.4435,48341.6766,44051.0809,54557.249,-4032.6118,-3772.2588,21651.5511
51214.1436,23970.6337,50583.6904,37362.3222,33257.9613,34777.9244,4498.2433,48361.2567,44065.7884,54564.2674,-4018.8432,-3759.5183,21656.2003
51218.5246,23971.3937,50580.3823,37369.2513,33272.624,34776.1363,4496.2317,48366.3082,44066.8166,54564.1333,-4010.0366,-3754.2433,21653.9651
51201.8502,23964.0176,50576.359,37357.1813,33259.7941,34765.6757,4493.0577,48356.5629,44061.8992,54556.8466,-4022.4642,-3763.5863,21647.3043
51189.512,23960.6649,50578.2366,37346.8101,33239.6328,34768.0897,4495.3823,48348.2033,44052.422,54555.1479,-4034.4447,-3773.5105,21645.0244
51191.1213,23958.8767,50578.7283,37341.3116,33241.1081,34768.939,4494.3541,48350.7961,44053.3161,54559.1265,-4032.0754,-3770.6941,21646.7232
51210.0756,23966.4316,50580.1141,37354.4097,33265.5162,34772.4259,4497.1704,48368.0964,44064.045,54569.1401,-4017.4574,-3759.8759,21653.2499
51218.9716,23971.796,50577.879,37361.7858,33275.0827,34773.4541,4496.4552,48378.3334,44071.2422,54570.9282,-4013.2999,-3756.4784,21652.0429
51204.8453,23965.2693,50574.7497,37359.2824,33264.3986,34772.2471,4496.3211,48369.7951,44071.5104,54564.8932,-4019.6925,-3760.2782,21647.7066
51182.8065,23950.4725,50571.9781,37347.2124,33238.6047,34763.0382,4491.6272,48348.7844,44058.01,54554.1644,-4036.6799,-3773.5999,21644.3539
51186.2934,23948.2373,50571.1734,37351.5934,33240.3928,34766.3909,4491.7166,48350.7961,44056.4901,54557.1595,-4035.0258,-3771.4541,21647.8407
51203.2807,23953.5123,50570.637,37362.2775,33261.7611,34771.2189,4495.8293,48373.7737,44070.0799,54565.1615,-4021.9724,-3754.9585,21652.624
51198.9892,23954.9428,50565.2726,37360.4447,33267.796,34768.0449,4494.8459,48376.2324,44072.0022,54564.3121,-4016.0716,-3753.0363,21649.1818
51189.2438,23951.3218,50563.1715,37353.3815,33255.3238,34770.3248,4491.9401,48368.7669,44066.6378,54561.0934,-4023.4923,-3761.3958,21648.4219
51168.9037,23937.6873,50559.6846,37339.434,33227.5629,34759.3725,4482.5524,48347.7116,44052.5562,54549.7835,-4039.7197,-3778.5619,21640.0176
51171.5859,23934.3345,50560.7128,37338.8529,33223.9419,34756.9585,4482.9994,48340.6484,44051.0809,54549.9176,-4040.3903,-3779.7689,21642.0293
51184.1923,23938.8049,50557.3601,37345.1114,33238.2023,34758.4337,4482.9994,48364.5201,44056.0877,54552.4657,-4030.5555,-3768.146,21643.5939
51195.5023,23947.2985,50559.1035,37352.9345,33258.5424,34765.0498,4484.2958,48376.9476,44060.871,54556.5784,-4019.3796,-3760.8594,21647.6172
51182.7171,23946.5386,50557.3153,37345.2455,33244.2373,34760.5348,4479.4232,48368.9904,44057.9206,54554.835,-4030.3767,-3771.3647,21641.5375
51158.6219,23930.6241,50555.6166,37333.5779,33221.7515,34754.1869,4476.6515,48348.7397,44041.3356,54549.5152,-4046.5146,-3788.3073,21633.0886
51160.2759,23919.4483,50551.4592,37335.9472,33221.2597,34756.5562,4469.7672,48348.1139,44033.8701,54543.7485,-4049.3757,-3789.7378,21628.1265
51182.5383,23923.1139,50550.6545,37350.6993,33245.8466,34760.043,4468.5155,48359.4239,44043.7049,54547.8165,-4032.8801,-3775.7009,21631.0769
51188.3944,23926.8243,50553.3814,37358.3883,33255.7708,34763.3958,4474.7293,48376.4559,44058.01,54554.075,-4026.5322,-3768.906,21638.4083
51178.0679,23921.8622,50552.3086,37357.7625,33244.3267,34764.871,4477.9032,48376.2324,44053.5843,54552.868,-4033.5953,-3774.2257,21636.4861
51160.41,23919.6718,50554.1861,37349.8946,33231.4074,34766.9721,4475.6681,48349.3656,44040.2627,54547.1013,-4044.95,-3785.3122,21632.3733
51163.5393,23918.0624,50550.6545,37347.5254,33230.6921,34765.318,4472.5388,48350.0361,44046.9682,54546.0284,-4045.4865,-3777.7126,21634.6085
51178.4256,23924.7233,50551.0569,37356.6449,33253.3121,34767.0615,4474.5505,48374.4889,44057.5629,54549.5152,-4029.3038,-3765.3297,21637.4248
51184.3711,23925.4832,50554.6331,37357.673,33259.9729,34769.1625,4478.4844,48391.4763,44064.9837,54556.8019,-4022.5983,-3762.2899,21639.5706
51171.8094,23918.5095,50553.4708,37345.469,33246.6513,34758.9701,4474.014,48372.6114,44055.9983,54551.4822,-4033.9977,-3774.6727,21634.2062
51161.617,23910.284,50550.2969,37337.1989,33226.2218,34754.0081,4468.6496,48353.076,44045.7165,54538.8758,-4048.6157,-3783.4346,21632.6416
51163.0923,23906.4395,50549.3134,37336.8412,33225.0595,34757.3161,4469.2755,48344.5823,44049.2034,54539.2781,-4045.7547,-3782.0935,21634.8767
51168.2332,23906.216,50548.1511,37335.8577,33233.5085,34753.4269,4465.4757,48363.8495,44061.8992,54541.558,-4035.9199,-3773.4658,21633.9827
51179.6325,23906.0372,50545.8266,37342.608,33242.9856,34754.4104,4463.0617,48379.451,44065.3414,54545.4472,-4033.64,-3768.5931,21631.3004
51176.9503,23906.4842,50541.1774,37345.2008,33238.2917,34755.5727,4464.0005,48373.6843,44053.4502,54545.3131,-4041.1502,-3773.3763,21630.4958
51150.7541,23895.6213,50535.813,37331.3874,33216.8341,34746.4979,4457.4738,48354.5512,44036.9099,54536.283,-4058.8081,-3788.799,21627.5454
51148.3401,23890.7486,50532.1026,37323.7431,33208.251,34740.0606,4449.7401,48354.4618,44042.6767,54535.1654,-4059.2998,-3791.4813,21623.835
51161.0359,23893.4308,50534.0695,37337.1989,33236.4589,34749.2248,4451.5282,48380.6133,44055.9983,54541.7815,-4036.9928,-3774.2704,21631.6581
51166.3556,23893.8779,50533.9801,37341.0434,33244.8184,34749.493,4451.3047,48390.2246,44062.5697,54544.6873,-4031.0472,-3773.3316,21630.2723
51152.9893,23890.5698,50533.9801,37335.8577,33233.285,34748.1519,4452.1987,48376.4112,44049.6504,54541.7815,-4044.4583,-3782.2723,21625.2208
51136.449,23885.3842,50528.4369,37324.3243,33217.2811,34742.251,4448.1754,48356.3393,44028.0586,54536.5959,-4058.3163,-3795.5046,21616.7271
51138.1924,23884.0431,50525.6206,37322.6255,33219.0692,34740.9993,4447.6837,48350.662,44025.6894,54531.4103,-4059.6575,-3799.215,21614.9837
51166.3109,23895.1296,50526.6488,37338.9423,33244.2373,34747.4366,4449.9189,48364.9671,44042.8108,54537.49,-4045.5312,-3785.3122,21621.2422
51178.515,23897.8565,50528.4816,37346.9442,33247.143,34754.0081,4450.5894,48379.004,44058.6358,54544.8661,-4036.3669,-3776.4162,21626.0254
51162.2876,23894.459,50527.7216,37335.2766,33225.9089,34749.2695,4448.8013,48376.4559,44051.528,54538.5182,-4046.604,-3785.6698,21620.8845
51147.2672,23897.1859,50529.4204,37323.5643,33206.0605,34742.6981,4448.3542,48364.386,44041.6038,54533.0644,-4059.9704,-3799.3044,21616.9953
51148.6083,23900.7175,50533.5778,37323.6537,33214.5989,34746.5873,4452.1987,48376.0536,44049.8292,54539.9934,-4053.2202,-3793.5823,21623.4326
51171.5412,23910.9546,50537.2435,37332.3262,33238.3364,34755.6174,4455.6409,48399.2547,44066.9507,54547.4589,-4038.6915,-3777.7126,21628.4841
51182.0912,23923.4269,50538.0929,37342.7868,33256.5308,34757.3161,4458.7702,48412.5763,44062.5697,54549.247,-4036.814,-3772.0799,21626.9195
51175.6092,23931.7417,50543.0996,37341.401,33247.9477,34757.8973,4464.5816,48406.2284,44060.8263,54547.7718,-4043.5642,-3778.1596,21629.9593
51164.3887,23923.6057,50547.4806,37338.2717,33233.5979,34760.4454,4462.7488,48387.6318,44049.5163,54544.1061,-4053.4884,-3787.905,21629.557
51164.8804,23920.8341,50547.1677,37336.9306,33227.8311,34757.6737,4455.4621,48382.2227,44047.3258,54541.3345,-4051.5214,-3791.6154,21624.6396
51174.2681,23931.3841,50547.5253,37341.8033,33250.1382,34758.5678,4454.8362,48408.6871,44055.6407,54546.1625,-4038.468,-3781.8253,21625.6678
51180.3478,23933.3957,50548.6429,37351.4593,33262.9234,34763.7981,4457.1161,48425.2274,44065.0284,54546.1625,-4033.9082,-3777.5338,21628.8418
51175.6986,23926.1091,50547.5253,37340.9539,33246.0254,34763.3958,4454.2104,48419.6395,44062.838,54543.5697,-4045.1735,-3782.5406,21624.6396
51157.102,23914.665,50544.4854,37328.0346,33221.0809,34753.9634,4447.8625,48394.5608,44045.8059,54538.1159,-4060.2833,-3796.9351,21617.8894
51155.895,23916.1849,50544.0384,37329.1075,33228.0099,34754.9915,4450.2765,48391.1186,44050.1869,54543.2121,-4056.9752,-3797.4268,21620.3481
51174.0893,23924.3656,50547.8382,37348.1959,33253.8038,34762.3229,4455.7303,48420.9806,44066.8613,54546.8777,-4044.3689,-3780.8865,21628.35
51187.3215,23935.765,50553.3367,37362.0987,33269.8524,34766.9274,4460.2901,48435.4645,44073.7903,54551.1693,-4033.6847,-3765.8215,21633.5356
51184.3264,23941.7553,50555.7507,37356.6449,33256.8884,34764.9604,4466.8168,48428.6696,44068.6941,54551.0352,-4037.2163,-3770.9177,21633.7591
51175.8327,23941.353,50563.7527,37353.2474,33234.939,34765.8098,4471.913,48418.9242,44073.2092,54556.3996,-4049.1521,-3779.8584,21636.9331
51183.6559,23945.4657,50566.6137,37357.1366,33243.7903,34772.7835,4474.6846,48428.8037,44079.8253,54556.3102,-4047.811,-3775.9244,21640.107
51206.097,23955.3005,50568.2677,37376.0015,33276.9156,34786.5969,4478.8867,48452.273,44087.8272,54564.5356,-4023.2241,-3761.2617,21649.8077
51212.6684,23957.7144,50569.6982,37382.5282,33288.1808,34791.6484,4481.1219,48455.5811,44096.0079,54577.2761,-4018.2173,-3753.528,21649.9418
51203.0572,23953.6464,50571.4417,37376.1803,33266.7232,34788.3403,4478.1268,48444.6287,44091.4035,54574.5939,-4025.057,-3760.77,21648.3772
51186.651,23947.4326,50570.5029,37364.7809,33241.2869,34777.4327,4470.3037,48433.587,44079.3782,54567.7096,-4038.3786,-3773.9128,21642.4316
51184.0582,23945.9574,50566.8819,37361.6517,33245.2655,34773.32,4469.8566,48432.38,44082.8651,54566.3238,-4040.6585,-3774.8516,21639.5706
51208.1981,23951.1877,50565.8537,37365.4515,33266.3208,34779.9361,4475.7575,48455.4023,44091.3141,54570.3024,-4030.4214,-3761.5299,21644.2198
51218.3458,23963.5706,50571.6205,37376.225,33277.005,34784.2723,4486.531,48472.926,44104.0099,54578.0808,-4015.4457,-3750.0858,21653.6075
51205.2923,23962.0954,50573.8109,37372.9616,33264.5774,34785.3005,4490.6884,48459.0679,44098.3325,54574.8621,-4017.5468,-3754.6009,21649.4054
51196.5752,23957.938,50575.6885,37364.7809,33245.6678,34781.6795,4487.5592,48439.6219,44086.3967,54566.5026,-4035.3835,-3767.699,21643.9068
51207.7957,23960.6202,50574.9285,37362.8587,33242.3151,34782.9759,4484.117,48447.5791,44079.3335,54565.0274,-4040.7032,-3769.1295,21641.4034
51215.1718,23956.9545,50570.0111,37367.7313,33255.7261,34779.5784,4483.223,48459.4703,44090.42,54570.3918,-4030.9131,-3761.977,21641.8505
51217.407,23957.8485,50572.291,37374.0792,33265.9185,34780.6066,4485.3687,48461.4372,44107.5414,54578.8407,-4018.0385,-3754.2433,21644.1303
51203.9959,23957.8485,50571.3075,37366.569,33252.731,34777.1198,4480.5408,48449.0097,44099.4054,54571.3753,-4026.6663,-3766.3579,21639.6153
51190.719,23951.0536,50572.1569,37351.4593,33229.9322,34768.3132,4477.3221,48435.1069,44085.0556,54564.9827,-4048.0345,-3778.6514,21636.1731
51191.3449,23945.2422,50572.0228,37350.7887,33227.7864,34764.4687,4474.9528,48434.5704,44086.3073,54562.524,-4049.1074,-3779.9478,21635.7708
51210.8356,23949.936,50567.9548,37365.7644,33252.1051,34770.7719,4475.0422,48452.8989,44096.0974,54568.6036,-4033.9082,-3768.6825,21634.8767
51218.4799,23955.1663,50570.1005,37378.4155,33267.6172,34773.3647,4477.6797,48470.0203,44099.6289,54571.1517,-4026.0851,-3761.664,21638.1401
51208.1981,23952.6629,50568.4465,37372.7381,33253.7144,34766.9274,4474.8187,48459.7832,44090.0624,54564.5356,-4034.0871,-3770.4706,21635.7708
51192.5071,23953.7358,50567.2842,37358.8353,33238.6494,34768.2685,4473.3882,48446.7745,44083.2675,54563.731,-4048.6604,-3784.0158,21633.5356
51195.9493,23954.4958,50572.1122,37359.8635,33237.7106,34774.4823,4478.9314,48453.3012,44095.5609,54569.006,-4044.1006,-3780.6183,21638.453
51206.4993,23959.7708,50572.4698,37372.7828,33250.8981,34780.9643,4482.3289,48478.0222,44106.8262,54572.8058,-4025.951,-3767.4308,21643.8621
51216.3788,23965.1352,50570.7711,37377.3873,33259.3471,34786.7757,4489.0344,48490.0922,44106.4239,54577.8573,-4019.6925,-3758.9371,21645.382
51206.9464,23963.2577,50571.5311,37373.9451,33257.7378,34784.9429,4487.4698,48472.2555,44098.9584,54574.5939,-4028.5438,-3767.4755,21640.3306
51202.4313,23966.2528,50576.2696,37366.7926,33242.0915,34779.5337,4487.4698,48453.0777,44094.2198,54568.3801,-4041.8208,-3778.249,21642.3422
51208.4216,23965.3587,50581.7235,37368.536,33247.143,34784.4064,4491.6272,48456.6987,44096.8573,54571.0176,-4033.2377,-3771.32,21648.8242
51220.9386,23969.1585,50583.601,37375.2862,33266.902,34791.0225,4494.8906,48474.2671,44110.7601,54577.2761,-4016.4292,-3753.4833,21655.2168
51230.4604,23974.0759,50584.8527,37385.2998,33271.3723,34794.1071,4494.6671,48484.9066,44112.7717,54580.2265,-4010.0813,-3748.0295,21656.8708
51224.4254,23967.4598,50580.1588,37382.7964,33263.6386,34788.385,4492.5213,48471.4508,44106.4239,54573.4763,-4021.1678,-3759.2947,21651.7299
51218.4799,23965.3587,50579.0412,37376.7167,33247.9477,34784.7193,4487.3357,48454.7764,44093.1916,54571.3753,-4032.1201,-3770.2918,21646.5443
51212.9813,23965.3587,50575.912,37371.1735,33246.3384,34783.3782,4481.5242,48453.3459,44093.4151,54568.246,-4035.4282,-3772.9293,21645.3373
51230.5498,23976.1323,50572.291,37378.7731,33267.349,34789.3238,4480.5408,48474.1777,44106.1556,54570.3918,-4019.5584,-3763.8545,21646.9467
51233.7238,23983.2401,50569.2959,37383.467,33277.1838,34792.6766,4478.7973,48484.5042,44102.8923,54569.5424,-4013.747,-3759.1606,21648.3772
51233.8132,23981.8543,50574.5709,37382.7517,33265.5162,34796.7893,4478.7526,48476.3682,44096.3209,54566.9496,-4018.575,-3763.6757,21646.4996
51219.1057,23972.2878,50573.4533,37365.1385,33236.0566,34788.7874,4472.7623,48457.6374,44085.0109,54562.6581,-4037.8869,-3779.3219,21639.1683
51218.614,23973.763,50574.7497,37365.3173,33233.1955,34791.1119,4473.2988,48453.2565,44087.0672,54563.1945,-4037.4398,-3776.595,21643.4151
51236.3613,23982.7037,50579.8906,37379.2201,33260.42,34805.1488,4480.3172,48474.0436,44103.2499,54572.1799,-4017.4127,-3757.4172,21651.8641
51238.1494,23979.5744,50575.3309,37379.3989,33266.4549,34804.2101,4479.7808,48482.8949,44105.1722,54572.9399,-4015.5798,-3754.6009,21649.4501
51222.9502,23970.8573,50574.705,37363.9762,33249.2441,34792.0954,4478.7079,48476.8599,44091.0012,54571.7329,-4028.1862,-3767.2073,21649.7183
51204.0406,23967.9515,50579.9353,37359.0142,33233.3744,34792.4531,4483.1783,48467.8298,44082.9992,54572.4481,-4032.1201,-3774.1363,21652.2217
51207.6169,23970.9914,50581.9023,37361.7411,33241.4657,34795.4482,4486.4863,48469.2603,44087.5143,54571.6882,-4024.7887,-3769.2189,21654.3227
51218.7481,23972.6007,50579.5777,37360.7129,33256.1284,34796.2528,4485.7264,48482.1349,44093.6387,54572.8058,-4018.4855,-3760.5017,21654.5463
51221.2515,23975.4617,50583.2881,37368.9383,33271.4617,34799.6056,4489.6156,48486.7841,44090.1965,54574.0128,-4012.8976,-3754.288,21655.038
51203.9512,23967.0575,50580.4718,37365.5409,33262.4316,34787.9827,4490.4202,48460.8561,44081.9263,54568.6036,-4017.9491,-3762.6475,21651.9535
51180.3031,23960.3519,50577.879,37351.0122,33239.8564,34777.2539,4487.2463,48427.4179,44060.6475,54560.0206,-4033.9082,-3775.0751,21646.7232
51179.7667,23961.693,50577.7895,37346.1843,33241.5998,34775.9575,4489.3026,48417.7172,44058.3229,54561.8087,-4031.1366,-3775.5221,21648.2431
51190.3167,23972.3772,50578.5048,37352.8004,33253.3121,34775.9128,4492.7895,48421.8746,44066.9507,54568.9166,-4017.5021,-3762.0664,21651.3723
51190.5849,23980.245,50577.4766,37351.5934,33255.7708,34772.56,4491.6719,48423.6628,44061.6757,54570.9282,-4018.9326,-3762.6028,21650.0312
51181.1525,23983.8213,50574.3474,37348.8665,33244.2373,34767.4638,4491.0014,48406.0496,44045.1801,54563.6863,-4028.0521,-3776.1927,21645.2479
51161.7512,23981.3626,50570.1452,37340.3728,33225.7301,34759.6854,4490.8673,48382.625,44031.6796,54558.2771,-4041.1502,-3786.1168,21644.1303
51153.5257,23985.8776,50573.6321,37341.4457,33228.5017,34757.942,4494.5329,48371.5385,44032.8866,54558.5454,-4039.8091,-3782.4959,21645.5162
51170.4683,23991.3762,50579.5777,37354.0968,33247.5007,34761.6971,4500.6573,48382.3121,44042.4979,54563.1945,-4021.5701,-3766.2238,21652.2664
51176.3692,23996.2041,50581.187,37358.7012,33258.9,34766.9721,4505.2618,48389.0176,44041.3803,54561.4511,-4010.4389,-3762.1111,21652.7134
51159.7395,23991.5103,50582.3493,37352.398,33239.4093,34763.3511,4502.7137,48368.7669,44030.7856,54553.0468,-4017.5915,-3771.767,21649.4054
51144.0933,23993.7454,50582.7963,37343.0997,33219.7398,34764.0216,4499.7633,48337.2509,44016.1228,54545.2237,-4029.2591,-3783.3005,21645.7844
51145.345,23998.7969,50585.1656,37350.0288,33220.9915,34768.8943,4504.1889,48335.1052,44008.9703,54546.9224,-4027.6051,-3777.3103,21644.1751
51167.1156,24006.1283,50590.083,37369.743,33242.7621,34777.2092,4510.2686,48359.111,44019.2521,54553.4045,-4012.0929,-3758.1772,21650.8359
51172.1671,24008.587,50588.6078,37372.7381,33244.2373,34773.8117,4507.6311,48357.0099,44026.7175,54552.2422,-4005.298,-3755.5397,21652.0429
51157.7725,24004.9213,50585.2997,37362.0093,33226.1324,34768.3132,4506.3794,48329.4278,44019.1627,54546.8777,-4016.2057,-3767.5202,21648.7795
51136.5831,23993.5666,50580.5612,37350.297,33197.0751,34758.7019,4500.702,48304.1704,44000.8789,54538.0712,-4035.9646,-3780.7524,21641.1799
51134.3926,23989.2751,50578.0131,37352.2639,33195.8234,34756.7797,4497.7963,48305.8691,43998.5096,54533.0644,-4039.675,-3783.077,21640.5094
51150.5306,23989.0516,50571.8887,37354.0521,33213.7942,34752.0858,4493.5048,48325.628,44005.8857,54531.3656,-4032.9248,-3775.7456,21641.2246
51158.309,23993.4325,50571.1734,37364.3339,33220.5445,34750.3871,4491.9401,48323.1694,44006.2433,54529.8904,-4026.5322,-3768.7272,21641.0011
51145.8367,23981.6755,50569.9664,37359.3271,33199.3103,34747.526,4487.738,48299.2083,43991.2677,54522.6485,-4031.986,-3777.2655,21637.7378
51127.7765,23973.0477,50567.2842,37343.6362,33180.0878,34739.5241,4481.3454,48267.737,43968.8712,54511.2491,-4050.4932,-3794.7446,21632.6416
51132.5151,23971.4831,50568.2677,37345.7819,33183.6194,34741.4017,4479.7808,48265.0548,43980.3153,54517.9546,-4049.1968,-3793.3588,21633.625
51153.6598,23975.8193,50572.0675,37362.9928,33211.3355,34751.5494,4486.7098,48281.1928,43992.7429,54525.4648,-4026.8004,-3777.1761,21643.0575
51169.306,23975.5511,50572.5592,37367.2396,33215.8059,34749.2695,4486.3522,48293.3968,43997.6603,54529.8457,-4022.6877,-3770.9177,21644.3539
51160.2312,23973.763,50574.6156,37358.6565,33198.8186,34746.1849,4483.8041,48282.7127,43990.8206,54526.94,-4030.4214,-3778.249,21641.4481
51147.446,23967.9515,50572.9169,37341.8927,33179.9537,34740.6864,4477.8585,48258.0364,43973.9674,54521.7991,-4042.8936,-3791.213,21637.2907
51150.0835,23972.3772,50574.8391,37339.8364,33173.5164,34742.3851,4477.5903,48251.5544,43977.8119,54525.6883,-4040.3903,-3785.3569,21642.6104
51168.099,23982.7037,50579.3542,37362.5457,33198.6398,34753.2928,4486.1287,48273.4591,43991.223,54527.9235,-4018.6197,-3771.5882,21648.3772
51167.652,23978.2333,50576.4037,37359.9976,33203.7807,34742.6087,4481.4795,48276.7671,43993.3687,54528.8622,-4016.161,-3770.6494,21641.4928
51160.5442,23973.316,50580.6059,37354.4097,33185.7651,34742.4299,4482.4183,48268.497,43997.9285,54531.7233,-4021.8383,-3775.2986,21640.2411
51151.6035,23965.0458,50575.6438,37339.2999,33162.9664,34741.7146,4480.2278,48251.7332,43989.3901,54522.9167,-4041.6867,-3789.4696,21631.1216
51152.0058,23965.4034,50575.0626,37338.8529,33172.98,34743.2345,4480.9431,48249.0957,43995.9615,54523.4084,-4042.4019,-3790.5872,21631.3004
51172.4353,23972.1537,50579.533,37349.8946,33206.5523,34750.1636,4487.1122,48268.9887,44004.9469,54536.9536,-4020.229,-3774.2704,21638.7659
51181.5101,23982.3461,50579.98,37348.7771,33209.458,34748.8672,4488.945,48274.7108,44006.3328,54542.5415,-4016.0716,-3766.939,21643.1022
51181.7783,23981.0497,50583.9139,37351.5934,33203.9595,34750.6553,4492.1637,48273.7273,43999.5378,54539.457,-4022.643,-3773.4658,21645.382
51166.2662,23970.9914,50581.2317,37339.1658,33186.3463,34746.9449,4489.4814,48253.7001,43984.6963,54535.1654,-4032.2095,-3786.8768,21642.8787
51168.412,23969.7397,50579.2201,37338.9423,33190.1461,34753.114,4487.5145,48247.6205,43993.4134,54541.558,-4026.9345,-3781.1548,21643.9962
51183.2982,23973.316,50577.2531,37347.2571,33205.7923,34758.7913,4486.4863,48271.6262,44007.3162,54543.2568,-4016.8762,-3767.2967,21648.8242
51179.1855,23971.9748,50577.2531,37349.7158,33211.6932,34757.3608,4488.3639,48288.39,44012.5465,54544.3296,-4014.641,-3767.4755,21647.8854
51172.3012,23970.6337,50579.2648,37342.3845,33195.287,34754.4104,4489.4814,48276.9459,44009.909,54544.732,-4024.297,-3773.5999,21648.2878
51166.3109,23969.7397,50580.6059,37340.9539,33181.9206,34748.5989,4491.4931,48255.3095,43991.4912,54538.2053,-4036.6799,-3781.0653,21645.7844
51164.791,23960.3519,50576.672,37332.952,33180.0431,34739.9265,4483.6253,48247.8887,43984.5175,54535.4784,-4040.7479,-3785.3122,21640.5541
51177.9785,23962.453,50575.1073,37341.0434,33203.8254,34743.1451,4481.3901,48277.1248,43996.1404,54536.7748,-4026.2192,-3775.1645,21642.7892
51183.2535,23967.3257,50577.2084,37352.3533,33220.0974,34743.9498,4486.8439,48282.1763,44004.3658,54539.7699,-4016.3845,-3768.5931,21644.5774
51174.894,23964.3753,50576.4484,37346.5419,33210.3074,34742.8769,4487.6933,48262.8196,44008.255,54536.5959,-4024.6993,-3774.628,21640.3753
51164.6569,23959.6814,50573.4533,37338.3164,33194.4823,34746.3638,4484.5194,48248.6486,43997.0791,54531.6786,-4035.2494,-3786.1615,21635.7708
51170.9154,23964.5988,50572.8275,37339.5234,33194.84,34755.1256,4484.1617,48253.119,43995.0228,54531.7233,-4033.1483,-3783.2111,21637.7378
51196.7093,23977.5181,50572.9169,37354.5438,33216.7447,34764.9604,4488.8556,48286.1996,44012.8595,54540.8875,-4017.5021,-3769.7107,21644.488
51206.4546,23978.9039,50571.7993,37365.7197,33231.6309,34764.7816,4490.4202,48300.8176,44022.4707,54543.0779,-4009.4107,-3763.0945,21643.9962
51195.6811,23978.0992,50576.0908,37369.0724,33228.0099,34765.4969,4492.4319,48290.8487,44019.9226,54544.8661,-4013.4788,-3764.1227,21642.8787
51179.1855,23976.4005,50573.6321,37358.3883,33204.8088,34760.9371,4491.359,48266.2618,44008.9256,54535.7913,-4024.8334,-3775.0751,21639.0789
51181.1525,23981.5414,50573.0063,37357.5836,33209.9497,34763.0382,4488.0509,48271.0898,44013.1277,54534.182,-4027.7839,-3779.8584,21640.5094
51199.3021,23994.5501,50574.0345,37369.0277,33234.8496,34774.4375,4490.3755,48297.9119,44030.115,54545.9837,-4012.54,-3766.492,21646.902
51206.4099,23996.6065,50574.5709,37373.3193,33244.8632,34779.3549,4491.0908,48304.2151,44029.5786,54547.9059,-4006.2368,-3762.2005,21645.2479
51190.3614,23984.2683,50568.0442,37362.501,33227.3394,34773.4094,4482.1948,48290.2676,44022.5154,54542.4074,-4020.2737,-3775.7009,21640.5094
51172.927,23977.7863,50568.2677,37349.2241,33204.8982,34764.7816,4477.3221,48277.6165,44008.5232,54536.4171,-4041.1502,-3792.5988,21633.178
51184.237,23975.8641,50569.6982,37346.3184,33206.5523,34763.9322,4476.2939,48287.5407,44013.1277,54534.8525,-4039.1386,-3791.1236,21629.5123
51195.0552,23973.5842,50568.223,37352.8004,33229.1722,34771.5765,4479.0208,48301.8905,44026.6281,54535.4337,-4017.7256,-3775.8797,21635.6814
51203.9512,23971.3043,50568.2677,37358.2095,33236.5036,34778.5503,4477.7691,48311.9041,44034.7195,54540.5298,-4009.5001,-3768.7719,21637.3354
51193.133,23971.349,50568.4465,37352.8451,33225.283,34772.4259,4475.9363,48307.5231,44027.0305,54539.2781,-4020.4972,-3776.6397,21635.3238
51177.1291,23964.867,50562.8139,37337.7353,33205.7029,34761.0265,4473.3882,48287.6301,44011.2054,54534.4055,-4038.6915,-3787.145,21631.1216
51178.515,23966.3422,50566.3007,37335.4554,33205.39,34759.7748,4478.2162,48291.6981,44016.391,54541.5133,-4040.6138,-3782.6747,21636.5308
51198.1845,23970.7232,50571.7099,37350.5205,33234.7155,34769.3861,4480.7643,48312.4405,44034.8983,54548.2635,-4025.7275,-3768.0566,21641.8058
51205.0241,23973.1818,50571.844,37353.158,33248.0818,34767.732,4480.7196,48318.9672,44041.4697,54549.3811,-4019.6478,-3764.0333,21640.0176
51198.0057,23971.349,50573.0063,37346.676,33232.7932,34762.01,4482.1501,48308.6854,44030.562,54546.2519,-4029.4826,-3777.7126,21637.0672
51180.8842,23964.9564,50571.2628,37329.4652,33207.3569,34754.8127,4478.7526,48282.4892,44015.8993,54541.0216,-4046.0676,-3791.5707,21632.5074
51182.2253,23967.5939,50568.7147,37327.6323,33215.8506,34752.3987,4478.9761,48286.9595,44024.3483,54544.4638,-4039.3174,-3786.4745,21634.5191
51197.0222,23975.0594,50570.5029,37341.4457,33241.0187,34755.5727,4484.3853,48303.6339,44044.0178,54556.2208,-4022.3747,-3774.0469,21639.7494
51198.9444,23972.9583,50572.5592,37344.262,33248.9312,34757.8973,4485.4134,48317.492,44048.4434,54558.4112,-4015.8927,-3771.4541,21643.8174
51187.5004,23965.7611,50570.637,37339.434,33240.5716,34756.2432,4485.7711,48308.6407,44046.7447,54556.3996,-4021.9724,-3779.2772,21643.4598
51179.4984,23962.6765,50569.3853,37331.4321,33225.2383,34754.0975,4486.7098,48288.4347,44037.6252,54550.9905,-4033.5059,-3784.1052,21640.6435
51180.0349,23964.3753,50568.4912,37331.7897,33229.4405,34756.5562,4486.6651,48290.6252,44037.1335,54552.0633,-4028.5438,-3774.5833,21643.3704
51193.4906,23970.4549,50571.3522,37342.7868,33245.2208,34760.2665,4490.8673,48328.042,44045.5824,54565.1168,-4014.2387,-3760.8594,21649.1371
51195.9493,23973.9865,50571.7546,37340.641,33247.9477,34762.8146,4489.392,48333.0488,44044.9119,54562.211,-4014.7305,-3763.8992,21646.2314
51186.1145,23968.6221,50573.6321,37337.1989,33240.4375,34764.6028,4489.8391,48312.664,44038.4299,54559.7523,-4020.7207,-3771.2753,21644.8456
51176.0116,23960.2178,50573.0957,37331.2533,33222.5114,34761.2947,4488.6321,48301.3541,44031.5008,54556.5784,-4027.9627,-3777.2208,21643.1022
51179.3643,23956.418,50572.9616,37333.2202,33224.9701,34761.25,4487.0228,48308.1043,44037.4464,54556.8019,-4027.7392,-3774.1363,21641.314
51206.1864,23966.0293,50575.912,37352.398,33253.2227,34769.5649,4494.9353,48329.2043,44056.2665,54565.2509,-4010.7518,-3759.9206,21650.7018
51213.339,23971.3043,50577.119,37362.2328,33267.796,34773.32,4500.5679,48336.4463,44064.1344,54568.2013,-4004.1804,-3753.2598,21651.1488
51203.3254,23971.7513,50579.7118,37358.6565,33252.418,34773.8564,4502.669,48333.8535,44056.1324,54568.3801,-4013.9705,-3761.2617,21647.796
51180.3925,23965.8952,50576.9402,37343.502,33229.5746,34764.0216,4497.081,48316.3297,44042.632,54565.1615,-4028.4097,-3774.628,21644.488
51187.5451,23972.7348,50576.5826,37354.812,33237.8447,34771.0401,4497.4834,48322.1859,44043.5261,54563.9098,-4018.575,-3770.0683,21646.8573
51199.3468,23974.8359,50573.0957,37364.7362,33255.2791,34779.3996,4494.4435,48337.698,44047.907,54562.9263,-4005.1639,-3762.871,21648.7795
51202.1184,23974.1653,50574.7497,37371.4417,33264.2198,34777.2539,4492.3425,48348.4268,44053.8526,54568.5589,-4001.9006,-3759.1606,21649.8077
51194.5188,23975.7746,50582.394,37366.7479,33251.5687,34776.7174,4495.7399,48337.5192,44051.7515,54569.8106,-4012.7635,-3763.3181,21649.8077
51182.2701,23971.2596,50579.4883,37353.2921,33231.6309,34772.7835,4494.4435,48321.0236,44035.0771,54558.2771,-4032.1201,-3774.5833,21641.9846
51178.2914,23971.2149,50574.3474,37353.5156,33234.1343,34768.939,4492.2978,48320.2636,44027.2093,54557.0701,-4027.3815,-3777.042,21639.66
51186.3381,23970.1867,50572.0675,37362.2328,33254.6532,34770.0566,4488.5427,48344.0906,44033.4231,54562.1216,-4015.848,-3766.3579,21642.0293
51193.7141,23976.1323,50568.5806,37364.8256,33262.074,34773.767,4488.9003,48354.4618,44036.2394,54562.0322,-4010.9754,-3763.9886,21643.6833
51177.0397,23974.6571,50568.7594,37349.8499,33248.35,34771.7553,4488.498,48338.7262,44036.2394,54556.0867,-4018.4855,-3769.9342,21641.627
51165.4615,23968.2198,50569.2065,37342.0715,33234.7155,34765.0498,4488.8556,48321.2918,44024.08,54550.1858,-4027.8733,-3779.0537,21637.5589
51172.6588,23968.488,50567.0607,37351.951,33236.4589,34761.2053,4486.5757,48324.421,44028.2822,54549.8282,-4021.9277,-3773.421,21637.0225
51190.272,23971.9301,50566.3007,37361.0705,33256.6649,34770.1907,4489.8391,48342.1683,44047.5941,54557.7407,-4008.6955,-3756.7466,21642.3422
51201.1349,23977.6075,50568.4018,37366.3455,33268.2878,34776.9409,4489.9732,48353.076,44056.356,54566.0555,-4003.1523,-3753.0363,21645.9632
51196.0387,23977.0263,50576.4037,37361.4281,33256.6649,34775.5998,4491.5378,48350.0808,44048.1752,54566.9496,-4013.4788,-3759.25,21646.5443
51181.1972,23963.9729,50578.9071,37354.2756,33232.7485,34770.4589,4492.7001,48330.2325,44039.5474,54563.5968,-4024.297,-3767.3414,21646.0526
51193.0436,23968.2645,50581.0082,37361.6517,33243.2985,34770.6825,4494.8459,48332.423,44047.6388,54565.6532,-4023.2688,-3766.0003,21649.316
51212.8919,23975.4617,50582.7516,37367.0161,33264.3539,34775.2869,4494.0859,48355.8923,44064.2238,54573.9233,-4011.4224,-3752.4998,21654.9933
51219.2845,23981.6308,50582.6175,37369.7877,33274.6357,34775.9128,4494.7565,48360.6309,44064.1344,54574.1022,-4008.1143,-3748.3424,21652.9816
51215.0377,23982.6143,50582.841,37368.3572,33262.4763,34776.3598,4495.2482,48351.2431,44059.4852,54571.5541,-4012.8082,-3754.1538,21648.4666
51203.9065,23977.4287,50580.8294,37359.9976,33242.9409,34772.4706,4496.0529,48337.3404,44051.2598,54567.3519,-4024.9676,-3762.2899,21645.2479
51198.1398,23969.382,50578.4601,37355.0802,33244.4161,34766.3909,4489.7497,48337.4745,44051.1703,54566.9496,-4028.6332,-3765.9109,21644.488
51214.3672,23971.1702,50578.7283,37360.7576,33262.8787,34767.6426,4488.0062,48353.2548,44065.4308,54568.7824,-4016.3398,-3754.1538,21645.5609
51211.3273,23970.589,50577.9237,37363.1269,33272.624,34767.0168,4486.9334,48365.2353,44063.6426,54572.1799,-4012.2718,-3750.1305,21648.5113
51201.9843,23967.1469,50577.4319,37354.2756,33262.4316,34761.6971,4485.8605,48354.6853,44060.3793,54571.1517,-4021.8383,-3757.2384,21645.0244
51189.3332,23965.9399,50580.1141,37346.6313,33244.0138,34760.2665,4487.2463,48335.5075,44053.2714,54567.6202,-4032.433,-3769.2636,21641.1799
51188.8415,23965.7164,50578.4601,37339.3446,33239.0517,34759.4172,4484.4747,48339.5755,44051.9303,54564.6697,-4038.5574,-3773.2869,21641.5823
51198.1845,23962.3189,50573.0063,37342.7421,33251.0322,34759.4172,4482.463,48361.6143,44059.7981,54568.4695,-4027.5156,-3765.1956,21643.5492
51203.3254,23962.7659,50571.6205,37350.6099,33266.8573,34765.7204,4484.2511,48371.8961,44066.5036,54570.4812,-4018.0385,-3759.6971,21645.4268
51186.5616,23956.2839,50567.3736,37334.1143,33246.7854,34754.0081,4479.4679,48357.3675,44057.3394,54564.3568,-4031.4049,-3772.8399,21637.0225
51184.1923,23955.0322,50571.9781,37333.8014,33231.4074,34753.2034,4479.4679,48346.594,44040.7097,54563.7757,-4040.0326,-3783.4346,21634.832
51191.8813,23954.9428,50570.2794,37338.8529,33236.5483,34759.3278,4479.1549,48348.7844,44048.8905,54570.213,-4035.4282,-3777.5338,21637.2907
51206.2758,23963.66,50571.084,37354.4991,33264.5774,34767.6873,4481.5242,48372.2985,44065.6543,54575.6221,-4016.5186,-3761.3958,21641.0905
51220.3127,23971.9748,50573.2298,37365.0044,33277.0944,34775.4657,4484.4747,48392.4598,44071.8234,54571.7329,-4010.1707,-3754.9138,21642.6998
51213.2049,23964.9117,50574.1239,37352.0404,33263.5045,34776.3151,4485.9499,48379.2275,44064.045,54561.9428,-4018.8879,-3763.8992,21639.3471
51197.4245,23961.8272,50577.9684,37341.3116,33245.6678,34773.9011,4487.4698,48357.6357,44056.2665,54561.1382,-4033.9082,-3774.8069,21639.9729
51195.6811,23962.7659,50577.119,37342.6527,33244.1479,34771.7553,4483.8488,48359.7368,44054.5231,54560.3782,-4032.746,-3775.7009,21636.5308
51213.4731,23967.2363,50578.9071,37358.6565,33264.7115,34782.4842,4487.2463,48386.1566,44065.8778,54566.9049,-4014.1493,-3759.7865,21643.1022
51218.8375,23971.0808,50575.5544,37362.9481,33275.1274,34778.9526,4487.4251,48398.0477,44068.7388,54570.4812,-4010.7965,-3759.6524,21643.281
51202.8337,23968.9797,50572.291,37358.0754,33264.3092,34772.9623,4487.9168,48383.2061,44058.9935,54567.3519,-4023.3135,-3769.353,21638.9894
51187.5451,23960.7543,50565.6749,37343.2338,33244.5949,34767.3744,4486.9334,48359.6027,44049.561,54560.3782,-4036.814,-3781.9594,21634.8767
51185.444,23956.9098,50564.9596,37342.6974,33250.8087,34771.1295,4487.5145,48373.5055,44053.4055,54559.7523,-4034.3106,-3780.663,21637.2013
51196.4411,23960.0837,50565.0043,37354.8567,33271.9088,34772.5153,4486.8886,48398.9418,44069.0517,54564.0886,-4018.4408,-3767.5649,21640.2858
51212.8025,23965.8505,50565.5855,37362.5457,33278.659,34777.5668,4487.5592,48406.3178,44079.9147,54569.453,-4009.4107,-3758.1325,21642.6551
51205.5159,23966.3422,50563.3056,37351.9063,33264.1304,34776.3598,4482.91,48396.6172,44071.2869,54566.0555,-4027.4262,-3769.2636,21638.1401
51186.1145,23962.8106,50565.2279,37345.6031,33245.6678,34773.4541,4479.7808,48382.9826,44063.0168,54561.9875,-4034.9811,-3775.0304,21635.592
51184.3264,23965.6717,50567.0607,37358.9694,33252.1945,34777.5221,4482.1501,48394.1138,44062.3462,54566.2344,-4028.9015,-3770.0236,21636.9778
51201.4925,23968.488,50569.3853,37366.6584,33274.9933,34784.317,4483.4465,48411.5928,44078.663,54571.0176,-4014.5516,-3759.2053,21639.5706
51219.8657,23970.2761,50569.2959,37367.4631,33283.487,34788.4297,4485.9052,48417.2702,44086.3073,54571.4647,-4009.4107,-3757.1937,21640.9117
51210.9697,23968.6221,50568.4465,37364.6915,33273.9651,34787.938,4486.3075,48412.0399,44080.5405,54569.3189,-4016.3398,-3762.871,21639.9729
51188.5732,23961.5589,50569.9664,37353.0239,33255.6814,34785.0323,4485.3687,48392.1021,44068.6047,54565.6532,-4029.2591,-3775.4774,21635.8155
51191.2555,23960.3519,50571.9334,37351.6828,33258.1848,34785.6134,4486.2628,48390.2246,44069.1859,54565.2509,-4028.6332,-3772.2141,21637.6036
51206.7676,23964.3306,50571.7993,37362.8587,33277.0944,34793.5259,4487.5145,48416.3761,44078.216,54569.1401,-4014.5516,-3756.0761,21643.1469
51214.9483,23970.3655,50574.6603,37369.3854,33291.9806,34793.66,4491.0014,48431.4412,44092.1187,54574.8174,-4010.9754,-3749.1471,21647.2596
51210.7909,23971.8407,50574.3027,37367.1502,33279.9107,34784.7193,4489.4814,48414.2751,44085.7261,54572.9399,-4021.7042,-3759.6971,21642.5657
51194.2506,23963.6153,50571.5758,37357.1813,33251.3452,34779.3549,4486.2181,48393.8009,44074.1479,54570.5259,-4037.7975,-3771.9458,21641.2246
51195.994,23960.3519,50568.0442,37350.4758,33248.4394,34776.9409,4484.6982,48403.7697,44079.8253,54570.66,-4035.4729,-3775.7009,21640.5541
51219.2398,23966.1634,50568.4912,37357.0472,33266.589,34780.0255,4488.8556,48426.5238,44092.074,54576.2032,-4020.4525,-3762.5134,21641.9399
51227.7782,23964.2411,50566.6584,37359.2824,33270.1206,34779.5784,4487.2016,48434.7939,44094.2645,54578.3043,-4017.0997,-3760.8594,21641.9399
51213.2496,23955.1216,50565.4067,37349.8052,33257.4248,34778.1479,4485.1452,48417.6278,44084.6086,54574.9515,-4030.1979,-3770.0236,21638.2295
51193.9377,23946.6727,50567.9995,37340.9986,33242.7621,34774.214,4485.4134,48399.2994,44078.3501,54567.3519,-4038.5574,-3777.802,21636.9778
51202.476,23953.1994,50569.877,37348.7324,33253.3568,34780.0255,4488.1403,48407.2566,44086.7543,54573.6998,-4025.4146,-3769.0401,21641.8058
51214.233,23958.9214,50568.0442,37362.3669,33270.2994,34784.7641,4486.0393,48426.792,44093.0575,54576.2926,-4017.8597,-3758.6242,21641.4481
51216.2447,23961.5142,50569.6535,37362.6351,33275.8427,34783.6018,4483.8041,48431.9329,44096.8573,54576.382,-4014.9987,-3751.6057,21641.1352
51202.0737,23958.7873,50568.6253,37353.3368,33262.3869,34780.0255,4482.3289,48421.8299,44084.2509,54570.3918,-4024.4758,-3761.8428,21637.3801
51193.2224,23956.1051,50571.3522,37343.8597,33252.1945,34780.5172,4480.9878,48409.2683,44071.7787,54566.592,-4036.4116,-3773.2422,21633.178
51194.4741,23958.5191,50576.0461,37349.1794,33258.0954,34784.0488,4485.3687,48416.5996,44085.8155,54577.3208,-4031.539,-3767.0732,21639.6153
51212.7578,23970.8126,50581.0976,37365.7644,33277.4967,34793.973,4492.3425,48437.2079,44101.9535,54585.4568,-4016.5633,-3752.4104,21648.7795
51233.4555,23974.7465,50586.5961,37376.4038,33290.863,34798.3539,4497.1257,48449.3673,44106.7368,54590.1954,-4008.5167,-3745.079,21650.5229
51223.6208,23972.4666,50586.1938,37370.1453,33283.5764,34794.4647,4493.1024,48433.4975,44107.1391,54591.4918,-4016.608,-3752.9022,21648.9136
51206.3205,23963.3471,50586.6408,37359.64,33264.6221,34791.5143,4490.0626,48413.0234,44098.6007,54587.7814,-4027.8733,-3763.5416,21645.6056
51209.4498,23957.625,50584.0927,37364.1998,33265.2479,34794.2412,4491.0908,48419.0583,44105.351,54589.0778,-4023.3582,-3762.3346,21648.7348
51226.6606,23964.6882,50579.8012,37368.7148,33280.6706,34794.1071,4491.4931,48439.3984,44115.454,54590.2401,-4015.3563,-3748.9682,21649.003
51226.8841,23965.6717,50573.7215,37367.2396,33280.4024,34791.4249,4485.2793,48444.5393,44108.3014,54586.1721,-4015.6692,-3750.2646,21645.6056
51211.2826,23958.385,50569.877,37359.7294,33267.0361,34787.8486,4481.6583,48437.9232,44096.0079,54576.6503,-4027.9627,-3765.0168,21638.9
51199.0339,23952.8418,50567.9995,37340.5069,33240.0799,34776.4939,4475.3999,48410.6541,44078.4395,54568.7824,-4044.95,-3782.8982,21631.971
51195.6364,23952.9759,50566.256,37346.0054,33242.2704,34775.5551,4470.1695,48408.0166,44079.5571,54568.9166,-4045.0841,-3780.1713,21630.8087
51207.9746,23951.5901,50565.6302,37362.5904,33263.3704,34780.3831,4470.259,48434.2128,44094.5774,54574.728,-4034.2659,-3770.0236,21631.211
51215.7083,23955.6134,50566.569,37366.2114,33267.6619,34781.4113,4470.5272,48453.3459,44104.7251,54577.4996,-4026.4428,-3763.3181,21631.7475
51205.337,23958.3403,50568.0442,37359.3271,33261.627,34778.3715,4471.8236,48447.6686,44093.0575,54574.0575,-4033.8188,-3768.7719,21630.5852
51189.6908,23954.0935,50567.3736,37352.3533,33240.214,34772.7835,4474.4164,48425.2274,44083.3122,54570.0341,-4043.8324,-3777.802,21628.7524
51194.0718,23955.9263,50570.0111,37357.986,33245.8019,34776.8962,4477.4115,48430.2342,44092.9681,54572.8058,-4038.915,-3769.4871,21637.7825
51205.5159,23962.8106,50571.4417,37372.6934,33269.4501,34784.4064,4483.5806,48453.3459,44104.8592,54579.5113,-4023.4476,-3752.9022,21645.2926
51214.6801,23962.7212,50573.6321,37379.8907,33280.313,34788.8768,4484.1617,48464.2982,44115.1857,54586.4403,-4015.6692,-3750.9799,21648.2878
51209.1368,23964.3753,50577.3425,37372.7828,33271.2829,34788.2956,4483.4912,48457.0563,44115.6775,54582.4617,-4024.9228,-3756.7466,21647.8407
51191.3449,23957.0439,50577.4319,37358.1201,33249.6911,34780.7854,4481.5689,48437.342,44104.2781,54577.7231,-4036.6799,-3770.2471,21640.9117
51194.4741,23961.9166,50575.7779,37363.6633,33252.9545,34785.3005,4484.117,48438.5937,44103.2946,54576.8738,-4031.4049,-3767.3414,21642.5657
51210.5674,23968.5774,50577.9237,37373.1852,33267.796,34791.2908,4486.1287,48465.1476,44113.0847,54586.4403,-4017.055,-3751.2034,21648.9583
51215.0377,23973.6289,50576.3143,37371.9335,33273.0263,34791.7378,4485.5922,48473.2836,44117.108,54586.798,-4014.8646,-3748.7,21646.2761
51201.5373,23969.7844,50575.3309,37360.4,33255.1897,34781.7689,4480.8984,48459.7385,44109.2849,54582.7746,-4027.5156,-3761.4852,21638.6318
51195.6364,23966.2975,50575.5097,37358.8353,33240.3034,34780.9196,4483.223,48446.238,44103.7863,54580.2712,-4039.4068,-3771.0071,21633.8485
51201.7608,23963.66,50577.2531,37364.8256,33246.249,34782.216,4482.5524,48458.9785,44101.0147,54583.4452,-4039.7197,-3770.6047,21635.1897
51210.2544,23962.0507,50574.9732,37370.7265,33259.5706,34783.9594,4482.3736,48479.6315,44105.8874,54591.2683,-4030.5555,-3760.9935,21637.693
51212.2214,23965.1352,50576.9402,37369.6983,33267.1702,34785.3899,4484.43,48480.0786,44107.9885,54595.2916,-4025.7722,-3758.1772,21639.3024
51202.2078,23964.1517,50578.2813,37368.8042,33253.9827,34782.6183,4486.0393,48463.0018,44101.9088,54592.2071,-4033.1036,-3765.1956,21637.6036
51187.858,23957.2674,50576.1355,37362.9928,33236.0566,34779.042,4484.2064,48446.8192,44095.0692,54584.6969,-4045.397,-3777.0867,21637.2907
51193.58,23959.2344,50573.0957,37360.847,33240.1246,34781.0984,4480.3172,48446.7745,44097.2149,54583.2217,-4039.675,-3775.4774,21638.1401
51203.6383,23966.5657,50572.1122,37366.4349,33263.0128,34782.0818,4476.8751,48465.5499,44102.937,54588.4967,-4027.0239,-3763.631,21641.9399
51211.372,23961.6483,50571.4417,37372.2464,33270.3888,34778.3267,4480.1384,48470.4673,44110.9836,54589.7931,-4021.6148,-3759.0712,21642.7445
51200.7326,23961.3801,50569.6088,37372.5593,33260.3306,34776.2257,4481.3454,48463.8959,44102.7135,54586.5744,-4030.779,-3763.2287,21641.8058
51181.0631,23956.1051,50567.3736,37359.8635,33247.5454,34768.8943,4474.6399,48444.4052,44086.9331,54572.8058,-4045.9782,-3778.9643,21632.1945
51185.9804,23959.6814,50571.8887,37362.5457,33248.1712,34772.5153,4477.0986,48454.5082,44096.0526,54573.3869,-4039.0939,-3769.7554,21633.9827
51209.718,23968.3986,50572.5592,37383.1987,33273.0711,34785.1664,4480.0043,48485.9347,44118.5832,54586.798,-4021.1231,-3754.5115,21641.1352
51218.3905,23973.763,50574.7944,37392.1841,33278.5696,34792.006,4483.7147,48500.5081,44119.9243,54594.2634,-4012.8082,-3748.2083,21644.7562
51201.6267,23965.1799,50574.4368,37383.1093,33260.9564,34788.698,4481.6583,48491.6121,44105.6192,54586.2168,-4022.5983,-3760.1888,21638.453
51185.8463,23954.4511,50571.844,37372.0676,33242.2256,34784.0041,4480.4513,48473.5519,44093.1022,54578.6172,-4038.2445,-3775.7009,21631.0769
51183.5665,23952.3947,50571.9781,37374.4816,33245.2208,34780.2937,4480.2278,48469.4839,44101.9982,54580.1818,-4039.4068,-3770.1577,21635.3238
51201.8502,23953.8252,50575.7779,37393.3911,33269.2266,34790.3967,4485.5475,48488.8852,44120.8184,54588.6755,-4016.6527,-3755.182,21645.3373
51217.7646,23951.7242,50577.119,37397.1462,33284.381,34795.0906,4488.8556,48498.0047,44125.0205,54594.3528,-4008.8743,-3745.839,21650.1206
51206.0076,23950.6066,50577.2084,37395.1346,33273.6522,34791.8719,4493.1918,48484.8619,44121.9807,54595.2469,-4018.575,-3752.1869,21650.8806
51187.5451,23949.7125,50580.2035,37386.9985,33253.3121,34788.1615,4492.1637,48465.997,44113.2188,54588.2732,-4030.2873,-3764.4356,21648.4219
51191.4343,23953.7805,50581.3658,37381.7235,33253.0886,34789.0556,4487.9615,48465.997,44108.3014,54582.2382,-4032.6118,-3760.9935,21645.5609
51206.9464,23957.8038,50579.3989,37387.7138,33274.9933,34790.7543,4489.1238,48493.3108,44121.1313,54588.8096,-4015.0881,-3746.7331,21650.3888
51213.7413,23958.2956,50579.3542,37394.8663,33286.4821,34792.5425,4492.3872,48504.442,44124.1711,54594.2634,-4006.505,-3739.6699,21655.3956
51203.7277,23965.1799,50578.6389,37390.9324,33268.8689,34792.3189,4491.7166,48494.0708,44113.3529,54586.8874,-4020.3631,-3748.8341,21646.4549
51192.3283,23967.1022,50578.6836,37384.2716,33250.1829,34789.5473,4491.8507,48481.9114,44106.0215,54581.7465,-4032.2095,-3759.6971,21638.8553
51197.0669,23963.7941,50576.359,37385.121,33251.4793,34793.3024,4486.9334,48476.8152,44110.3131,54580.9865,-4027.2921,-3754.3774,21640.6882
51210.2991,23965.8058,50575.912,37387.1773,33264.3092,34795.1353,4482.7759,48493.4002,44120.3266,54581.0312,-4016.4739,-3748.7,21641.314
51204.3089,23960.2178,50572.5145,37385.3445,33266.7679,34795.2247,4477.5903,48491.6121,44113.8893,54577.0526,-4018.262,-3753.3492,21636.1284
51197.6033,23952.0818,50570.2347,37378.9519,33255.3238,34790.7096,4474.5505,48473.7307,44104.2781,54572.8952,-4026.8451,-3761.4405,21628.7076
51184.3264,23948.3267,50573.2298,37374.6604,33237.6659,34790.0391,4476.6515,48458.755,44098.4666,54569.7212,-4038.0657,-3765.285,21630.8534
51196.2622,23943.3646,50571.7546,37379.6225,33241.3316,34791.7378,4476.9645,48467.3828,44101.3724,54572.9846,-4030.3767,-3761.6193,21636.6649
51211.1485,23948.5055,50572.0228,37384.9422,33264.8903,34792.8554,4475.981,48488.4828,44106.9603,54574.8174,-4017.1444,-3754.0197,21642.5657
51214.9036,23948.6396,50570.637,37381.4553,33266.8126,34788.5191,4472.9412,48495.1884,44108.972,54574.0575,-4019.2902,-3751.3822,21642.7892
51196.2622,23941.8447,50570.4135,37374.0345,33243.7456,34777.0303,4475.5787,48482.4032,44098.3772,54577.142,-4028.9462,-3759.2947,21640.5541
51173.2399,23933.8875,50571.4417,37363.9315,33224.4784,34774.974,4474.8634,48459.4256,44080.6746,54573.0293,-4044.2795,-3773.4658,21635.5473
51165.8639,23933.2616,50571.3969,37364.8703,33231.8991,34776.1363,4476.3386,48461.3478,44076.1596,54572.6269,-4038.1104,-3770.6941,21637.9613
51186.4275,23944.3481,50572.5592,37373.8557,33259.7494,34781.2772,4481.4348,48482.8502,44088.9895,54580.0924,-4019.6031,-3755.5844,21646.8126
51188.4838,23950.6066,50569.43,37372.5146,33273.384,34780.696,4480.2278,48480.8385,44083.2675,54581.4782,-4017.7256,-3753.3492,21647.8407
51166.445,23949.5784,50572.3804,37365.9432,33259.66,34771.9789,4482.4183,48447.1321,44071.9575,54578.349,-4029.3485,-3762.0664,21645.9632
51144.8532,23947.835,50573.7215,37358.7459,33239.0964,34763.1723,4482.3736,48420.3994,44054.0761,54571.4647,-4039.3174,-3773.2869,21641.6717
51147.6249,23957.8933,50571.7546,37359.9976,33241.5551,34762.3676,4488.1403,48414.1409,44053.8079,54570.4365,-4036.6352,-3771.5882,21641.1799
51169.8872,23966.2528,50572.1122,37368.0443,33257.6483,34762.3676,4492.9236,48418.3431,44058.5464,54571.4647,-4026.0851,-3764.6145,21641.8505
51175.5645,23971.4831,50572.3357,37370.4135,33267.6172,34762.1441,4493.5048,48413.0681,44061.3627,54572.2246,-4017.4127,-3763.3181,21640.867
51159.4713,23972.1537,50567.5077,37357.5836,33245.8019,34753.3375,4491.3143,48384.8602,44039.458,54559.8865,-4033.8635,-3773.9128,21632.418
51142.5287,23972.1537,50569.7876,37349.1794,33223.3161,34753.114,4493.3259,48367.5152,44026.5834,54553.5386,-4047.1852,-3786.6533,21633.2227
51150.0388,23979.3509,50568.8936,37352.6663,33229.1275,34757.3608,4495.6505,48366.7105,44030.2938,54553.6727,-4045.397,-3780.8865,21632.5074
51167.0709,23989.3645,50574.5262,37374.3474,33252.5074,34765.9886,4502.5796,48392.2362,44045.1354,54563.0157,-4026.264,-3763.0945,21640.5988
51167.8308,23997.4111,50577.879,37385.3445,33253.938,34772.7835,4507.497,48400.9534,44049.4269,54570.1236,-4011.3777,-3754.0197,21647.8407
51157.1914,23993.7454,50579.8012,37380.4271,33237.5318,34764.5134,4505.3065,48376.59,44036.6417,54568.1119,-4018.262,-3759.7418,21643.6386
51132.5151,23977.6969,50573.498,37364.6468,33208.3404,34749.2695,4496.0082,48343.2412,44015.4076,54551.1693,-4040.3903,-3777.1761,21635.592
51137.2536,23979.9321,50574.2133,37373.4981,33210.7097,34757.0926,4494.2647,48340.7825,44019.6097,54547.2354,-4036.3222,-3770.7835,21642.2081
51159.6054,23984.8942,50575.0179,37393.3911,33235.4307,34766.0333,4495.2035,48358.351,44032.3055,54554.3879,-4013.3446,-3754.7797,21647.5725
51165.4168,23986.7717,50578.7283,37397.5486,33243.4773,34769.0731,4499.1821,48360.3626,44029.9809,54555.729,-4001.677,-3751.7846,21649.4054
51156.1185,23983.1507,50576.4484,37393.4358,33225.8195,34767.4638,4495.7846,48339.799,44020.4144,54554.2538,-4008.9637,-3761.2617,21645.5609
51138.2818,23972.556,50575.465,37377.5214,33193.1859,34758.1208,4489.0344,48316.1509,44001.5942,54543.0779,-4030.7343,-3778.0702,21637.9166
51142.0369,23970.8573,50572.6039,37377.0744,33189.5649,34761.1159,4491.359,48317.6708,44002.2647,54540.7534,-4031.8072,-3774.3598,21636.8884
51158.8007,23979.2615,50573.498,37390.5748,33214.5095,34773.767,4499.4056,48345.4317,44014.8711,54552.5104,-4012.0035,-3753.5727,21647.3937
51156.7444,23977.5628,50573.7662,37392.4077,33224.5678,34769.8778,4497.2152,48352.3607,44019.2521,54550.8116,-4009.1872,-3753.1704,21647.9301
51148.966,23973.5842,50573.7662,37380.2483,33207.8487,34760.2218,4491.6272,48329.5619,44013.3959,54542.8097,-4019.2902,-3762.6028,21643.6833
51141.0087,23969.0244,50569.1171,37372.2911,33189.1626,34751.9517,4487.6039,48299.1636,44001.9071,54537.937,-4031.539,-3772.7952,21637.8719
51141.5452,23969.0691,50568.5806,37372.6934,33186.1228,34752.2199,4487.0675,48307.8361,44003.0247,54543.2121,-4029.3932,-3769.5318,21642.0293
51157.7278,23975.5064,50567.1948,37375.3309,33200.6514,34754.8127,4489.1685,48321.8282,44009.8643,54548.8447,-4020.1396,-3762.0664,21645.7844
51164.1651,23975.8641,50567.5077,37372.2464,33205.3453,34750.0741,4485.1452,48327.9526,44012.7254,54549.6047,-4023.4476,-3763.3181,21641.0458
51161.0359,23974.8359,50572.1122,37374.9286,33194.6164,34752.8458,4487.9615,48315.9721,44008.6126,54547.4589,-4030.1532,-3766.6708,21642.074
51143.2886,23965.3587,50568.1783,37365.5409,33176.1539,34747.7049,4488.185,48292.4134,43998.6885,54538.2947,-4045.7547,-3778.9643,21638.006
51149.3683,23960.6649,50566.7031,37360.7576,33173.4717,34744.5756,4489.2579,48289.9547,44001.6836,54537.6241,-4041.5525,-3779.5007,21638.3636
51169.5743,23970.4549,50569.8323,37373.1405,33197.6563,34751.6835,4493.2812,48314.7651,44013.8429,54547.5036,-4019.7372,-3764.6145,21643.6386
51172.7035,23974.7912,50570.9946,37378.639,33209.6815,34756.2879,4492.6107,48319.459,44017.6427,54551.3928,-4012.6294,-3758.5795,21645.382
51165.1039,23969.695,50571.6652,37370.8159,33198.5056,34756.1985,4490.2861,48307.1655,44008.7914,54548.7106,-4023.2688,-3768.9954,21640.1964
51149.7259,23959.2344,50567.9101,37360.087,33178.6126,34748.8225,4486.0393,48280.254,43991.8041,54539.9487,-4035.4282,-3784.3734,21634.6085
51163.4052,23964.2411,50569.0724,37366.9267,33190.1461,34754.5445,4494.22,48283.6962,44002.8012,54545.6707,-4028.6332,-3777.355,21642.6104
51184.997,23973.4948,50570.2794,37377.1638,33209.1004,34764.4687,4496.3658,48315.3462,44012.9936,54555.0585,-4012.4059,-3762.2005,21648.6007
51188.4391,23983.2401,50574.3474,37386.9985,33225.596,34773.0964,4500.7914,48329.4278,44020.5485,54559.4394,-4004.851,-3754.6009,21652.4005
51176.6374,23985.1177,50574.258,37379.4883,33215.7612,34767.6426,4499.2268,48321.113,44020.9508,54558.2324,-4014.0599,-3763.8098,21649.5842
51157.4149,23979.4403,50575.8226,37368.9383,33191.7107,34762.7699,4494.8459,48300.7282,44005.2599,54552.2422,-4032.6566,-3777.3103,21644.4433
51164.7463,23978.6804,50578.1919,37375.3309,33195.8681,34765.8992,4496.8575,48310.1159,44006.6904,54556.0867,-4027.3815,-3770.9624,21646.4549
51181.2866,23982.6143,50582.6175,37381.8576,33217.0129,34767.0615,4502.4902,48332.87,44025.287,54563.5521,-4008.9637,-3751.5163,21650.97
51191.5237,23981.3179,50580.74,37383.1987,33228.144,34766.9721,4505.1724,48339.7096,44030.115,54568.6036,-4004.2251,-3746.2413,21654.8592
51180.0796,23974.5677,50574.3474,37374.0792,33208.4745,34757.3161,4504.4124,48324.3763,44022.6942,54562.524,-4016.5633,-3758.3113,21651.3276
51165.8192,23966.4763,50575.6438,37364.6021,33186.3463,34750.8341,4500.7914,48306.0032,44008.9256,54556.1314,-4029.7508,-3767.2073,21648.1537
51165.7298,23962.1401,50575.912,37360.8917,33185.3181,34751.0576,4497.7069,48306.942,44009.8643,54555.6843,-4026.4875,-3764.4804,21648.0196
51187.5451,23968.8456,50578.9071,37374.0792,33207.6699,34761.25,4501.2832,48331.1266,44027.0752,54561.5405,-4010.3942,-3751.2034,21652.4452
51198.1845,23971.8407,50580.6059,37373.4981,33218.354,34770.3248,4499.9868,48342.2577,44031.5008,54565.1615,-4002.3029,-3748.2083,21652.3558
51187.1427,23973.316,50575.2414,37368.4466,33210.7544,34767.0168,4499.3609,48328.6232,44021.3531,54561.764,-4014.1046,-3761.8428,21644.935
51167.0709,23967.6833,50570.19,37359.2824,33192.6048,34762.1888,4496.7681,48318.4755,44016.1228,54556.1314,-4031.6731,-3774.181,21639.66
51162.4217,23966.6104,50569.0724,37360.1764,33201.009,34759.596,4491.7166,48324.6893,44023.2754,54554.1197,-4032.6566,-3773.3763,21638.9
51175.9669,23973.9418,50569.8323,37372.0676,33226.3559,34762.5017,4491.3143,48343.2412,44030.8303,54558.1877,-4018.7538,-3764.2121,21639.8388
51184.6393,23975.2829,50569.2065,37371.1735,33229.9769,34761.3841,4488.945,48343.6435,44026.9858,54557.6066,-4018.262,-3763.9886,21637.9613
51173.4188,23972.1537,50572.3804,37376.985,33214.1519,34764.6922,4488.8556,48336.6251,44017.7768,54557.8748,-4021.1678,-3769.8448,21637.8719
51154.9115,23968.7115,50569.6088,37367.5525,33195.287,34761.1606,4488.3639,48322.8564,44013.6641,54554.522,-4032.1201,-3778.4278,21638.0954
51171.3624,23981.1391,50573.2298,37375.1968,33215.7165,34773.007,4494.0859,48328.3997,44029.1315,54562.7475,-4025.057,-3771.5882,21643.6833
51199.3468,23985.1177,50576.2696,37389.0549,33239.1858,34786.4628,4497.1704,48353.9253,44042.3638,54570.1236,-4005.1192,-3756.6572,21650.1206
51210.4779,23981.3626,50574.3027,37395.5369,33248.3947,34787.7592,4495.874,48364.2966,44049.2034,54567.486,-3996.402,-3752.0081,21649.5395
51195.6364,23977.8757,50569.6088,37388.0267,33233.732,34785.7475,4491.9401,48354.283,44040.8438,54560.3335,-4007.0415,-3762.9604,21645.5609
51182.8512,23975.7299,50569.7429,37382.9752,33217.8622,34781.7242,4491.0908,48335.2393,44033.5572,54557.8748,-4025.5934,-3772.3929,21643.5492
51187.858,23975.1935,50566.4796,37374.7051,33225.5512,34776.5833,4488.7662,48340.9613,44038.564,54557.4725,-4029.5273,-3772.4376,21641.8952
51205.337,23978.2333,50567.4183,37389.1443,33253.8486,34784.1382,4492.6554,48362.9555,44052.1091,54564.2227,-4014.0599,-3756.389,21645.5162
51205.3818,23974.3888,50565.362,37392.05,33257.4248,34782.5736,4495.1141,48372.8796,44056.5348,54568.0225,-4007.8461,-3747.806,21646.7232
51199.7491,23972.1984,50566.1666,37378.0131,33240.7504,34775.3316,4492.5213,48361.1226,44046.9682,54562.7028,-4022.9112,-3759.9653,21643.6833
51186.6957,23967.9068,50571.4417,37372.8275,33224.9254,34770.4142,4494.98,48348.0245,44037.9381,54562.0322,-4033.3718,-3770.873,21646.4102
51187.5004,23965.1352,50569.877,37368.5807,33226.6688,34769.9225,4496.4105,48356.7864,44043.1684,54567.9331,-4028.0521,-3767.0285,21648.8689
51202.2972,23973.7183,50572.3357,37375.4203,33251.6581,34776.0022,4499.048,48370.4209,44062.3015,54575.3986,-4014.0152,-3752.8574,21652.2664
51205.337,23979.6191,50568.8488,37375.8674,33254.2509,34775.1975,4497.7963,48373.1478,44067.9789,54579.2431,-4011.8694,-3753.8409,21651.5511
51192.9542,23970.7679,50566.5243,37363.5739,33234.7602,34765.9886,4493.4601,48361.7038,44059.1723,54577.2314,-4028.9462,-3765.3744,21646.4996
51182.3148,23965.2693,50569.43,37360.1764,33225.5512,34761.3841,4494.22,48350.4832,44050.0528,54574.1022,-4042.3125,-3771.4541,21644.8009
51187.1874,23967.8174,50570.4135,37356.6002,33234.0002,34764.2899,4496.5893,48350.2597,44055.5513,54575.7562,-4038.6021,-3766.8049,21645.4715
51208.4216,23973.8524,50570.9499,37369.6536,33258.5424,34769.3861,4500.0315,48370.1974,44066.8166,54582.1488,-4022.5089,-3748.6106,21648.5113
51207.0805,23972.0643,50570.5029,37368.983,33267.3937,34769.7437,4500.255,48369.6163,44065.6543,54585.3674,-4017.2338,-3745.6602,21650.5229
51189.3332,23962.8106,50566.1219,37352.711,33242.5386,34759.9089,4497.3046,48355.937,44055.4172,54579.1537,-4030.5108,-3757.6854,21645.3373
51167.1156,23950.0254,50562.0539,37341.6245,33215.5824,34756.6456,4489.9285,48339.4861,44041.0227,54570.7047,-4043.4301,-3774.0469,21637.0672
51178.3361,23955.0769,50568.4018,37348.0618,33231.5415,34763.9322,4495.7846,48360.765,44050.0528,54579.8689,-4032.3436,-3764.3462,21641.9846
51190.8531,23965.2693,50568.67,37359.9082,33259.213,34766.838,4497.394,48380.3004,44061.0051,54586.5744,-4016.8762,-3749.3706,21646.8126
51187.7239,23969.1585,50566.256,37361.9646,33269.2713,34768.5367,4496.5446,48380.971,44065.699,54588.1838,-4016.6527,-3750.0858,21646.3655
51172.1224,23966.2528,50565.362,37353.4709,33248.6182,34759.596,4497.6622,48374.0419,44058.3676,54582.417,-4030.4214,-3764.2121,21640.7776
51164.2098,23963.3471,50568.4912,37346.8995,33235.1625,34756.3326,4498.1092,48364.6542,44053.9867,54577.5443,-4039.0939,-3774.0469,21638.9894
51173.2399,23956.2839,50569.7429,37354.2756,33243.1197,34761.8312,4500.2103,48359.7815,44063.4638,54578.3937,-4031.3601,-3771.6329,21636.5308
51190.1379,23957.7144,50571.7099,37362.9928,33262.6551,34774.6611,4502.5796,48371.9856,44072.8515,54582.1041,-4022.9112,-3757.3725,21637.3801
51194.0271,23961.0672,50574.6603,37365.0044,33264.0409,34772.4259,4504.5018,48381.0604,44077.6348,54586.8874,-4017.055,-3750.4435,21643.5939
51186.1145,23963.2577,50576.0014,37355.4826,33253.3121,34770.146,4505.8876,48381.1498,44070.0799,54583.5346,-4023.3582,-3759.3395,21645.9185
51170.066,23959.4132,50574.7944,37344.3961,33237.9788,34767.6426,4504.2336,48362.7319,44058.2782,54581.3441,-4036.5458,-3770.8282,21642.1187
51177.4421,23967.0575,50576.8061,37357.3154,33251.1663,34773.9011,4509.1957,48372.0303,44064.6261,54585.9486,-4030.2426,-3761.7087,21644.488
51195.7258,23974.8359,50578.4601,37367.9996,33275.9768,34778.5503,4508.6592,48395.0078,44072.4045,54589.1225,-4018.1726,-3746.4648,21647.349
51203.7724,23975.2829,50576.9849,37374.0792,33283.8446,34781.5007,4508.8828,48395.4102,44074.9973,54588.2732,-4008.2484,-3746.1072,21648.2431
51196.4858,23970.0079,50577.566,37374.5263,33275.2168,34782.3948,4510.6262,48390.761,44063.9108,54583.3558,-4014.9093,-3752.6786,21647.1255
51175.341,23960.5755,50580.5165,37364.1998,33249.11,34779.7126,4509.5086,48369.9739,44051.6174,54577.0079,-4030.0637,-3760.8594,21643.4598
51180.0349,23957.8038,50577.0296,37361.9199,33244.1032,34778.5503,4502.5796,48367.5152,44052.5562,54571.1964,-4030.6449,-3762.0664,21638.1848
51198.5421,23963.66,50574.8838,37372.3805,33265.0244,34783.6912,4501.5961,48393.6667,44067.3977,54578.3937,-4015.6245,-3753.3492,21640.5541
51200.375,23970.9467,50580.3823,37374.9286,33276.1109,34783.1547,4504.2783,48403.6356,44068.8729,54589.1672,-4011.4224,-3751.5163,21643.5492
51187.8133,23965.8952,50580.9188,37360.4447,33256.3967,34772.3365,4502.7584,48386.5589,44058.6358,54579.9583,-4024.744,-3761.3958,21639.3471
51176.0563,23964.7329,50582.1258,37350.0735,33242.5386,34769.3413,4501.3279,48373.9972,44056.1324,54571.4647,-4037.5739,-3768.459,21636.1284
51186.3828,23967.5045,50582.4834,37362.6351,33259.0342,34773.4988,4503.0266,48394.6949,44060.6028,54574.4151,-4032.6566,-3765.1956,21638.7659
51195.3682,23968.9797,50578.9518,37375.5544,33278.212,34778.9973,4502.8031,48415.2138,44073.2986,54584.2946,-4018.575,-3749.7729,21646.4549
51200.4644,23971.2596,50582.6175,37378.0131,33282.8164,34780.0255,4505.7982,48413.2469,44075.9808,54589.3461,-4011.5118,-3744.5873,21650.8359
51197.1116,23962.5871,50579.4436,37371.1735,33262.9681,34773.4541,4502.4455,48394.6949,44069.007,54586.5744,-4022.5983,-3755.182,21643.5492
51185.9804,23959.7261,50581.8129,37364.4233,33243.4326,34775.6445,4504.323,48384.7708,44062.0333,54584.5628,-4034.8023,-3764.9721,21640.7776
51181.7336,23967.1469,50582.394,37360.2659,33250.7193,34776.6727,4506.2006,48386.0224,44070.974,54585.4121,-4033.193,-3761.217,21641.2246
51191.2555,23968.3539,50580.1141,37363.3951,33268.2431,34772.8282,4505.2171,48400.7299,44081.3005,54592.8329,-4020.7207,-3752.5892,21643.3704
51201.0455,23966.074,50582.0364,37365.9879,33273.0711,34777.0303,4506.4241,48414.9009,44089.0789,54597.348,-4018.575,-3750.3093,21646.2761
51199.3915,23964.7776,50586.0597,37366.3902,33263.3704,34776.4492,4509.2404,48413.1128,44084.1168,54596.588,-4022.5983,-3750.5776,21647.9301
51189.1991,23962.7659,50586.7302,37359.8635,33248.9312,34774.214,4507.8099,48397.3771,44070.8846,54593.5929,-4035.4729,-3763.3628,21643.9962
51191.3896,23958.7873,50582.1258,37354.6332,33249.9146,34773.6776,4506.737,48401.9816,44068.3812,54590.2848,-4035.0705,-3765.6426,21642.7892
51209.6733,23966.8339,50582.6175,37366.4349,33272.3111,34778.9079,4512.4143,48422.8581,44085.145,54593.8164,-4016.5633,-3750.8905,21646.3208
51215.3506,23973.7183,50583.8245,37373.7216,33279.6425,34782.2607,4513.0849,48430.4577,44092.387,54601.0137,-4014.7752,-3747.4483,21649.763
51203.5489,23975.0594,50582.394,37360.6235,33264.8009,34779.042,4512.5037,48416.7784,44083.4016,54597.6162,-4026.3087,-3757.8195,21646.8126
51195.9046,23976.7581,50587.1773,37357.8519,33251.5687,34779.4443,4517.4211,48405.692,44070.527,54595.6045,-4031.2707,-3762.424,21648.556
51197.961,23973.5395,50584.1374,37364.6468,33255.5026,34781.1878,4516.5271,48405.1108,44078.0818,54596.9903,-4026.5322,-3757.8195,21647.2596
51212.6684,23970.3655,50582.841,37378.1919,33277.7649,34785.3005,4513.979,48433.2293,44095.5609,54602.0865,-4010.4389,-3746.3307,21649.5842
51221.2962,23968.8009,50586.1044,37378.4155,33284.2469,34784.6746,4512.5037,48442.93,44098.109,54601.6842,-4007.9802,-3742.8439,21649.763
51205.9629,23961.7378,50581.6787,37361.5623,33263.0575,34778.595,4509.9109,48426.9708,44086.8884,54591.8494,-4020.9442,-3757.2831,21641.4481
51180.0349,23950.8301,50575.912,37349.9393,33244.2373,34770.6825,4503.9654,48408.2848,44073.8797,54583.1323,-4037.5739,-3773.0187,21632.1945
51182.4936,23950.9642,50575.152,37359.2377,33254.5191,34775.3316,4502.1325,48415.2138,44079.0653,54585.7251,-4030.779,-3769.1295,21635.6367
51201.5373,23955.7475,50576.3143,37370.2347,33277.899,34778.5056,4502.2666,48438.3255,44097.2596,54594.4422,-4014.5516,-3755.9867,21638.9894
51200.4644,23954.6299,50570.5029,37370.2794,33281.2965,34773.5435,4499.0033,48444.2264,44095.9632,54593.4588,-4017.9938,-3757.149,21635.2791
51182.3148,23949.0867,50566.5243,37361.6517,33260.42,34766.2568,4493.2812,48424.5121,44086.799,54590.4189,-4035.2494,-3769.5318,21633.7144
51168.2779,23946.4492,50569.2065,37352.4874,33243.7903,34764.6028,4490.4202,48410.6094,44075.2655,54584.1157,-4049.0627,-3779.0537,21634.1615
51176.3692,23943.3646,50573.4086,37349.7605,33253.4015,34768.7155,4491.5378,48416.6443,44073.8797,54584.6522,-4042.8489,-3773.0187,21634.4297
51192.5519,23949.7125,50573.5427,37357.7178,33272.9369,34773.9905,4493.0577,48436.8056,44087.9613,54591.0448,-4029.572,-3762.3793,21636.3966
51194.2506,23953.2441,50568.7147,37360.087,33277.6308,34776.9409,4491.7613,48446.1039,44090.7329,54593.1011,-4028.0074,-3764.2568,21632.8204
51186.1145,23954.6299,50573.2745,37358.6118,33265.4715,34777.4774,4496.187,48442.2594,44092.4317,54593.28,-4034.7576,-3767.3861,21635.1002
51177.1739,23951.4112,50579.2648,37355.572,33249.2888,34774.1246,4495.2929,48426.5685,44086.6649,54588.3179,-4042.9384,-3777.1314,21633.4909
51184.9076,23949.9807,50577.2084,37361.294,33250.2723,34779.3996,4496.0529,48429.0272,44092.1634,54588.8096,-4035.9646,-3772.6164,21636.4413
51206.3205,23953.8699,50578.6836,37372.4699,33274.9933,34785.6134,4501.5961,48447.5344,44105.9321,54590.9107,-4021.1231,-3752.9469,21640.0623
51210.925,23957.2227,50581.7682,37371.4864,33287.1079,34790.4861,4503.2054,48457.2351,44109.866,54592.1624,-4018.7538,-3751.5163,21640.0623
51203.8618,23960.1731,50587.4455,37374.3027,33283.2634,34795.6717,4508.5251,48455.4023,44102.0876,54594.6211,-4020.0055,-3757.8195,21640.9564
51192.4624,23953.6464,50585.5232,37369.4748,33266.0079,34790.7096,4508.1675,48443.7793,44091.6717,54587.6026,-4029.0803,-3768.6378,21637.7825
51184.7287,23945.4657,50578.3707,37360.8023,33257.0672,34784.0488,4500.3891,48447.0874,44096.3656,54584.3393,-4035.8752,-3771.6776,21633.178
51200.2409,23954.0935,50579.0412,37370.8159,33280.8048,34786.0605,4497.5281,48470.6461,44105.3063,54586.3956,-4028.4097,-3759.9206,21634.8767
51200.375,23960.8884,50580.6953,37375.018,33294.3946,34787.9827,4499.4503,48472.7919,44111.5648,54590.5977,-4019.3349,-3755.495,21637.0672
51190.6743,23951.903,50576.7614,37364.0656,33275.3509,34786.8651,4496.8128,48458.308,44103.5628,54590.8213,-4029.3038,-3764.6592,21635.9496
51174.5811,23944.8398,50574.6603,37351.9063,33248.3947,34781.2772,4491.7166,48445.1652,44091.4035,54586.8874,-4044.3689,-3772.9293,21630.764
51179.7667,23945.1081,50573.2745,37353.9627,33247.456,34775.1975,4491.4931,48448.1603,44095.3374,54586.2168,-4043.6089,-3769.8001,21630.2723
51193.6694,23952.4841,50573.7662,37362.3669,33269.6736,34779.2208,4493.6389,48465.3264,44108.5249,54593.2353,-4028.9909,-3755.8526,21635.8155
51207.7063,23954.4064,50574.8838,37377.1638,33281.8776,34791.559,4496.0082,48474.3565,44113.8893,54598.9573,-4019.9161,-3747.8507,21641.7611
51203.7724,23945.9127,50577.119,37372.0229,33270.4335,34791.8272,4491.0908,48462.6442,44100.0313,54599.0914,-4028.3203,-3757.8195,21639.7494
51178.962,23929.5959,50573.2298,37354.1862,33243.3879,34781.0537,4482.9547,48444.137,44082.6863,54589.4802,-4050.1803,-3778.8749,21629.0206
51176.7268,23933.3957,50571.2628,37355.0802,33245.8913,34776.2704,4481.1219,48450.8872,44092.074,54588.8096,-4044.503,-3774.2257,21630.4064
51196.6646,23947.2538,50575.1073,37369.2513,33271.3723,34780.0702,4488.4533,48468.9474,44111.4753,54597.1692,-4028.2309,-3757.0149,21637.5142
51206.1864,23947.2985,50575.8226,37367.9101,33275.8427,34779.1314,4489.5262,48477.9328,44116.9292,54601.1478,-4026.9792,-3756.2996,21638.453
51200.1514,23942.6494,50574.4368,37360.9811,33260.5094,34775.1975,4488.9897,48472.926,44108.972,54598.5997,-4037.4845,-3765.5979,21636.3966
51188.2603,23941.5318,50574.1239,37353.6497,33249.2441,34777.1645,4487.0228,48462.2419,44099.0478,54595.6492,-4050.1803,-3773.4658,21635.5026
51190.8084,23940.593,50570.3241,37350.4758,33256.3072,34780.1596,4483.8488,48473.4178,44095.6503,54594.3081,-4044.5924,-3773.2422,21633.1333
51205.4265,23943.007,50567.5972,37362.6351,33275.038,34786.284,4486.1734,48495.7248,44114.0682,54595.8281,-4027.3815,-3759.0712,21632.8651
51206.5887,23945.3316,50569.3406,37369.0277,33282.5929,34789.2344,4490.0626,48501.8939,44117.5997,54595.7386,-4019.5137,-3753.3045,21634.9214
51200.7326,23941.353,50571.6205,37363.3057,33270.8359,34786.284,4488.8109,48494.1602,44108.3014,54596.4986,-4030.7343,-3762.1111,21635.1002
51189.3332,23935.6756,50567.9548,37351.951,33252.0604,34781.2772,4485.5028,48471.9425,44096.2762,54590.0613,-4048.3475,-3777.5785,21626.7854
51189.4226,23934.0663,50563.7527,37352.8004,33252.5969,34776.8068,4486.3969,48472.5237,44092.9681,54581.21,-4050.225,-3777.7573,21625.8913
51200.1514,23942.9176,50566.3007,37362.4116,33271.1488,34784.7193,4487.7827,48495.5907,44102.4005,54589.3461,-4031.5837,-3762.0217,21631.8816
51204.1748,23944.5716,50566.0325,37364.468,33272.9816,34782.9312,4483.4912,48502.1621,44102.0429,54590.3295,-4031.0025,-3759.9206,21631.6134
51192.3283,23939.9225,50562.9033,37357.5836,33257.3801,34770.5036,4480.8537,48485.6218,44090.8223,54582.2829,-4045.5312,-3771.9011,21626.6513
51176.3692,23937.1955,50562.7245,37349.5817,33242.1809,34766.525,4479.9596,48456.9222,44087.2014,54581.9253,-4053.8013,-3783.3899,21621.5551
51180.2584,23934.2898,50565.4961,37358.7012,33247.2324,34774.7952,4483.67,48460.8561,44092.1187,54582.6405,-4045.71,-3778.6514,21622.8515
51204.1748,23940.6824,50566.256,37370.19,33267.8854,34778.0138,4482.7759,48490.5839,44101.283,54585.0098,-4033.2824,-3766.5814,21623.4326
51205.8735,23947.5667,50564.3338,37372.4699,33276.1109,34772.8282,4478.5291,48501.1786,44104.8592,54587.9155,-4030.5108,-3768.146,21623.7009
51187.9921,23944.661,50561.6069,37365.4962,33262.074,34770.0566,4477.3668,48482.6267,44095.695,54584.2499,-4041.1055,-3778.9643,21621.2869
51169.6637,23926.8243,50554.9908,37348.4641,33235.1178,34761.6076,4465.3863,48454.9999,44075.7126,54567.5755,-4065.9606,-3800.422,21610.1557
51172.0777,23929.9089,50557.0471,37350.0735,33232.525,34763.217,4466.4145,48467.7851,44082.5075,54571.7776,-4064.1725,-3795.2811,21610.8263
51190.2273,23935.8991,50558.9247,37369.7877,33258.006,34769.3861,4469.052,48492.2826,44097.1255,54578.2149,-4045.4865,-3778.8302,21616.146
51192.9095,23939.5648,50557.4048,37369.2513,33266.902,34769.0284,4467.5767,48495.8589,44096.8126,54574.6386,-4044.8606,-3782.2723,21614.8049
51171.5412,23930.6688,50559.0141,37355.4826,33246.7407,34763.8428,4462.0335,48478.4693,44088.1848,54572.2693,-4056.4388,-3793.6717,21614.0449
51159.1583,23922.9798,50557.6283,37346.5419,33224.7019,34759.6407,4459.6642,48449.9931,44087.3802,54569.2295,-4072.1744,-3803.5512,21611.2286
51165.6404,23931.25,50559.8187,37351.2805,33229.6193,34762.5464,4467.1744,48456.654,44097.2596,54574.3704,-4063.949,-3792.1071,21614.2237
51190.0932,23940.9059,50563.3503,37366.9267,33263.3704,34776.6727,4476.428,48486.203,44107.3179,54582.5511,-4046.6934,-3775.5221,21622.4492
51205.2923,23944.9292,50563.6185,37375.0627,33281.0283,34784.317,4482.0607,48498.4964,44111.6095,54585.6804,-4037.9316,-3769.8001,21624.9973
51184.9076,23932.5911,50560.534,37364.7809,33255.5473,34773.1858,4476.5621,48485.7112,44100.7912,54577.6337,-4051.7449,-3782.4064,21616.7718
51163.3605,23924.0974,50558.567,37352.3533,33227.25,34767.7767,4469.946,48466.3546,44088.006,54570.7941,-4065.3795,-3794.387,21611.1839
51169.7531,23925.1703,50558.2541,37353.0239,33233.0167,34769.1178,4472.2706,48478.8716,44100.3889,54577.7678,-4057.914,-3790.4084,21613.1061
51185.0864,23927.4949,50558.0306,37362.7692,33253.178,34770.2354,4473.0753,48498.5411,44108.972,54581.9253,-4048.7498,-3778.5172,21617.8447
51190.8084,23930.8476,50560.3999,37368.536,33256.7096,34772.6047,4474.774,48507.7947,44113.1294,54586.7532,-4042.6701,-3774.4492,21620.4822
51173.2399,23926.6902,50557.5836,37357.5389,33243.4773,34762.904,4475.3104,48490.9415,44101.0147,54580.6289,-4056.4835,-3786.8321,21616.1907
51158.3984,23922.8904,50554.1861,37343.1891,33225.4618,34753.561,4469.1861,48468.8133,44089.1683,54572.1799,-4071.0121,-3799.7514,21611.7203
51172.6588,23927.629,50553.6944,37349.5817,33231.6309,34760.5795,4468.6943,48476.2341,44097.7514,54575.0856,-4061.0433,-3791.7048,21616.4589
51188.9756,23936.8379,50556.1978,37366.882,33255.9943,34768.8496,4473.7458,48512.7568,44114.7834,54585.1439,-4042.089,-3774.628,21625.1761
51195.9046,23945.2422,50555.259,37373.4087,33263.8621,34770.9954,4476.2045,48525.1844,44115.6328,54593.3694,-4039.3621,-3770.9177,21627.9477
51180.616,23942.247,50555.8848,37361.7858,33249.6464,34770.1013,4474.7293,48504.5314,44110.626,54591.7153,-4047.0958,-3780.0819,21625.9807
51172.3906,23938.2237,50558.9247,37360.3106,33234.9837,34770.4589,4479.2891,48486.203,44104.8592,54588.2285,-4054.8742,-3785.5357,21625.4443
51175.6092,23929.2383,50559.5058,37358.6118,33234.0449,34771.1742,4477.0539,48494.8307,44108.5249,54585.591,-4050.7615,-3780.7524,21626.1595
51191.7919,23932.3676,50558.7459,37369.6089,33256.2178,34774.3034,4479.4679,48521.2952,44118.1362,54588.0497,-4041.642,-3771.0071,21629.2441
51206.2758,23941.0847,50561.5175,37384.9422,33265.695,34780.9196,4485.5922,48532.2922,44122.9194,54591.4918,-4030.7343,-3764.3462,21631.4793
51184.1029,23931.4735,50560.087,37371.9335,33249.0206,34771.1742,4476.7857,48512.8462,44109.1955,54586.7085,-4044.7265,-3780.5736,21623.9244
51168.4567,23923.6504,50564.1103,37364.9597,33223.8078,34767.285,4476.9645,48490.9415,44104.6357,54581.7018,-4056.7964,-3789.0673,21624.0138
51172.3459,23926.4667,50565.4961,37371.3076,33236.9506,34768.4473,4476.5621,48496.9765,44118.7173,54583.4452,-4050.8062,-3782.1829,21626.1148
51189.3332,23933.5746,50561.5622,37379.1754,33263.5492,34771.3083,4475.1763,48523.7539,44127.7474,54590.8213,-4036.501,-3772.0352,21627.6795
51189.6461,23937.0614,50562.0986,37379.846,33272.4005,34774.1246,4476.741,48539.4448,44130.2955,54593.5929,-4035.4729,-3767.4308,21627.0536
51174.894,23933.7087,50563.2162,37375.2415,33254.7426,34772.5153,4478.0821,48530.9064,44124.7076,54595.0681,-4048.1687,-3772.0352,21625.3996
51160.9465,23929.3724,50562.948,37366.6137,33231.9438,34769.4755,4476.5621,48517.4507,44117.3762,54588.7649,-4058.0034,-3782.4512,21621.6445
51175.4304,23931.2947,50562.9033,37369.2513,33240.5269,34771.5318,4478.4844,48523.128,44119.7902,54592.2965,-4053.5331,-3778.2043,21623.0303
51193.5353,23933.7981,50563.2162,37371.6205,33257.5589,34772.7388,4479.6914,48536.5838,44126.3616,54599.1808,-4036.0093,-3763.2287,21631.1216
51201.1796,23941.2189,50564.4679,37379.6672,33263.2363,34776.3598,4483.5359,48535.8238,44131.2343,54605.7969,-4026.5322,-3757.5066,21635.6367
51191.5237,23937.9555,50568.4912,37377.4767,33239.454,34771.8447,4482.3736,48522.681,44123.7688,54599.2255,-4037.1269,-3768.0119,21629.6017
51174.4916,23932.144,50572.291,37363.5292,33219.0692,34763.9322,4480.2278,48501.1339,44107.2732,54588.3179,-4052.3261,-3780.9312,21625.2655
51185.5334,23939.0284,50577.0296,37371.5758,33232.7485,34772.8282,4482.5971,48510.7452,44111.1177,54588.8096,-4041.0161,-3777.9808,21625.2655
51209.1815,23946.8962,50574.0345,37384.9422,33253.7144,34778.0138,4484.6088,48527.6431,44124.037,54593.1011,-4023.8053,-3764.078,21627.5901
51211.372,23947.1197,50571.084,37386.3727,33259.213,34774.1246,4483.4912,48536.5391,44119.2538,54593.9505,-4024.9676,-3764.2121,21627.2771
51198.9444,23945.2422,50573.9897,37383.4223,33254.0274,34777.835,4480.7643,48529.7441,44110.8495,54588.452,-4038.3786,-3772.8846,21624.6396
51180.7054,23940.3695,50573.1404,37374.4816,33231.1839,34778.8185,4474.8634,48510.924,44103.0264,54583.8028,-4050.7168,-3781.11,21624.3267
51183.1194,23939.9225,50569.9217,37376.985,33229.6193,34778.7738,4472.4047,48507.4818,44108.659,54587.5579,-4045.71,-3776.595,21624.9526
51200.3303,23950.8301,50572.7828,37388.0267,33256.3519,34788.1168,4475.534,48530.9958,44122.6065,54594.9787,-4031.0919,-3761.4852,21631.1216
51212.132,23955.0769,50572.7828,37397.9509,33258.9895,34793.6153,4480.6749,48531.3535,44126.9428,54592.9223,-4027.0686,-3755.1373,21632.6863
51201.9396,23948.282,50567.0607,37387.2668,33242.8068,34791.9613,4476.2939,48516.7354,44113.7105,54583.9816,-4037.3504,-3763.2287,21629.7358
51186.2934,23936.8826,50568.6253,37375.3756,33226.2665,34785.077,4475.8916,48505.1572,44099.1819,54583.0429,-4053.8013,-3779.9478,21626.3384
51190.4508,23942.4258,50573.6321,37375.0627,33237.7553,34788.8768,4481.0772,48509.1358,44109.1061,54595.6492,-4044.9053,-3768.2354,21631.7475
51209.8968,23947.7009,50579.1754,37391.9606,33267.3937,34794.6435,4485.9946,48536.1814,44125.8699,54598.555,-4023.4923,-3750.0411,21638.3636
51208.7792,23949.3102,50580.5612,37393.0782,33278.4802,34796.834,4491.6719,48549.5925,44130.7425,54597.8844,-4020.229,-3747.3589,21640.0176
51190.5402,23941.8894,50578.5495,37376.8508,33257.8272,34791.559,4494.22,48534.6168,44118.7173,54595.8281,-4030.019,-3755.5844,21637.3801
51168.3673,23937.5085,50579.5777,37363.2163,33237.9788,34785.4346,4494.3094,48513.8297,44101.3724,54589.4802,-4043.6536,-3767.4308,21635.6367
51177.3527,23946.6727,50581.8576,37375.0627,33251.7028,34787.491,4498.5116,48522.8598,44104.144,54593.1011,-4033.1483,-3762.9604,21639.66
51192.686,23950.6066,50581.187,37386.2833,33274.9933,34789.1897,4501.2385,48541.9482,44108.7484,54597.6162,-4017.3233,-3749.0129,21645.2479
51181.1972,23948.2373,50578.6836,37384.1375,33275.1274,34782.3501,4499.8974,48531.4429,44104.144,54597.6162,-4023.3582,-3749.46,21643.1469
51170.8707,23950.8301,50579.3989,37375.465,33262.7892,34776.0022,4503.2501,48507.5712,44092.3423,54592.3859,-4035.6964,-3760.77,21641.4481
51148.966,23949.4443,50575.465,37360.5341,33241.7339,34766.4803,4499.0033,48484.996,44075.9808,54582.864,-4049.5098,-3772.0352,21633.8038
51155.8056,23945.3763,50571.4864,37361.3387,33249.3782,34770.1013,4495.1141,48476.3235,44066.4142,54579.2431,-4043.6089,-3772.2588,21634.6085
51165.8639,23955.6581,50571.844,37375.0627,33272.1323,34775.0187,4501.0149,48485.5324,44074.1032,54591.313,-4022.6877,-3756.389,21639.9729
51159.8736,23966.9681,50570.2794,37372.2464,33281.2071,34770.1013,4500.0315,48486.2477,44074.7738,54593.5035,-4020.2737,-3757.1937,21637.7825
51150.2624,23967.8621,50568.3124,37365.4515,33258.9895,34759.6407,4494.5329,48461.3031,44053.629,54582.9982,-4036.2775,-3770.3812,21630.8087
51132.2916,23959.9496,50570.637,37355.5273,33232.972,34758.7466,4494.2647,48433.587,44042.4532,54576.4267,-4051.879,-3781.6018,21631.0322
51130.5481,23962.0954,50568.3124,37356.4661,33239.1411,34760.6689,4494.4435,48431.2624,44041.425,54574.4151,-4043.9218,-3776.8185,21634.6085
51147.4013,23970.0526,50565.2726,37372.3805,33262.9234,34768.2685,4498.1986,48439.0855,44057.25,54578.6172,-4025.1464,-3762.0664,21642.0293
51157.0126,23976.0876,50566.4796,37378.1025,33268.3772,34769.7884,4502.0431,48439.7113,44054.2102,54579.9583,-4024.744,-3756.2996,21643.2363
51136.0019,23965.9399,50567.3736,37366.3455,33243.1197,34763.3511,4498.7351,48422.9922,44043.5708,54574.3704,-4039.4962,-3766.8049,21637.5589
51122.9038,23960.5308,50565.5855,37360.8917,33223.3608,34762.1888,4498.4668,48404.3956,44029.0421,54566.1449,-4048.6157,-3782.0041,21631.9263
51131.3081,23966.4763,50569.3406,37369.3407,33230.111,34767.732,4497.8857,48401.7581,44030.5173,54565.2956,-4040.4797,-3775.9691,21634.8767
51137.5666,23969.9632,50568.3571,37375.3309,33244.7737,34765.7204,4496.187,48412.1293,44035.5688,54568.8719,-4033.2377,-3769.7107,21633.7591
51138.4606,23962.9,50563.6185,37377.5214,33238.3364,34762.3229,4491.3143,48408.4636,44032.2608,54563.7757,-4036.1434,-3773.9575,21628.7524
51121.6968,23947.5667,50560.2658,37366.122,33211.7379,34757.3608,4483.4018,48389.3305,44020.6379,54555.8184,-4048.8839,-3785.7145,21623.6562
51107.0341,23939.0731,50560.4446,37359.5059,33187.9556,34752.8011,4479.2444,48369.1245,44012.0995,54546.4307,-4060.4174,-3796.5775,21618.4258
51120.5345,23949.3549,50565.809,37370.3241,33193.2753,34753.8292,4486.2628,48368.0516,44015.8546,54550.454,-4051.5214,-3789.4249,21622.5833
51146.5073,23958.7873,50570.0558,37388.3843,33212.9896,34761.4735,4497.1704,48385.3072,44030.3832,54561.5405,-4029.6614,-3773.734,21634.1615
51147.6696,23955.6134,50567.7313,37389.3678,33220.6339,34756.9585,4497.7069,48387.2294,44027.5222,54562.7475,-4024.3864,-3768.906,21634.2509
51135.5996,23949.936,50568.1783,37382.5282,33215.4036,34755.1703,4497.394,48367.0682,44020.1908,54560.6017,-4034.3553,-3774.5386,21632.2839
51127.5083,23946.4939,50570.5923,37372.2464,33196.4046,34751.4153,4497.2152,48348.9186,44010.5796,54556.7125,-4041.7761,-3781.11,21630.4064
51132.5598,23952.0818,50569.6982,37371.7546,33203.2889,34751.9517,4497.3046,48358.1275,44015.7205,54559.9759,-4031.8519,-3775.0751,21634.385
51142.7075,23954.6746,50566.5243,37381.3212,33225.3277,34755.8856,4499.6738,48375.383,44032.4396,54565.5638,-4018.575,-3762.6922,21638.3636
51149.9047,23955.3452,50568.0889,37390.7536,33237.0847,34758.2102,4502.4902,48372.9243,44030.3832,54563.7757,-4013.5682,-3760.9488,21640.1964
51134.5714,23951.8136,50567.7313,37377.2979,33212.9896,34751.0129,4499.5397,48348.7844,44019.6097,54558.8583,-4021.3466,-3771.3647,21639.66
51119.6405,23943.0964,50564.8702,37363.5739,33191.1743,34743.5474,4494.6671,48325.6727,44011.0713,54554.7456,-4036.0987,-3783.1217,21636.2625
51138.3265,23948.2373,50567.5972,37374.8839,33201.6796,34754.0081,4497.1704,48338.5921,44014.1112,54560.5123,-4028.3203,-3773.4658,21637.5142
51162.7793,23956.2839,50573.8556,37393.257,33226.2218,34764.7816,4501.3279,48363.179,44036.3735,54570.4812,-4011.4224,-3753.7068,21646.7232
51167.9649,23959.8602,50577.879,37389.7702,33229.9322,34757.3161,4499.0033,48362.0167,44040.3074,54569.9,-4009.6343,-3751.3822,21647.1702
51161.93,23955.8369,50578.6836,37374.4369,33212.8108,34750.3424,4498.6904,48345.5658,44026.3152,54566.5026,-4022.0618,-3764.4356,21645.1585
51151.6482,23949.3996,50578.9518,37366.8373,33196.9857,34750.253,4497.081,48329.0702,44024.7953,54561.317,-4034.6235,-3773.2869,21642.6998
51163.8969,23956.1945,50580.1141,37375.4203,33211.0226,34756.7797,4503.1607,48341.4978,44030.2938,54566.3685,-4028.7673,-3761.2617,21644.6668
51180.3031,23965.4481,50576.4484,37384.0928,33227.6076,34759.596,4504.4571,48366.9341,44040.0392,54568.5142,-4015.8033,-3755.6291,21645.1138
51184.4158,23965.2693,50573.6768,37381.1871,33230.8263,34763.5299,4505.1724,48371.9856,44045.1801,54572.8058,-4014.8646,-3757.1043,21642.4763
51168.8143,23960.4414,50569.43,37370.1453,33216.1188,34760.4901,4503.6972,48354.8641,44034.8983,54565.2062,-4027.9627,-3767.7437,21636.6649
51154.7327,23948.282,50566.7031,37372.0229,33199.802,34760.9371,4502.0878,48338.7262,44029.4445,54557.7854,-4038.1104,-3778.4725,21633.8485
51161.3935,23945.2422,50566.3902,37373.6322,33199.4891,34761.1159,4498.1986,48351.5114,44033.5572,54562.5687,-4033.5953,-3774.8516,21636.2178
51169.6637,23948.2373,50567.5972,37379.846,33221.5726,34759.2831,4501.4173,48365.0118,44037.3123,54566.2344,-4019.3349,-3762.3346,21638.453
51167.7861,23943.9905,50568.3124,37381.947,33221.7515,34756.3326,4500.2997,48365.1906,44046.5212,54569.0507,-4016.2951,-3757.9089,21637.1566
51168.2332,23945.6445,50573.1851,37381.6341,33215.7165,34757.6737,4501.1491,48353.8359,44038.0275,54576.0244,-4028.9462,-3764.3462,21635.6367
51149.1001,23943.8564,50574.1686,37370.0559,33203.7807,34750.0741,4500.4338,48346.6387,44025.287,54571.0176,-4042.4019,-3778.2043,21634.5638
51152.0952,23941.4871,50568.5359,37370.6818,33203.0207,34750.0741,4494.2647,48353.0313,44031.7243,54569.453,-4040.0773,-3776.595,21635.7261
51167.5626,23942.1129,50563.7079,37384.2716,33225.6854,34755.7515,4493.9965,48369.9739,44047.2811,54574.728,-4023.0006,-3763.0498,21641.8058
51175.9222,23947.6115,50563.3503,37385.121,33235.6989,34760.3559,4496.634,48380.9263,44052.0197,54574.5045,-4019.6478,-3758.356,21640.1964
51165.1933,23950.6513,50564.1103,37378.8625,33229.4852,34758.2549,4495.2035,48375.0701,44046.9682,54572.4034,-4031.1366,-3768.0566,21638.453
51145.9708,23949.7572,50564.2444,37371.5311,33213.9283,34758.0314,4493.8624,48361.7485,44035.9712,54567.4413,-4043.9218,-3782.2276,21636.3072
51152.5869,23955.6581,50559.5952,37377.3426,33217.5493,34760.9371,4492.2084,48371.4044,44037.4464,54566.7708,-4038.8256,-3776.595,21632.5074
51175.5645,23967.9515,50559.7293,37396.7439,33240.661,34766.2568,4496.0082,48390.9845,44051.3939,54569.4977,-4019.3796,-3759.6971,21638.1848
51182.0018,23969.5609,50562.0092,37399.9625,33244.9079,34767.8661,4497.5728,48399.7464,44057.6971,54574.1916,-4009.4554,-3754.0644,21643.8174
51176.9056,23965.7164,50561.5622,37390.7089,33235.6095,34766.6144,4497.3493,48395.0973,44052.0644,54572.9399,-4024.0735,-3763.631,21641.8952
51165.5509,23966.074,50564.9596,37380.5165,33217.6387,34768.2238,4499.0927,48379.8087,44042.2744,54571.1964,-4041.642,-3774.8069,21635.7261
51179.8114,23976.9816,50571.6205,37396.2075,33232.7485,34780.3831,4502.669,48390.9845,44056.5348,54578.7513,-4032.9248,-3763.6757,21640.9117
51199.5703,23980.7814,50571.9781,37410.6914,33253.7144,34787.0439,4501.2385,48418.4325,44067.9789,54583.4452,-4022.4642,-3750.2199,21643.5492
51198.1398,23974.6124,50567.3736,37407.5174,33253.5803,34784.2276,4500.0315,48422.8581,44063.7767,54580.4948,-4021.1678,-3750.8011,21638.9447
51182.7618,23967.6833,50569.8323,37393.3017,33236.2801,34784.5852,4499.5397,48411.2352,44060.5134,54580.6289,-4031.5837,-3760.3676,21639.6153
51174.4022,23970.9467,50576.0014,37383.2881,33225.8195,34781.0537,4500.2997,48396.6172,44059.5746,54580.003,-4039.5856,-3766.4026,21637.8719
51176.3692,23964.6435,50575.152,37378.5049,33231.2733,34771.2189,4497.841,48404.3062,44066.6825,54574.728,-4037.8422,-3767.4308,21636.0837
51188.6179,23969.7844,50569.6982,37385.5233,33249.8252,34771.0848,4498.0198,48426.1662,44077.5454,54578.4384,-4024.1182,-3758.8477,21637.1119
51197.3798,23977.1605,50569.5194,37389.2337,33253.2227,34773.32,4498.2433,48430.1448,44080.6746,54584.4287,-4018.3514,-3752.7233,21641.4481
51185.8463,23972.2878,50571.2181,37381.1424,33231.8544,34768.0002,4497.7963,48406.2731,44067.2189,54580.6736,-4031.3601,-3762.871,21640.42
51163.0028,23963.0342,50566.0772,37370.5029,33213.8389,34761.1159,4496.0082,48385.6201,44062.5697,54575.6668,-4043.9665,-3776.595,21636.5308
51172.5694,23964.3753,50567.2842,37370.1453,33228.9934,34762.8593,4497.6175,48392.1468,44070.8399,54583.5346,-4038.3786,-3767.7884,21638.6765
51188.6179,23968.2645,50571.1734,37377.3873,33248.6629,34763.5746,4499.9868,48408.6424,44078.6183,54589.8378,-4027.158,-3753.5727,21641.5823
51194.3847,23968.2645,50571.844,37377.0744,33255.7261,34757.4502,4501.462,48417.7619,44082.6863,54592.52,-4022.7324,-3755.8526,21644.3539
51181.6889,23963.213,50567.3289,37372.7381,33240.7504,34752.667,4497.841,48410.2964,44069.4541,54589.1672,-4033.4165,-3768.1907,21638.5424
51159.0242,23953.4229,50563.4844,37360.2659,33222.9584,34748.5095,4492.6107,48388.7047,44063.732,54585.0098,-4051.3873,-3776.1927,21634.7426
51160.3653,23949.489,50559.6846,37356.6002,33227.4735,34754.6786,4493.2812,48394.1585,44068.7388,54585.3227,-4048.3028,-3772.4823,21635.0108
51181.823,23953.4229,50562.8586,37372.7828,33253.4462,34760.8477,4496.0082,48417.449,44080.5852,54592.2965,-4030.332,-3759.1606,21638.9447
51188.3944,23957.0886,50560.1764,37378.8625,33262.3869,34760.6689,4499.0033,48428.0884,44082.731,54592.8329,-4021.0783,-3755.5397,21639.8835
51176.6821,23952.7524,50558.7012,37369.3407,33246.3384,34757.6737,4497.7516,48408.6424,44073.0751,54588.6755,-4032.5224,-3761.3958,21636.3966
51161.0806,23947.7903,50559.1035,37353.605,33226.7135,34750.2083,4491.4037,48392.9962,44064.9837,54585.9486,-4050.985,-3772.3482,21631.2557
51170.0213,23953.4229,50560.4446,37361.607,33237.7553,34758.8807,4496.3658,48401.5346,44076.6513,54591.9836,-4040.122,-3765.1062,21635.1002
51186.3381,23961.4248,50562.5904,37379.7566,33262.4316,34763.6193,4501.4173,48423.7969,44089.213,54596.9903,-4021.4807,-3750.2646,21642.2528
51189.8249,23960.2625,50564.155,37382.8858,33264.4433,34761.9206,4502.4902,48427.1497,44083.1333,54596.4539,-4022.1959,-3754.5562,21639.3024
51174.0446,23954.4958,50564.6914,37366.1667,33246.1596,34757.3608,4499.7185,48411.727,44074.6397,54596.0516,-4041.329,-3766.7602,21635.5473
51160.9018,23947.7009,50563.2609,37359.64,33232.8379,34757.8079,4498.3327,48395.589,44062.8827,54589.9272,-4055.9024,-3778.0255,21629.7805
51165.9533,23945.4657,50561.741,37363.8868,33237.6659,34757.4949,4494.1753,48402.6074,44069.0964,54588.452,-4048.3922,-3773.1528,21630.1382
51190.4508,23957.4462,50565.3173,37376.6273,33265.1585,34768.0449,4497.7069,48425.6744,44084.2956,54597.5268,-4032.0754,-3758.0878,21636.6202
51194.5635,23957.6697,50570.19,37379.7566,33269.0477,34772.5153,4497.9751,48428.759,44088.9895,54601.6395,-4025.1911,-3753.4833,21640.3753
51178.1573,23949.489,50570.5476,37373.8557,33248.9312,34764.5134,4497.3046,48408.5083,44077.3219,54597.6162,-4035.5176,-3766.5814,21637.0672
51160.2312,23942.56,50571.5311,37364.6468,33233.2402,34757.8079,4495.2929,48384.9049,44066.6825,54589.6143,-4050.6721,-3776.7738,21634.9661
51154.8221,23937.2849,50565.809,37359.7294,33235.3413,34753.7398,4489.1685,48387.1847,44066.2801,54583.8028,-4050.4485,-3776.8632,21631.2557
51167.1603,23938.939,50561.7857,37365.362,33253.1333,34755.6621,4488.9897,48406.1837,44079.11,54589.8378,-4037.9316,-3766.3132,21635.1449
51172.48,23945.7339,50562.3668,37371.397,33266.1867,34760.4901,4490.9567,48415.035,44084.7427,54592.073,-4031.4049,-3760.6359,21639.3024
51167.0262,23948.6843,50563.2609,37372.4699,33260.42,34761.0265,4491.4484,48413.9174,44074.1032,54587.9602,-4036.0987,-3764.0333,21636.3519
51153.2575,23943.2752,50562.8139,37361.2493,33239.9011,34754.6786,4489.8391,48401.2663,44061.8098,54581.0759,-4047.9004,-3777.3997,21633.0439
51161.4829,23945.421,50562.7245,37365.6303,33242.6727,34759.149,4494.0859,48405.2002,44066.7719,54587.245,-4039.5856,-3768.5931,21638.006
51177.0397,23954.4958,50564.9596,37378.3261,33271.417,34764.2452,4498.5563,48428.0437,44073.1198,54595.6492,-4022.5089,-3753.0363,21642.2528
51190.1826,23957.4462,50569.9217,37378.9519,33275.7533,34767.285,4500.2997,48430.9047,44075.3996,54595.0681,-4020.676,-3749.8176,21642.0293
51174.9834,23952.5735,50569.5641,37364.1998,33250.6299,34764.7369,4495.9188,48421.517,44071.0634,54589.1225,-4038.021,-3762.1558,21635.1002
51162.1535,23951.456,50575.465,37355.9743,33231.9438,34762.6805,4496.9022,48412.4869,44068.9623,54585.3674,-4047.811,-3774.0916,21635.0555
51179.6325,23960.3072,50583.601,37370.3688,33244.7737,34772.113,4502.8031,48420.4888,44078.1265,54594.5764,-4035.9199,-3762.2005,21640.8223
51203.5936,23970.1867,50583.0199,37382.5282,33273.7416,34776.8515,4508.6592,48450.8872,44092.834,54603.8747,-4018.575,-3744.3191,21648.1537
51202.2078,23968.6668,50578.1472,37381.4106,33272.624,34772.113,4506.29,48456.341,44094.6668,54603.83,-4020.8101,-3744.6767,21647.9301
51190.6743,23967.5939,50578.5942,37372.3358,33256.5755,34763.7981,4501.6855,48440.5607,44079.7359,54596.4986,-4036.501,-3758.7583,21641.9399
51167.4285,23961.3354,50573.4086,37351.2805,33226.1324,34752.4434,4488.945,48415.7056,44068.56,54586.5744,-4059.2104,-3777.3103,21632.6863
51173.687,23967.1022,50573.4533,37354.4991,33236.9506,34759.9983,4491.7613,48423.484,44075.1314,54589.7037,-4052.639,-3767.8778,21633.8933
51203.4148,23977.4287,50578.5942,37370.8159,33270.1653,34768.492,4500.8808,48452.7647,44093.3257,54598.6891,-4033.7741,-3750.0411,21639.0789
51206.4546,23974.6571,50576.7614,37368.6254,33273.831,34764.5134,4498.9586,48448.1603,44094.3092,54602.176,-4031.4496,-3751.8293,21639.1683
51184.7734,23967.0128,50576.359,37357.4942,33250.4958,34755.6621,4496.0082,48430.0107,44081.9263,54599.4043,-4043.8324,-3767.699,21635.8155
51172.7482,23961.4695,50571.9781,37354.4097,33236.4142,34752.4881,4494.0412,48411.1011,44070.8399,54594.0399,-4052.3708,-3778.8302,21631.4793
51171.3177,23957.3121,50569.5194,37349.1347,33244.4608,34751.7282,4494.3988,48415.795,44074.9079,54591.76,-4050.985,-3770.2471,21630.4511
51180.3478,23956.3286,50570.0558,37351.504,33254.9661,34752.5775,4495.2482,48438.549,44099.0925,54599.6726,-4037.4398,-3759.2947,21634.7873
51175.4304,23950.7854,50566.3007,37347.4807,33254.7426,34749.94,4489.1238,48446.9086,44097.5726,54599.002,-4042.2678,-3764.7933,21630.6299
51175.341,23952.2159,50567.1054,37360.087,33250.8981,34758.7019,4495.3376,48435.1516,44087.3355,54597.3033,-4045.6206,-3772.3929,21631.3899
51164.4781,23940.9059,50562.2774,37349.4923,33231.0498,34752.667,4491.7613,48417.2702,44079.0653,54590.4636,-4053.846,-3779.6348,21624.1479
51176.4586,23941.5765,50561.6069,37351.7722,33239.6775,34756.4667,4490.8226,48424.7357,44083.5357,54592.6988,-4048.3922,-3772.8846,21625.6678
51196.7093,23949.7125,50564.2444,37362.501,33262.6551,34763.3958,4495.3376,48449.5461,44094.3092,54601.8183,-4036.9928,-3761.4852,21631.7922
51197.2457,23945.3316,50563.2609,37371.5758,33270.7465,34767.732,4498.4668,48459.5597,44098.3325,54602.9806,-4031.0472,-3754.9585,21636.6202
51181.9571,23941.3083,50563.7079,37361.0705,33258.006,34768.8943,4497.7069,48449.7249,44089.5259,54596.4986,-4040.9267,-3764.1227,21634.385
51171.9435,23942.3811,50568.223,37351.504,33244.1479,34761.0265,4493.6389,48437.9679,44084.698,54595.0234,-4051.7002,-3771.5882,21632.5969
51176.2798,23943.3646,50567.5972,37357.0025,33248.8418,34761.6076,4496.6787,48445.2099,44101.283,54600.7007,-4041.642,-3764.4356,21636.5308
51192.1495,23945.3316,50565.8537,37365.8985,33265.9632,34764.7816,4497.6622,48471.3614,44109.3296,54604.9029,-4029.2144,-3758.1325,21637.3354
51198.3186,23950.8748,50570.637,37369.6983,33274.0545,34763.6193,4499.4056,48467.6957,44103.2946,54602.8912,-4028.6779,-3757.596,21635.3685
51179.9455,23943.3646,50570.3241,37358.2989,33257.9613,34758.9254,4493.9965,48452.1836,44095.3374,54596.9009,-4043.1619,-3770.6047,21629.6911
51170.2448,23942.3364,50571.6652,37354.7673,33241.3316,34761.4735,4495.874,48439.2196,44088.2295,54597.3927,-4051.7002,-3778.4278,21629.3782
51180.3478,23943.5434,50570.4135,37363.1269,33250.8534,34769.8778,4499.0927,48448.5626,44094.3986,54601.5948,-4042.4019,-3766.1344,21632.731
51197.3798,23952.3947,50574.6156,37377.7002,33278.0778,34779.802,4505.1724,48471.4061,44109.9554,54610.4908,-4024.0735,-3746.6884,21639.3471
51205.0688,23955.6581,50573.9897,37386.9091,33283.934,34780.9196,4506.4688,48476.1447,44111.5201,54609.4626,-4023.1794,-3744.8108,21640.5988
51190.7637,23955.0769,50572.9616,37375.5097,33264.6668,34774.7505,4504.3677,48466.3099,44104.8145,54608.7474,-4034.3553,-3755.1373,21639.2577
51179.2302,23955.8369,50578.1025,37372.7828,33248.5735,34772.2471,4505.0383,48460.0514,44097.662,54608.5685,-4041.0608,-3764.8827,21640.107
51176.101,23953.8699,50575.912,37376.2697,33254.6532,34774.3481,4501.7302,48457.3692,44100.6571,54611.1166,-4036.054,-3759.6524,21638.453
51192.6413,23954.0488,50576.5826,37381.9917,33275.7533,34779.8914,4499.0033,48475.0718,44111.2965,54616.0787,-4020.8101,-3747.9401,21642.8787
51199.9279,23956.9098,50577.5213,37387.5797,33283.6658,34779.8467,4502.4455,48481.5538,44114.4258,54613.4412,-4014.5516,-3741.1898,21643.5045
51185.3993,23950.2937,50575.2414,37380.7847,33267.9302,34777.0751,4502.4902,48472.7472,44100.1207,54606.0205,-4030.5555,-3753.2598,21640.107
